2024-10-17 12:51:08.883,-0.0,0.0,0.0,-0.0,-0.0,0.0,0.0,-0.0,579.0,588.0,586.0,25.40182876586914,133.8964080810547,34.60519027709961,75.46844482421875,141.9141387939453,29.35108184814453,2.3130273818969727,148.638671875,60.42790985107422,126.9033432006836,149.39544677734375,20.24937629699707,176.36688232421875,155.6767120361328,10.655393600463867,225.79086303710938,160.5235137939453,-3.8207898139953613
2024-10-17 12:51:09.267,-0.0,0.0,0.0,0.9670329670329636,-0.0,0.0,0.0,0.7909604519774012,579.0,588.0,585.0,25.45884895324707,133.89822387695312,34.75310516357422,75.47565460205078,141.88082885742188,29.379060745239258,2.429436206817627,148.6106414794922,60.59412384033203,126.85450744628906,149.4140167236328,20.254833221435547,176.35214233398438,155.65354919433594,10.697763442993164,225.71214294433594,160.6031494140625,-3.682128429412842
2024-10-17 12:51:09.690,-0.0,0.0,0.0,1.8461538461538396,-0.0,0.0,0.0,1.4689265536723164,579.0,588.0,586.0,25.468490600585938,133.9250946044922,34.77370834350586,75.44625091552734,141.86891174316406,29.34177589416504,2.3551371097564697,148.68658447265625,60.515743255615234,126.81902313232422,149.40216064453125,20.279455184936523,176.36407470703125,155.62669372558594,10.678363800048828,225.84022521972656,160.86268615722656,-3.594789743423462
2024-10-17 12:51:10.084,-0.0,0.0,0.0,2.901098901098891,-0.0,0.0,0.0,1.4689265536723164,578.0,588.0,586.0,25.492488861083984,133.87979125976562,34.73855209350586,75.38663482666016,141.89051818847656,29.242387771606445,2.361666679382324,148.7222900390625,60.46635437011719,126.90029907226562,149.3898468017578,20.175867080688477,176.3204345703125,155.66294860839844,10.61361026763916,226.0226593017578,161.05712890625,-3.8143105506896973
2024-10-17 12:51:10.483,-0.0,0.0,0.0,3.8681318681318544,-0.0,0.0,0.0,0.7909604519774012,578.0,588.0,586.0,25.422876358032227,133.8871612548828,34.7224235534668,75.4272232055664,141.83377075195312,29.33192253112793,2.4224355220794678,148.61180114746094,60.61521911621094,126.91053771972656,149.35565185546875,20.0395450592041,176.35006713867188,155.73675537109375,10.62392520904541,225.93765258789062,161.38818359375,-3.646435022354126
2024-10-17 12:51:10.899,-0.0,0.0,0.0,4.835164835164818,-0.0,0.0,0.0,1.4689265536723164,578.0,588.0,586.0,25.422876358032227,133.8871612548828,34.7224235534668,75.31807708740234,141.81912231445312,29.25848388671875,2.361666679382324,148.7222900390625,60.46635437011719,126.93000030517578,149.29090881347656,19.92626190185547,176.34104919433594,155.76190185546875,10.612411499023438,226.03993225097656,161.556884765625,-3.320244312286377
2024-10-17 12:51:11.299,-0.0,0.0,0.0,5.890109890109898,-0.0,0.0,0.0,1.4689265536723164,579.0,588.0,586.0,25.387548446655273,133.88406372070312,34.76154327392578,75.34197235107422,141.8326873779297,29.20644760131836,2.435966730117798,148.64634704589844,60.54475402832031,126.8211441040039,149.21849060058594,19.9229736328125,176.3436737060547,155.78982543945312,10.582228660583496,226.1647491455078,161.70462036132812,-3.0688886642456055
2024-10-17 12:51:11.699,-0.0,0.0,0.0,6.857142857142861,-0.0,0.0,-0.7909604519774012,1.4689265536723164,579.0,588.0,586.0,25.422876358032227,133.8871612548828,34.7224235534668,75.36071014404297,141.80703735351562,29.20295524597168,2.392857074737549,148.5970916748047,60.55259323120117,126.76996612548828,149.19984436035156,19.90367317199707,176.37245178222656,155.80824279785156,10.525020599365234,226.15048217773438,161.96446228027344,-2.699406147003174
2024-10-17 12:51:12.115,-0.0,0.0,0.0,7.824175824175825,-0.0,0.0,0.0,1.4689265536723164,579.0,589.0,586.0,25.432518005371094,133.91404724121094,34.74302673339844,75.37633514404297,141.8047332763672,29.352092742919922,2.3130273818969727,148.638671875,60.42790985107422,126.58499145507812,149.21661376953125,19.565574645996094,176.38368225097656,155.83865356445312,10.480588912963867,226.25979614257812,162.22189331054688,-2.7803092002868652
2024-10-17 12:51:12.516,-0.0,0.0,0.0,8.879120879120876,-0.0,0.0,0.0,1.4689265536723164,579.0,589.0,586.0,25.387548446655273,133.88406372070312,34.76154327392578,75.27450561523438,141.76036071777344,29.1639347076416,2.434964656829834,148.64500427246094,60.64039993286133,126.65563201904297,149.1973114013672,19.537982940673828,176.37400817871094,155.83685302734375,10.385420799255371,226.32582092285156,162.4827880859375,-2.490290403366089
2024-10-17 12:51:12.915,-0.0,0.0,0.0,9.84615384615384,-0.0,0.0,0.0,1.4689265536723164,579.0,589.0,587.0,25.376665115356445,133.81210327148438,34.69596481323242,75.32947540283203,141.66812133789062,29.062015533447266,2.3619914054870605,148.6376953125,60.444427490234375,126.52767181396484,149.1964111328125,19.430387496948242,176.4167022705078,155.9209442138672,10.306705474853516,226.49188232421875,162.60125732421875,-2.336792230606079
2024-10-17 12:51:13.315,-0.0,0.0,0.0,10.90109890109889,-0.0,0.0,0.0,1.4689265536723164,578.0,589.0,587.0,25.371212005615234,133.86032104492188,34.66188049316406,75.17452239990234,141.67825317382812,28.98090171813965,2.392857074737549,148.5970916748047,60.55259323120117,126.51838684082031,149.10369873046875,19.288745880126953,176.3884735107422,155.84072875976562,10.242419242858887,226.47442626953125,162.66741943359375,-2.282728672027588
2024-10-17 12:51:13.732,-0.0,0.0,0.0,11.868131868131854,0.7909604519774012,0.0,0.0,1.4689265536723164,579.0,589.0,587.0,25.33588409423828,133.8572235107422,34.70100402832031,75.25335693359375,141.63829040527344,28.86834716796875,2.434964656829834,148.64500427246094,60.64039993286133,126.51838684082031,149.10369873046875,19.288745880126953,176.271728515625,155.903564453125,10.170994758605957,226.55349731445312,162.73988342285156,-1.864223599433899
2024-10-17 12:51:14.147,0.0879120879120876,0.0,0.0,12.835164835164818,-0.0,0.0,0.0,1.4689265536723164,579.0,590.0,587.0,25.33588409423828,133.8572235107422,34.70100402832031,75.11653900146484,141.57044982910156,28.827655792236328,2.392857074737549,148.5970916748047,60.55259323120117,126.49702453613281,148.973388671875,19.357501983642578,176.2607421875,155.93997192382812,10.131693840026855,226.59652709960938,162.8618621826172,-1.832619547843933
2024-10-17 12:51:14.564,-0.0,0.0,0.0,13.80219780219781,-0.0,0.0,-0.7909604519774012,1.4689265536723164,579.0,590.0,587.0,25.275388717651367,133.8457794189453,34.53719711303711,75.07991027832031,141.52426147460938,28.590576171875,2.392857074737549,148.5970916748047,60.55259323120117,126.29468536376953,149.09814453125,18.951900482177734,176.2841796875,156.0939483642578,9.854372024536133,226.70223999023438,163.1547393798828,-1.613342523574829
2024-10-17 12:51:14.976,-0.0,0.0,0.0,14.769230769230774,-0.0,0.0,0.0,1.4689265536723164,579.0,590.0,587.0,25.366046905517578,133.82916259765625,34.67060089111328,74.97966766357422,141.5123748779297,28.459863662719727,2.3130273818969727,148.638671875,60.42790985107422,126.29961395263672,149.09388732910156,18.814247131347656,176.20870971679688,156.08815002441406,9.857126235961914,226.7416534423828,163.35391235351562,-1.5732604265213013
2024-10-17 12:51:15.380,-0.0,0.0,0.0,15.736263736263737,-0.0,0.0,0.0,2.146892655367232,579.0,590.0,587.0,25.401376724243164,133.83226013183594,34.631473541259766,75.03167724609375,141.4486846923828,28.4542293548584,2.3551371097564697,148.68658447265625,60.515743255615234,126.23503875732422,149.15994262695312,18.540855407714844,176.2175750732422,156.14468383789062,9.915266990661621,226.98118591308594,163.5447998046875,-0.9878170490264893
2024-10-17 12:51:15.763,0.0879120879120876,0.0,0.0,16.79120879120879,0.7909604519774012,0.0,0.0,2.146892655367232,579.0,590.0,587.0,25.28206443786621,133.82464599609375,34.50370407104492,74.96662139892578,141.44923400878906,28.35773468017578,2.392857074737549,148.5970916748047,60.55259323120117,126.18640899658203,149.129150390625,18.356563568115234,176.29884338378906,156.31056213378906,9.75765323638916,226.88763427734375,163.71127319335938,-0.9039161205291748
2024-10-17 12:51:16.164,0.0879120879120876,0.0,0.0,17.758241758241752,-0.0,0.0,0.0,1.4689265536723164,579.0,590.0,587.0,25.233610153198242,133.8256378173828,34.48988342285156,74.97665405273438,141.52503967285156,28.227943420410156,2.4715445041656494,148.65855407714844,60.681915283203125,126.2049331665039,149.1863555908203,18.307945251464844,176.24517822265625,156.5436553955078,9.570148468017578,226.5975799560547,164.1999969482422,-0.8721699118614197
2024-10-17 12:51:16.563,0.0879120879120876,0.0,0.0,18.813186813186803,-0.0,0.0,0.0,1.4689265536723164,579.0,590.0,587.0,25.149002075195312,133.82586669921875,34.31976318359375,74.99055480957031,141.49197387695312,28.159767150878906,2.434964656829834,148.64500427246094,60.64039993286133,126.15235137939453,149.21743774414062,18.066190719604492,176.26931762695312,156.59420776367188,9.488765716552734,226.7838134765625,164.3942108154297,-0.5713788866996765
2024-10-17 12:51:16.979,-0.0,0.0,0.08791208791205918,19.780219780219767,0.7909604519774012,0.0,0.0,2.146892655367232,579.0,590.0,587.0,25.268938064575195,133.8287353515625,34.45074462890625,74.85848999023438,141.48956298828125,28.224973678588867,2.3130273818969727,148.638671875,60.42790985107422,126.07305145263672,149.1510467529297,17.98882484436035,176.20960998535156,156.620849609375,9.44910717010498,226.8309326171875,164.456298828125,-0.17733308672904968
2024-10-17 12:51:17.396,-0.0,0.0,-124.96703296703299,20.835164835164818,-0.6779661016949152,0.0,0.0,2.146892655367232,579.0,591.0,587.0,25.114107131958008,133.82135009765625,34.35669708251953,74.89105987548828,141.44989013671875,28.127578735351562,2.434964656829834,148.64500427246094,60.64039993286133,126.00869750976562,149.2808380126953,17.754989624023438,176.21902465820312,156.6671905517578,9.477849006652832,226.7769317626953,164.6683349609375,-0.05854352191090584
2024-10-17 12:51:17.779,9.362637362637372,0.0,0.0,21.80219780219781,-0.0,0.0,0.0,2.146892655367232,579.0,591.0,587.0,25.114107131958008,133.82135009765625,34.35669708251953,74.87288665771484,141.59994506835938,27.969829559326172,2.434964656829834,148.64500427246094,60.64039993286133,126.05685424804688,149.37159729003906,17.58496856689453,176.09255981445312,157.1083221435547,9.039128303527832,226.80844116210938,165.20191955566406,0.21856656670570374
2024-10-17 12:51:18.212,0.0879120879120876,0.0,0.08791208791205918,22.681318681318686,-0.0,0.0,0.6779661016949152,2.146892655367232,579.0,591.0,587.0,25.149002075195312,133.82586669921875,34.31976318359375,74.8005599975586,141.56362915039062,27.94752311706543,2.4418222904205322,148.5961151123047,60.56909942626953,126.11227416992188,149.40330505371094,17.50852394104004,176.0693359375,157.05343627929688,9.076269149780273,226.9774627685547,165.38153076171875,0.33006998896598816
2024-10-17 12:51:18.595,-0.0,0.0,0.0,23.736263736263737,-0.0,0.0,0.0,2.146892655367232,579.0,591.0,587.0,25.149002075195312,133.82586669921875,34.31976318359375,74.7763442993164,141.5295867919922,27.934904098510742,2.392857074737549,148.5970916748047,60.55259323120117,126.06874084472656,149.40185546875,17.499208450317383,176.064453125,157.11231994628906,9.016298294067383,227.09629821777344,165.5320587158203,0.7551462650299072
2024-10-17 12:51:18.996,-0.0,0.0,0.0,24.79120879120879,0.7909604519774012,0.0,0.0,2.146892655367232,579.0,591.0,588.0,25.149002075195312,133.82586669921875,34.31976318359375,74.83434295654297,141.72633361816406,27.78409194946289,2.472249746322632,148.64019775390625,60.6468391418457,126.03763580322266,149.6615753173828,17.480388641357422,176.041015625,157.66525268554688,8.956693649291992,227.07040405273438,166.4497833251953,0.7516580820083618
2024-10-17 12:51:19.412,0.0879120879120876,0.0,0.0,25.670329670329664,0.7909604519774012,0.0,-0.7909604519774012,2.146892655367232,579.0,591.0,587.0,25.177656173706055,133.85009765625,34.31412124633789,74.82009887695312,141.70413208007812,27.666858673095703,2.522804021835327,148.62950134277344,60.6326904296875,125.99114227294922,149.710693359375,17.28329849243164,176.04042053222656,158.03506469726562,8.866721153259277,227.2599334716797,166.82171630859375,0.7042224407196045
2024-10-17 12:51:19.812,0.0879120879120876,0.0,0.0,26.725274725274716,-0.0,0.0,0.0,2.824858757062147,579.0,591.0,588.0,25.178796768188477,133.8235626220703,34.28084182739258,74.77291870117188,141.77059936523438,27.586423873901367,2.4003396034240723,148.6400146484375,60.5418701171875,125.99761199951172,149.9557342529297,17.163068771362305,176.00338745117188,158.32058715820312,9.031411170959473,227.01002502441406,167.19500732421875,1.2373775243759155
2024-10-17 12:51:20.211,-0.0,0.0,0.0,27.69230769230768,0.7909604519774012,0.0,0.6779661016949152,2.824858757062147,579.0,591.0,588.0,25.149002075195312,133.82586669921875,34.31976318359375,74.77381896972656,141.7961883544922,27.546070098876953,2.4003396034240723,148.6400146484375,60.5418701171875,125.8864974975586,150.23175048828125,16.931480407714844,176.00115966796875,158.50840759277344,8.931086540222168,227.09793090820312,167.8248748779297,1.3586763143539429
2024-10-17 12:51:20.628,0.0879120879120876,0.0,0.0,28.571428571428555,-0.6779661016949152,0.0,0.0,2.824858757062147,579.0,592.0,588.0,25.130983352661133,133.77903747558594,34.259273529052734,74.76300048828125,141.8865509033203,27.41545867919922,2.5088305473327637,148.65374755859375,60.6883544921875,125.7587661743164,150.28970336914062,16.863147735595703,176.0366668701172,158.92083740234375,8.728119850158691,227.1206512451172,168.3001251220703,1.4197734594345093
2024-10-17 12:51:21.060,0.0879120879120876,0.0,0.0,29.80219780219781,-0.6779661016949152,0.0,0.0,2.146892655367232,579.0,592.0,588.0,25.107805252075195,133.80099487304688,34.27569580078125,74.76447296142578,141.92831420898438,27.341796875,2.392421007156372,148.68177795410156,60.522193908691406,125.83024597167969,150.44491577148438,16.717302322387695,175.77783203125,159.14857482910156,8.539178848266602,227.18484497070312,168.8938751220703,1.811246395111084
2024-10-17 12:51:21.428,0.0879120879120876,0.0,0.0,30.769230769230774,0.7909604519774012,0.0,0.0,2.146892655367232,580.0,592.0,588.0,25.17041778564453,133.824462890625,34.22795486450195,74.74462890625,141.89340209960938,27.363174438476562,2.4169063568115234,148.57745361328125,60.568939208984375,125.80555725097656,150.45999145507812,16.649686813354492,175.8802032470703,159.2789764404297,8.458013534545898,226.9959259033203,168.98011779785156,1.75139319896698
2024-10-17 12:51:21.876,-0.0,0.0,0.08791208791205918,31.736263736263737,-0.0,0.0,-0.7909604519774012,2.146892655367232,579.0,592.0,588.0,25.149002075195312,133.82586669921875,34.31976318359375,74.79500579833984,141.97723388671875,27.329683303833008,2.399597644805908,148.55551147460938,60.58135223388672,125.81527709960938,150.51246643066406,16.64922332763672,175.94204711914062,159.455078125,8.424687385559082,226.9807891845703,169.4319305419922,2.186896562576294
2024-10-17 12:51:22.244,-0.0,0.0,0.0,32.79120879120879,-0.6779661016949152,0.0,0.6779661016949152,2.146892655367232,580.0,592.0,588.0,25.137598037719727,133.79869079589844,34.23677062988281,74.7391128540039,141.98023986816406,27.14952278137207,2.4483537673950195,148.63182067871094,60.51972579956055,125.80697631835938,150.51104736328125,16.565698623657227,175.90245056152344,159.5413360595703,8.467950820922852,227.11143493652344,169.49302673339844,2.587801456451416
2024-10-17 12:51:22.688,0.0879120879120876,0.0,0.0,33.670329670329664,0.7909604519774012,0.0,-0.7909604519774012,2.824858757062147,580.0,592.0,588.0,25.137598037719727,133.79869079589844,34.23677062988281,74.71520233154297,141.96664428710938,27.201698303222656,2.4840214252471924,148.5853271484375,60.56834411621094,125.73346710205078,150.63897705078125,16.359153747558594,175.71893310546875,159.7511444091797,8.474035263061523,227.1200408935547,169.8936767578125,2.81967830657959
2024-10-17 12:51:23.092,9.362637362637372,0.0,0.0,34.725274725274716,-0.6779661016949152,0.0,0.0,2.824858757062147,580.0,593.0,588.0,25.137598037719727,133.79869079589844,34.23677062988281,74.77586364746094,141.98538208007812,27.26490592956543,2.392857074737549,148.5970916748047,60.55259323120117,125.81922149658203,150.7247772216797,16.504852294921875,175.9888153076172,159.90469360351562,9.025275230407715,227.24961853027344,170.29261779785156,3.979184150695801
2024-10-17 12:51:23.588,0.0879120879120876,0.0,0.08791208791205918,35.60439560439559,-0.6779661016949152,0.0,0.0,2.824858757062147,580.0,593.0,588.0,25.137598037719727,133.79869079589844,34.23677062988281,74.66820526123047,141.98709106445312,27.205188751220703,2.4822561740875244,148.56996154785156,60.63469696044922,125.8618392944336,150.80758666992188,16.57517433166504,175.86953735351562,159.99192810058594,9.124556541442871,227.07705688476562,170.3188934326172,4.211526393890381
2024-10-17 12:51:23.988,-0.0,0.0,0.0,36.65934065934064,0.7909604519774012,0.0,0.6779661016949152,2.824858757062147,580.0,593.0,588.0,25.107805252075195,133.80099487304688,34.27569580078125,74.77586364746094,141.98538208007812,27.26490592956543,2.4840214252471924,148.5853271484375,60.56834411621094,125.82920837402344,150.8598175048828,16.641265869140625,175.8399200439453,160.15797424316406,9.742130279541016,227.16453552246094,170.624755859375,5.367295265197754
2024-10-17 12:51:24.372,0.0879120879120876,0.0,0.0,37.71428571428572,-0.0,0.0,0.6779661016949152,3.615819209039548,580.0,593.0,589.0,25.137598037719727,133.79869079589844,34.23677062988281,74.66082000732422,142.05589294433594,27.228212356567383,2.509533405303955,148.6353759765625,60.65329360961914,125.82147216796875,150.93478393554688,16.89629364013672,176.05157470703125,160.35498046875,10.208024978637695,227.19406127929688,170.9808349609375,6.1748504638671875
2024-10-17 12:51:24.788,0.0879120879120876,0.0,0.0,38.681318681318686,-0.0,0.0,0.6779661016949152,2.824858757062147,580.0,593.0,588.0,25.137598037719727,133.79869079589844,34.23677062988281,74.68659210205078,142.10084533691406,27.429378509521484,2.3981175422668457,148.55819702148438,60.45476150512695,125.72575378417969,150.96200561523438,17.062728881835938,176.07460021972656,160.48672485351562,10.351834297180176,227.1842041015625,171.28688049316406,7.2879228591918945
2024-10-17 12:51:25.188,0.0879120879120876,0.0,0.0,39.64835164835165,-0.0,0.0,0.6779661016949152,2.824858757062147,580.0,593.0,589.0,25.137598037719727,133.79869079589844,34.23677062988281,74.72948455810547,142.12831115722656,27.412744522094727,2.511927843093872,148.52598571777344,60.6087532043457,125.81349182128906,150.9822540283203,17.328357696533203,176.08404541015625,160.67674255371094,10.93212604522705,227.2582244873047,171.6479949951172,8.265144348144531
2024-10-17 12:51:25.604,0.0879120879120876,0.0,0.0,40.7032967032967,0.7909604519774012,0.0,0.0,2.824858757062147,580.0,593.0,588.0,25.149002075195312,133.82586669921875,34.31976318359375,74.7612533569336,142.10662841796875,27.473041534423828,2.4342129230499268,148.5850830078125,60.54966735839844,125.87761688232422,151.06605529785156,17.756017684936523,176.19166564941406,160.80177307128906,11.672398567199707,227.4994659423828,171.8900604248047,9.198565483093262
2024-10-17 12:51:26.004,0.0879120879120876,0.0,0.0,41.670329670329664,-0.0,0.0,-0.7909604519774012,2.824858757062147,580.0,594.0,589.0,25.137598037719727,133.79869079589844,34.23677062988281,74.6958236694336,142.10791015625,27.523902893066406,2.4418222904205322,148.5961151123047,60.56909942626953,125.87287902832031,151.1818084716797,17.985620498657227,176.1464080810547,160.96975708007812,12.090219497680664,227.6068878173828,172.0552978515625,10.53484058380127
2024-10-17 12:51:26.404,0.0879120879120876,0.0,-124.96703296703299,42.725274725274716,-0.6779661016949152,0.0,0.6779661016949152,2.824858757062147,580.0,594.0,589.0,25.107805252075195,133.80099487304688,34.27569580078125,74.71397399902344,142.18792724609375,27.667518615722656,2.4418222904205322,148.5961151123047,60.56909942626953,125.89591217041016,151.2715606689453,18.09015655517578,176.28089904785156,161.057373046875,12.993440628051758,227.73863220214844,172.46163940429688,11.800505638122559
2024-10-17 12:51:26.820,0.0879120879120876,0.0,0.08791208791205918,43.60439560439559,-0.0,0.0,0.0,3.615819209039548,580.0,594.0,589.0,25.137598037719727,133.79869079589844,34.23677062988281,74.71417999267578,142.1680450439453,27.615449905395508,2.471492052078247,148.55213928222656,60.543155670166016,125.9521713256836,151.31178283691406,18.189157485961914,176.39346313476562,161.20758056640625,13.50872802734375,227.70741271972656,172.62399291992188,12.475886344909668
2024-10-17 12:51:27.220,-0.0,0.0,0.0,44.65934065934064,-0.0,0.0,0.0,2.824858757062147,580.0,594.0,589.0,25.149002075195312,133.82586669921875,34.31976318359375,74.72232818603516,142.196044921875,27.748416900634766,2.392857074737549,148.5970916748047,60.55259323120117,125.99422454833984,151.3813018798828,18.945518493652344,176.38136291503906,161.40272521972656,14.14522933959961,227.59368896484375,172.90687561035156,13.418424606323242
2024-10-17 12:51:27.620,0.0879120879120876,0.0,0.0,45.626373626373606,0.7909604519774012,0.0,-0.7909604519774012,3.615819209039548,580.0,594.0,589.0,25.136459350585938,133.82521057128906,34.27006149291992,74.72232818603516,142.196044921875,27.748416900634766,2.4662535190582275,148.6427001953125,60.57229232788086,126.0957260131836,151.5498809814453,19.02165985107422,176.4378662109375,161.43841552734375,14.746127128601074,227.7396240234375,173.07347106933594,14.565728187561035
2024-10-17 12:51:28.052,0.0879120879120876,0.0,0.08791208791205918,46.681318681318686,-0.6779661016949152,0.0,0.0,3.615819209039548,580.0,594.0,589.0,25.114107131958008,133.82135009765625,34.35669708251953,74.72232818603516,142.196044921875,27.748416900634766,2.4840214252471924,148.5853271484375,60.56834411621094,126.09931945800781,151.55078125,19.177885055541992,176.48037719726562,161.5571746826172,15.326398849487305,227.76307678222656,173.19407653808594,15.647314071655273
2024-10-17 12:51:28.436,0.0879120879120876,0.0,0.0,47.64835164835165,-0.0,0.0,0.0,2.824858757062147,580.0,594.0,589.0,25.149002075195312,133.82586669921875,34.31976318359375,74.69960021972656,142.20803833007812,27.77236557006836,2.500986337661743,148.611083984375,60.428794860839844,126.16065216064453,151.63848876953125,19.486309051513672,176.42507934570312,161.7643585205078,15.69334888458252,227.90147399902344,173.5423583984375,16.683372497558594
2024-10-17 12:51:28.852,0.0879120879120876,0.0,0.0,48.61538461538461,-0.0,0.0,-0.7909604519774012,2.824858757062147,581.0,594.0,589.0,25.20538902282715,133.8000030517578,34.49331283569336,74.71617889404297,142.25839233398438,27.914508819580078,2.4724061489105225,148.6121826171875,60.53607177734375,126.2508544921875,151.58554077148438,19.82782745361328,176.55569458007812,161.8518524169922,16.61170768737793,228.03692626953125,173.8190155029297,17.858793258666992
2024-10-17 12:51:29.252,0.0879120879120876,0.0,0.0,49.670329670329664,-0.6779661016949152,0.0,0.0,2.824858757062147,580.0,595.0,589.0,25.149002075195312,133.82586669921875,34.31976318359375,74.83575439453125,142.26182556152344,28.08945655822754,2.471492052078247,148.55213928222656,60.543155670166016,126.3208999633789,151.6206817626953,20.052507400512695,176.6684112548828,162.0172576904297,16.999446868896484,227.93421936035156,174.01283264160156,18.687089920043945
2024-10-17 12:51:29.652,0.0879120879120876,0.0,0.0,50.725274725274716,0.7909604519774012,0.0,-0.7909604519774012,3.615819209039548,580.0,595.0,589.0,25.114107131958008,133.82135009765625,34.35669708251953,74.87501525878906,142.25144958496094,28.338796615600586,2.455517053604126,148.5944061279297,60.587886810302734,126.17172241210938,151.74681091308594,20.426250457763672,176.64512634277344,162.1173095703125,17.644760131835938,227.89825439453125,174.15335083007812,20.024574279785156
2024-10-17 12:51:30.068,0.0879120879120876,0.0,0.08791208791205918,51.60439560439559,-0.0,0.0,0.0,2.824858757062147,581.0,595.0,589.0,25.142330169677734,133.84698486328125,34.353267669677734,74.88029479980469,142.28492736816406,28.470529556274414,2.478402853012085,148.6096649169922,60.610626220703125,126.2114028930664,151.81948852539062,20.631216049194336,176.70498657226562,162.26898193359375,18.199363708496094,227.7880096435547,174.28904724121094,20.939029693603516
2024-10-17 12:51:30.480,0.0879120879120876,0.0,0.0,52.48351648351647,0.7909604519774012,0.0,-0.7909604519774012,3.615819209039548,581.0,595.0,589.0,25.114107131958008,133.82135009765625,34.35669708251953,74.84593200683594,142.34527587890625,28.43451499938965,2.380326747894287,148.5638885498047,60.527400970458984,126.34325408935547,151.85044860839844,20.915456771850586,176.71273803710938,162.40234375,18.83840560913086,227.83840942382812,174.46255493164062,22.1373348236084
2024-10-17 12:51:30.884,0.0879120879120876,0.0,0.0,53.71428571428572,-0.0,0.0,-0.7909604519774012,3.615819209039548,581.0,595.0,590.0,25.114107131958008,133.82135009765625,34.35669708251953,74.89435577392578,142.27452087402344,28.590106964111328,2.4234371185302734,148.61314392089844,60.51956558227539,126.40577697753906,151.84109497070312,21.13068199157715,176.58432006835938,162.3867645263672,19.269094467163086,227.8757781982422,174.71578979492188,23.0550594329834
2024-10-17 12:51:31.268,0.0879120879120876,0.0,0.0,54.681318681318686,-0.0,0.0,0.0,2.824858757062147,581.0,595.0,589.0,25.107805252075195,133.80099487304688,34.27569580078125,74.89435577392578,142.27452087402344,28.590106964111328,2.436033010482788,148.52133178710938,60.57266616821289,126.40506744384766,151.9530487060547,21.378694534301758,176.78848266601562,162.51318359375,19.924070358276367,227.8682861328125,174.8483428955078,24.212169647216797
2024-10-17 12:51:31.684,0.0879120879120876,0.0,0.0,55.56043956043956,-0.0,0.0,0.0,3.615819209039548,580.0,595.0,590.0,25.149002075195312,133.82586669921875,34.31976318359375,74.83588409423828,142.34136962890625,28.710773468017578,2.368485689163208,148.6058349609375,60.466861724853516,126.3322525024414,152.08135986328125,21.649517059326172,176.7213592529297,162.72988891601562,20.513517379760742,227.75704956054688,175.11947631835938,25.204294204711914
2024-10-17 12:51:32.084,0.0879120879120876,0.0,0.08791208791205918,56.7032967032967,-0.6779661016949152,0.0,0.0,2.824858757062147,581.0,595.0,589.0,25.149002075195312,133.82586669921875,34.31976318359375,74.76264953613281,142.3649444580078,28.78366470336914,2.4418222904205322,148.5961151123047,60.56909942626953,126.48612976074219,152.15139770507812,22.19820785522461,176.84140014648438,162.92221069335938,21.467994689941406,227.7980194091797,175.46609497070312,26.51543617248535
2024-10-17 12:51:32.500,0.0879120879120876,0.0,0.0,57.670329670329664,-0.0,0.0,0.6779661016949152,2.824858757062147,581.0,596.0,589.0,25.114107131958008,133.82135009765625,34.35669708251953,74.74241638183594,142.34388732910156,28.83757781982422,2.47625994682312,148.5724639892578,60.56014633178711,126.5299072265625,152.2259979248047,22.486265182495117,176.89947509765625,162.93348693847656,22.123191833496094,227.63433837890625,175.6004638671875,27.56005859375
2024-10-17 12:51:32.900,0.0879120879120876,0.0,-124.96703296703299,58.725274725274716,-0.0,0.0,0.0,2.824858757062147,581.0,595.0,590.0,25.114107131958008,133.82135009765625,34.35669708251953,74.79086303710938,142.3428955078125,28.8570499420166,2.459721088409424,148.60699462890625,60.62166213989258,126.54183197021484,152.3237762451172,22.60152816772461,176.86094665527344,163.13038635253906,22.636943817138672,227.67990112304688,175.8685760498047,28.82110595703125
2024-10-17 12:51:33.333,0.0879120879120876,0.0,0.0,59.60439560439559,-0.6779661016949152,0.0,0.0,-0.0,581.0,595.0,589.0,25.118844985961914,133.8539276123047,34.350181579589844,74.85110473632812,142.40196228027344,29.148452758789062,2.4418222904205322,148.5961151123047,60.56909942626953,126.57228088378906,152.4203643798828,23.1763916015625,176.9864501953125,163.31661987304688,23.170183181762695,227.60629272460938,175.9796142578125,29.88187026977539
2024-10-17 12:51:33.828,0.0879120879120876,0.0,0.0,60.65934065934064,0.7909604519774012,0.0,0.6779661016949152,3.615819209039548,581.0,596.0,590.0,25.212905883789062,133.8409881591797,34.48280715942383,74.87611389160156,142.4727325439453,29.148639678955078,2.429292678833008,148.5629119873047,60.54391098022461,126.53632354736328,152.4560546875,23.257532119750977,176.80860900878906,163.5313720703125,23.905437469482422,227.58953857421875,176.29934692382812,30.982654571533203
2024-10-17 12:51:34.212,0.0879120879120876,0.0,0.0,61.626373626373606,-0.0,0.0,0.6779661016949152,2.824858757062147,581.0,596.0,590.0,25.22719383239746,133.83253479003906,34.5986213684082,74.94026184082031,142.45367431640625,29.253320693969727,2.4707932472229004,148.59864807128906,60.59119415283203,126.54782104492188,152.47816467285156,23.744037628173828,177.09178161621094,163.55628967285156,24.751758575439453,227.52166748046875,176.4881134033203,32.271217346191406
2024-10-17 12:51:34.628,0.0879120879120876,0.0,0.0,62.5934065934066,-0.0,0.0,0.0,3.615819209039548,580.0,595.0,590.0,25.114107131958008,133.82135009765625,34.35669708251953,74.90959167480469,142.53453063964844,29.472917556762695,2.4840214252471924,148.5853271484375,60.56834411621094,126.58102416992188,152.58985900878906,24.029571533203125,176.89181518554688,163.795654296875,25.31342887878418,227.37234497070312,176.75213623046875,33.225460052490234
2024-10-17 12:51:35.028,0.0879120879120876,0.0,0.0,63.64835164835165,-0.6779661016949152,0.0,0.0,2.824858757062147,581.0,596.0,590.0,25.175230026245117,133.82806396484375,34.52372360229492,74.90006256103516,142.54727172851562,29.64937400817871,2.521144151687622,148.60015869140625,60.629905700683594,126.62403869628906,152.5843048095703,24.62506103515625,176.9809112548828,163.92401123046875,25.930240631103516,227.29718017578125,176.95790100097656,34.55625915527344
2024-10-17 12:51:35.428,0.0879120879120876,0.0,0.08791208791205918,64.61538461538461,-0.0,0.0,0.0,3.615819209039548,581.0,596.0,589.0,25.333642959594727,133.8520965576172,34.6142578125,74.92770385742188,142.56573486328125,29.839771270751953,2.429292678833008,148.5629119873047,60.54391098022461,126.67378997802734,152.70550537109375,24.86655616760254,176.9002685546875,164.09323120117188,26.874528884887695,227.0607147216797,177.1447296142578,35.81110382080078
2024-10-17 12:51:35.829,-0.0,0.0,0.0,65.58241758241758,-0.0,0.0,0.6779661016949152,2.824858757062147,581.0,596.0,590.0,25.25067710876465,133.8256072998047,34.60170364379883,74.89586639404297,142.5941162109375,29.869386672973633,2.5249502658843994,148.52560424804688,60.58629608154297,126.73277282714844,152.81890869140625,25.12877655029297,176.83154296875,164.25900268554688,27.518400192260742,227.0415802001953,177.47088623046875,36.87424087524414
2024-10-17 12:51:36.247,0.0879120879120876,0.0,0.0,66.63736263736263,-0.0,0.0,0.6779661016949152,3.615819209039548,581.0,596.0,590.0,25.188196182250977,133.82081604003906,34.54732131958008,74.9226303100586,142.6282501220703,29.891183853149414,2.433290481567383,148.57093811035156,60.61819839477539,126.7401351928711,152.9404754638672,25.446353912353516,176.85800170898438,164.22850036621094,28.24269676208496,226.91290283203125,177.662353515625,37.9952278137207
2024-10-17 12:51:36.644,-0.0,0.0,0.0,67.5164835164835,-0.0,0.0,0.0,3.615819209039548,581.0,596.0,590.0,25.2750301361084,133.88070678710938,34.7918701171875,74.89320373535156,142.664306640625,30.00308609008789,2.4169063568115234,148.57745361328125,60.568939208984375,126.79730987548828,152.9130401611328,25.80238151550293,176.85128784179688,164.51974487304688,28.763427734375,226.90040588378906,177.81509399414062,39.19101333618164
2024-10-17 12:51:37.044,-0.0,0.0,0.0,68.57142857142856,-0.6779661016949152,0.0,0.0,3.615819209039548,581.0,596.0,590.0,25.2829532623291,133.81143188476562,34.7689208984375,74.862548828125,142.7044677734375,30.085912704467773,2.4215316772460938,148.56671142578125,60.51728820800781,126.71871948242188,153.09934997558594,26.21707534790039,176.73095703125,164.50930786132812,29.430908203125,226.63890075683594,178.04702758789062,40.10255432128906
2024-10-17 12:51:37.461,-0.0,0.0,0.0,69.6263736263736,-0.0,0.0,0.0,3.615819209039548,581.0,596.0,590.0,25.192296981811523,133.82803344726562,34.635536193847656,74.99613952636719,142.75250244140625,30.25823402404785,2.380326747894287,148.5638885498047,60.527400970458984,126.62430572509766,153.1414031982422,26.462528228759766,176.8512725830078,164.76222229003906,30.211517333984375,226.52191162109375,178.26661682128906,41.55352020263672
2024-10-17 12:51:37.877,0.0879120879120876,0.0,0.0,21.670329670329664,-0.6779661016949152,0.0,0.0,3.615819209039548,581.0,596.0,590.0,25.2750301361084,133.88070678710938,34.7918701171875,74.99890899658203,142.71656799316406,30.351612091064453,2.3543813228607178,148.6266632080078,60.42498779296875,126.81367492675781,153.1908416748047,26.901416778564453,176.64334106445312,164.86648559570312,30.702102661132812,226.41587829589844,178.4994659423828,42.70327377319336
2024-10-17 12:51:38.261,0.0879120879120876,0.0,0.0,71.47252747252747,-0.0,0.0,0.0,3.615819209039548,581.0,596.0,590.0,25.216777801513672,133.8743896484375,34.714839935302734,74.97820281982422,142.6980743408203,30.40357208251953,2.436033010482788,148.52133178710938,60.57266616821289,126.83229064941406,153.18817138671875,27.009925842285156,176.82794189453125,164.94725036621094,31.466781616210938,226.27386474609375,178.7493133544922,43.62592315673828
2024-10-17 12:51:38.693,0.0879120879120876,0.0,0.0,72.61538461538461,-0.0,0.0,0.0,3.615819209039548,581.0,597.0,590.0,25.307432174682617,133.85777282714844,34.84819030761719,74.9811019897461,142.6956787109375,30.466928482055664,2.4628686904907227,148.5856475830078,60.680809020996094,126.79115295410156,153.2481689453125,27.429481506347656,176.69448852539062,165.09535217285156,32.360294342041016,226.08642578125,178.9418182373047,44.958412170410156
2024-10-17 12:51:39.077,0.0879120879120876,0.0,0.08791208791205918,73.58241758241758,-0.0,0.0,0.0,3.615819209039548,581.0,597.0,590.0,25.2829532623291,133.81143188476562,34.7689208984375,74.96011352539062,142.65869140625,30.548095703125,2.433290481567383,148.57093811035156,60.61819839477539,126.89154815673828,153.28622436523438,27.893190383911133,176.6868896484375,165.21180725097656,32.82440185546875,226.06187438964844,179.04788208007812,45.911067962646484
2024-10-17 12:51:39.493,-0.0,0.0,0.0,74.54945054945054,-0.0,0.0,0.0,4.293785310734464,581.0,597.0,590.0,25.18252182006836,133.89523315429688,34.657039642333984,74.96011352539062,142.65869140625,30.548095703125,2.380326747894287,148.5638885498047,60.527400970458984,126.84115600585938,153.3008575439453,28.20273780822754,176.62005615234375,165.40948486328125,33.394107818603516,225.88978576660156,179.25668334960938,46.83279800415039
2024-10-17 12:51:39.893,-0.0,0.0,0.0,75.60439560439559,-0.0,0.0,-0.7909604519774012,3.615819209039548,581.0,597.0,590.0,25.216777801513672,133.8743896484375,34.714839935302734,74.99039459228516,142.7416534423828,30.976598739624023,2.387068033218384,148.52230834960938,60.55615997314453,126.8223648071289,153.52191162109375,28.538612365722656,176.60031127929688,165.51942443847656,34.22138595581055,225.6332244873047,179.4770050048828,48.2587890625
2024-10-17 12:51:40.293,-0.0,0.0,0.0,76.48351648351648,0.7909604519774012,0.0,0.0,4.293785310734464,581.0,597.0,590.0,25.307432174682617,133.85777282714844,34.84819030761719,74.9718246459961,142.75634765625,31.220714569091797,2.380326747894287,148.5638885498047,60.527400970458984,126.84378051757812,153.5877227783203,28.70771026611328,176.53196716308594,165.62461853027344,34.738182067871094,225.5293426513672,179.7099151611328,49.45256042480469
2024-10-17 12:51:40.709,-0.0,0.0,0.0,77.62637362637362,-0.6779661016949152,0.0,0.0,3.615819209039548,581.0,597.0,590.0,25.307432174682617,133.85777282714844,34.84819030761719,74.9847183227539,142.81732177734375,31.231229782104492,2.3639793395996094,148.55252075195312,60.46316146850586,126.72203063964844,153.7442626953125,28.928564071655273,176.54420471191406,165.8758087158203,35.496639251708984,225.39271545410156,179.9376220703125,50.591827392578125
2024-10-17 12:51:41.160,0.0879120879120876,0.0,0.0,78.59340659340658,-0.6779661016949152,0.0,0.6779661016949152,3.615819209039548,581.0,598.0,590.0,25.335651397705078,133.88340759277344,34.84475326538086,75.01380157470703,142.84271240234375,31.260982513427734,2.3868212699890137,148.5320281982422,60.549827575683594,126.84422302246094,153.76097106933594,29.774091720581055,176.46714782714844,165.9845733642578,36.498634338378906,225.17123413085938,180.04632568359375,52.005008697509766
2024-10-17 12:51:41.525,0.0879120879120876,0.0,0.0,79.56043956043955,-0.0,0.0,0.0,3.615819209039548,582.0,597.0,590.0,25.307432174682617,133.85777282714844,34.84819030761719,75.0810775756836,142.84942626953125,31.43808937072754,2.436033010482788,148.52133178710938,60.57266616821289,126.86775207519531,153.75401306152344,29.89368438720703,176.3983612060547,165.9857177734375,36.86164855957031,224.87864685058594,180.32289123535156,52.82298278808594
2024-10-17 12:51:41.925,0.0879120879120876,-267.38461538461536,0.0,80.52747252747253,-0.6779661016949152,0.0,0.0,3.615819209039548,581.0,597.0,591.0,25.335651397705078,133.88340759277344,34.84475326538086,75.0561294555664,142.91790771484375,31.54782485961914,2.5206031799316406,148.59889221191406,60.609867095947266,126.78697967529297,153.8502960205078,30.219301223754883,176.33526611328125,166.1744842529297,37.865821838378906,224.71890258789062,180.43971252441406,54.15427017211914
2024-10-17 12:51:42.324,0.0879120879120876,0.0,0.08791208791205918,81.49450549450549,-0.0,0.0,0.0,4.293785310734464,582.0,598.0,591.0,25.307432174682617,133.85777282714844,34.84819030761719,74.97557067871094,142.89089965820312,31.57920265197754,2.3788647651672363,148.51390075683594,60.54941940307617,126.80300903320312,153.86427307128906,30.461030960083008,176.41427612304688,166.23013305664062,38.071678161621094,224.397216796875,180.4879150390625,54.69923400878906
2024-10-17 12:51:42.741,0.0879120879120876,0.0,0.08791208791205918,82.63736263736263,-0.0,0.0,0.0,3.615819209039548,581.0,598.0,591.0,25.307432174682617,133.85777282714844,34.84819030761719,75.0350112915039,142.9033966064453,31.596303939819336,2.380326747894287,148.5638885498047,60.527400970458984,126.81356811523438,153.9071502685547,30.91823959350586,176.1813201904297,166.348388671875,38.82286834716797,224.24583435058594,180.71902465820312,55.96941375732422
2024-10-17 12:51:43.157,0.0879120879120876,0.0,0.0,83.60439560439559,-0.0,0.0,0.0,3.615819209039548,582.0,598.0,590.0,25.335651397705078,133.88340759277344,34.84475326538086,74.94674682617188,142.93365478515625,31.728506088256836,2.429292678833008,148.5629119873047,60.54391098022461,126.83826446533203,153.94290161132812,31.057802200317383,176.14674377441406,166.43556213378906,39.283851623535156,224.02035522460938,180.79713439941406,56.87683868408203
2024-10-17 12:51:43.541,0.0879120879120876,0.0,0.0,84.57142857142857,-0.6779661016949152,0.0,-0.7909604519774012,4.293785310734464,582.0,598.0,591.0,25.335651397705078,133.88340759277344,34.84475326538086,75.00914764404297,142.87120056152344,31.808147430419922,2.39139461517334,148.54710388183594,60.57461166381836,126.86360931396484,154.03182983398438,31.22797203063965,176.11691284179688,166.57691955566406,39.928714752197266,223.7522430419922,181.0857696533203,57.767478942871094
2024-10-17 12:51:43.973,0.0879120879120876,0.0,0.0,85.62637362637362,-0.0,0.0,0.6779661016949152,3.615819209039548,582.0,598.0,591.0,25.307432174682617,133.85777282714844,34.84819030761719,74.99004364013672,142.9120635986328,31.846105575561523,2.3619914054870605,148.6376953125,60.444427490234375,126.87432861328125,154.0404510498047,31.740310668945312,176.00241088867188,166.62008666992188,40.58443832397461,223.6167449951172,181.15335083007812,58.88788986206055
2024-10-17 12:51:44.357,0.0879120879120876,0.0,0.08791208791205918,86.59340659340658,-0.0,0.0,0.0,3.615819209039548,582.0,598.0,591.0,25.335651397705078,133.88340759277344,34.84475326538086,74.94756317138672,142.90557861328125,31.920347213745117,2.392857074737549,148.5970916748047,60.55259323120117,126.83767700195312,154.07447814941406,32.2127571105957,175.9207763671875,166.7050323486328,41.1480827331543,223.40855407714844,181.29061889648438,59.82320022583008
2024-10-17 12:51:44.757,0.0879120879120876,0.0,0.0,87.56043956043955,-0.0,0.0,0.0,3.615819209039548,582.0,598.0,591.0,25.307432174682617,133.85777282714844,34.84819030761719,74.9598159790039,142.91622924804688,32.160099029541016,2.4398207664489746,148.60662841796875,60.56883239746094,126.82532501220703,154.1627655029297,32.44390106201172,175.8291778564453,166.8795166015625,41.98443603515625,223.17227172851562,181.63526916503906,61.134521484375
2024-10-17 12:51:45.190,0.0879120879120876,0.0,0.0,88.52747252747253,-0.0,0.0,0.0,4.293785310734464,582.0,598.0,591.0,25.335651397705078,133.88340759277344,34.84475326538086,74.97589874267578,142.86708068847656,32.242225646972656,2.380326747894287,148.5638885498047,60.527400970458984,126.8536376953125,154.20066833496094,32.758453369140625,175.7874298095703,167.03756713867188,42.59169387817383,222.85816955566406,181.7577667236328,62.096797943115234
2024-10-17 12:51:45.590,0.0879120879120876,0.0,0.0,89.49450549450549,-0.0,0.0,0.0,4.293785310734464,582.0,598.0,591.0,25.311887741088867,133.82223510742188,34.872432708740234,74.8800277709961,142.85562133789062,32.3726692199707,2.4169063568115234,148.57745361328125,60.568939208984375,126.8131332397461,154.25413513183594,33.036102294921875,175.6643524169922,167.11476135253906,43.109947204589844,222.7296905517578,181.8944091796875,63.4182243347168
2024-10-17 12:51:46.005,-0.0,0.0,0.0,90.54945054945054,-0.0,0.0,-0.7909604519774012,4.971751412429379,582.0,598.0,591.0,25.216777801513672,133.8743896484375,34.714839935302734,74.96846008300781,143.00103759765625,32.59642791748047,2.380326747894287,148.5638885498047,60.527400970458984,126.8358154296875,154.34979248046875,33.59370803833008,175.6947784423828,167.21087646484375,43.84066390991211,222.253662109375,182.14450073242188,64.23861694335938
2024-10-17 12:51:46.390,0.0879120879120876,-267.38461538461536,0.0,91.5164835164835,-0.0,0.0,0.0,4.293785310734464,582.0,598.0,591.0,25.340106964111328,133.84786987304688,34.868995666503906,74.93781280517578,143.0508270263672,32.76398468017578,2.429436206817627,148.6106414794922,60.59412384033203,126.88815307617188,154.49429321289062,33.8577995300293,175.47447204589844,167.33131408691406,44.53777313232422,222.06039428710938,182.3641357421875,65.57523345947266
2024-10-17 12:51:46.789,0.0879120879120876,0.0,0.0,92.48351648351648,-0.0,0.0,0.0,4.293785310734464,582.0,598.0,591.0,25.311887741088867,133.82223510742188,34.872432708740234,74.92633056640625,143.02757263183594,32.806087493896484,2.3788647651672363,148.51390075683594,60.54941940307617,126.88755798339844,154.49456787109375,33.95245361328125,175.35665893554688,167.46224975585938,44.93098068237305,221.7877655029297,182.4865264892578,66.26068115234375
2024-10-17 12:51:47.189,0.0879120879120876,0.0,0.0,93.53846153846153,-0.0,0.0,0.0,4.293785310734464,582.0,598.0,591.0,25.340106964111328,133.84786987304688,34.868995666503906,75.01551818847656,143.10830688476562,32.99931716918945,2.433290481567383,148.57093811035156,60.61819839477539,126.7712173461914,154.6204376220703,34.51089096069336,175.2469482421875,167.68548583984375,45.88037872314453,221.46768188476562,182.76812744140625,67.54361724853516
2024-10-17 12:51:47.605,0.0879120879120876,0.0,0.0,94.59340659340658,-0.0,0.0,0.0,4.293785310734464,582.0,599.0,591.0,25.282726287841797,133.83761596679688,34.912662506103516,75.01551818847656,143.10830688476562,32.99931716918945,2.387068033218384,148.52230834960938,60.55615997314453,126.81652069091797,154.6720428466797,34.886024475097656,175.24954223632812,167.649169921875,46.469669342041016,221.2345428466797,182.8361053466797,68.32612609863281
2024-10-17 12:51:48.021,-0.0,0.0,0.0,95.47252747252746,-0.0,0.0,-0.7909604519774012,4.293785310734464,582.0,599.0,591.0,25.311887741088867,133.82223510742188,34.872432708740234,75.01551818847656,143.10830688476562,32.99931716918945,2.3788647651672363,148.51390075683594,60.54941940307617,126.7829818725586,154.65945434570312,35.11824035644531,175.100830078125,167.86209106445312,47.2028923034668,220.99757385253906,183.0382537841797,69.48310089111328
2024-10-17 12:51:48.406,0.0879120879120876,0.0,0.08791208791205918,96.52747252747253,-0.0,0.0,0.0,4.293785310734464,582.0,599.0,591.0,25.32550811767578,133.85092163085938,34.89036560058594,75.10558319091797,143.0933837890625,33.13981246948242,2.399597644805908,148.55551147460938,60.58135223388672,126.7483901977539,154.7718505859375,35.33256149291992,175.0376434326172,167.95870971679688,47.64596176147461,220.61497497558594,183.12158203125,70.60243225097656
2024-10-17 12:51:48.821,0.0879120879120876,0.0,0.08791208791205918,97.49450549450549,-0.0,0.0,0.0,-0.0,582.0,599.0,591.0,25.29634666442871,133.86630249023438,34.93059539794922,75.01546478271484,143.11477661132812,33.21675109863281,2.30049467086792,148.60546875,60.4027099609375,126.72574615478516,154.8531036376953,35.931663513183594,174.8415985107422,168.16319274902344,48.3778076171875,220.2674102783203,183.34475708007812,71.59941864013672
2024-10-17 12:51:49.222,0.0879120879120876,0.0,0.08791208791205918,98.54945054945054,-0.0,0.0,0.0,4.293785310734464,582.0,598.0,591.0,25.311887741088867,133.82223510742188,34.872432708740234,75.0748519897461,143.0884552001953,33.31791687011719,2.380326747894287,148.5638885498047,60.527400970458984,126.68438720703125,154.88218688964844,36.27281188964844,174.76565551757812,168.17771911621094,48.95297622680664,219.90872192382812,183.44956970214844,72.53581237792969
2024-10-17 12:51:49.637,0.0879120879120876,0.0,0.0,99.5164835164835,-0.0,0.0,0.0,3.615819209039548,582.0,599.0,591.0,25.315399169921875,133.8277130126953,34.93346405029297,75.0798110961914,143.13006591796875,33.36595916748047,2.4418222904205322,148.5961151123047,60.56909942626953,126.5923080444336,154.97325134277344,36.47909164428711,174.68373107910156,168.29318237304688,49.76970291137695,219.63018798828125,183.55532836914062,73.62908935546875
2024-10-17 12:51:50.053,0.0879120879120876,0.0,0.0,100.48351648351648,-0.0,0.0,0.0,4.293785310734464,582.0,599.0,591.0,25.348291397094727,133.91229248046875,34.86412048339844,74.94287872314453,143.12091064453125,33.59295654296875,2.429292678833008,148.5629119873047,60.54391098022461,126.59178161621094,155.0562286376953,36.76923751831055,174.62220764160156,168.41668701171875,50.06468200683594,219.52459716796875,183.90260314941406,74.60800170898438
2024-10-17 12:51:50.439,0.0879120879120876,0.0,0.0,101.53846153846153,0.7909604519774012,0.0,-0.7909604519774012,4.293785310734464,582.0,599.0,591.0,25.328039169311523,133.85658264160156,34.95283126831055,74.93634033203125,143.12437438964844,33.727867126464844,2.429292678833008,148.5629119873047,60.54391098022461,126.57415771484375,155.00762939453125,37.20991897583008,174.4446258544922,168.59716796875,50.885292053222656,218.96617126464844,184.04261779785156,75.52196502685547
2024-10-17 12:51:50.853,-0.0,0.0,0.0,102.5054945054945,-0.0,-0.0,0.0,4.293785310734464,582.0,599.0,591.0,25.287181854248047,133.8020782470703,34.93689727783203,74.94872283935547,143.18092346191406,33.82294464111328,2.504256248474121,148.54360961914062,60.7091064453125,126.676513671875,155.09861755371094,37.58475875854492,174.3779296875,168.72898864746094,51.648468017578125,218.57870483398438,184.1105194091797,76.4778823852539
2024-10-17 12:51:51.253,0.0879120879120876,0.0,0.0,103.47252747252746,-0.0,0.0,0.0,4.293785310734464,582.0,599.0,591.0,25.315399169921875,133.8277130126953,34.93346405029297,74.94969940185547,143.1994171142578,33.78907775878906,2.380326747894287,148.5638885498047,60.527400970458984,126.66983795166016,155.15814208984375,37.80305862426758,174.16665649414062,168.71688842773438,52.21704864501953,218.4036407470703,184.33108520507812,77.49702453613281
2024-10-17 12:51:51.669,0.0879120879120876,0.0,0.0,104.43956043956044,-0.0,0.0,0.0,4.293785310734464,582.0,599.0,591.0,25.352745056152344,133.87673950195312,34.888362884521484,75.06291961669922,143.29302978515625,34.02553939819336,2.4425265789031982,148.48948669433594,60.5950813293457,126.4896240234375,155.252197265625,38.10941696166992,174.10281372070312,168.9910888671875,52.65913391113281,218.11062622070312,184.49485778808594,78.5304946899414
2024-10-17 12:51:52.070,0.0879120879120876,0.0,0.0,105.49450549450549,-0.0,0.0,0.6779661016949152,4.293785310734464,582.0,599.0,591.0,25.287181854248047,133.8020782470703,34.93689727783203,75.0123519897461,143.2740478515625,34.09954833984375,2.387068033218384,148.52230834960938,60.55615997314453,126.47430419921875,155.2675323486328,38.20109558105469,173.901123046875,169.0038299560547,53.26511001586914,217.5553741455078,184.66712951660156,79.44255828857422
2024-10-17 12:51:52.471,0.0879120879120876,0.0,0.0,106.54945054945054,-0.0,0.0,0.0,4.293785310734464,582.0,599.0,591.0,25.30080223083496,133.8307647705078,34.954830169677734,75.04033660888672,143.3731231689453,34.387210845947266,2.327547073364258,148.58670043945312,60.47184371948242,126.5315933227539,155.38720703125,38.93537139892578,173.68927001953125,169.1421661376953,54.07438659667969,217.1804962158203,184.74388122558594,80.75414276123047
2024-10-17 12:51:52.869,0.0879120879120876,0.0,0.08791208791205918,107.5164835164835,-0.0,-0.0,0.0,4.293785310734464,582.0,599.0,592.0,25.36339569091797,133.86544799804688,34.97997283935547,74.99185943603516,143.3910369873047,34.393653869628906,2.3868212699890137,148.5320281982422,60.549827575683594,126.51386260986328,155.46173095703125,39.037044525146484,173.67698669433594,169.1979522705078,54.84223175048828,216.8435516357422,184.91062927246094,81.56373596191406
2024-10-17 12:51:53.285,0.0879120879120876,-267.38461538461536,0.0,108.48351648351648,-0.0,0.0,0.0,4.293785310734464,582.0,599.0,591.0,25.29796600341797,133.8701171875,35.088104248046875,75.01044464111328,143.3685302734375,34.43267059326172,2.387068033218384,148.52230834960938,60.55615997314453,126.38831329345703,155.4737548828125,39.39470672607422,173.50311279296875,169.2682342529297,55.25239562988281,216.55239868164062,185.0297393798828,82.5296859741211
2024-10-17 12:51:53.702,0.0879120879120876,0.0,0.0,109.53846153846153,-0.0,0.0,0.0,4.293785310734464,582.0,600.0,591.0,25.28532600402832,133.84124755859375,35.06874465942383,74.96141815185547,143.39894104003906,34.50870132446289,2.387068033218384,148.52230834960938,60.55615997314453,126.40066528320312,155.49761962890625,39.61702346801758,173.32081604003906,169.38165283203125,56.12282943725586,216.177734375,184.9503173828125,83.62242889404297
2024-10-17 12:51:54.086,0.0879120879120876,0.0,0.0,110.5054945054945,-0.0,0.0,0.0,4.293785310734464,582.0,599.0,591.0,25.262609481811523,133.8612518310547,35.06096649169922,74.97917175292969,143.3844757080078,34.61083221435547,2.392857074737549,148.5970916748047,60.55259323120117,126.48035430908203,155.52377319335938,40.020240783691406,173.21542358398438,169.36630249023438,56.55870819091797,215.7723388671875,185.0517120361328,84.40164184570312
2024-10-17 12:51:54.502,0.0879120879120876,0.0,0.0,111.47252747252746,-0.0,0.0,0.6779661016949152,4.293785310734464,582.0,600.0,591.0,25.235370635986328,133.83543395996094,35.062965393066406,74.97917175292969,143.3844757080078,34.61083221435547,2.290761947631836,148.5496368408203,60.41666030883789,126.43095397949219,155.62547302246094,40.515968322753906,173.10121154785156,169.52850341796875,57.34745407104492,215.4244842529297,185.2909393310547,85.31498718261719
2024-10-17 12:51:54.925,0.0879120879120876,0.0,0.08791208791205918,112.52747252747253,-0.0,0.0,0.0,4.971751412429379,582.0,600.0,591.0,25.29796600341797,133.8701171875,35.088104248046875,74.99596405029297,143.3858184814453,34.857913970947266,2.380326747894287,148.5638885498047,60.527400970458984,126.31136322021484,155.73464965820312,40.81684494018555,172.89956665039062,169.63287353515625,57.86735534667969,215.0796661376953,185.49476623535156,86.46314239501953
2024-10-17 12:51:55.318,0.0879120879120876,0.0,0.0,113.49450549450549,-0.0,0.0,0.0,4.293785310734464,582.0,600.0,591.0,25.262609481811523,133.8612518310547,35.06096649169922,74.92706298828125,143.31845092773438,35.0362663269043,2.3696541786193848,148.63461303710938,60.55967712402344,126.19380187988281,155.61669921875,40.97013854980469,172.7613067626953,169.6591339111328,58.32590866088867,214.61276245117188,185.43572998046875,87.31114959716797
2024-10-17 12:51:55.717,0.0879120879120876,0.0,0.0,114.46153846153845,-0.0,0.0,0.0,4.293785310734464,582.0,600.0,591.0,25.29796600341797,133.8701171875,35.088104248046875,74.97241973876953,143.4034881591797,35.1497688293457,2.30049467086792,148.60546875,60.4027099609375,126.18769836425781,155.64541625976562,41.35563278198242,172.65321350097656,169.6615753173828,59.100685119628906,214.2331085205078,185.4722442626953,88.6014633178711
2024-10-17 12:51:56.118,0.0879120879120876,0.0,0.0,115.42857142857142,-0.0,0.0,0.0,4.971751412429379,582.0,599.0,591.0,25.262609481811523,133.8612518310547,35.06096649169922,74.93905639648438,143.38970947265625,35.28312301635742,2.30049467086792,148.60546875,60.4027099609375,126.1733627319336,155.79052734375,41.85178756713867,172.4337921142578,169.8053436279297,59.72040557861328,213.81585693359375,185.51544189453125,89.27632904052734
2024-10-17 12:51:56.518,0.0879120879120876,0.0,0.0,116.48351648351648,-0.0,0.0,0.0,4.293785310734464,583.0,600.0,592.0,25.29796600341797,133.8701171875,35.088104248046875,75.0394058227539,143.43927001953125,35.459747314453125,2.3862500190734863,148.47296142578125,60.5787239074707,126.11172485351562,155.82289123535156,42.0880126953125,172.28855895996094,169.85006713867188,60.208946228027344,213.49485778808594,185.55514526367188,90.46199035644531
2024-10-17 12:51:56.934,0.0879120879120876,0.0,0.0,117.53846153846153,-0.0,0.0,0.0,4.971751412429379,582.0,599.0,591.0,25.262609481811523,133.8612518310547,35.06096649169922,74.95889282226562,143.3617706298828,35.562652587890625,2.3639793395996094,148.55252075195312,60.46316146850586,126.09237670898438,155.84193420410156,42.43853759765625,172.1195831298828,169.88909912109375,61.220489501953125,212.95352172851562,185.72134399414062,91.40279388427734
2024-10-17 12:51:57.350,0.0879120879120876,0.0,0.08791208791205918,118.5054945054945,-0.0,0.0,0.0,4.293785310734464,583.0,600.0,592.0,25.262609481811523,133.8612518310547,35.06096649169922,74.9139633178711,143.37193298339844,35.69127655029297,2.429292678833008,148.5629119873047,60.54391098022461,126.04669189453125,155.80857849121094,42.91122055053711,172.01119995117188,169.86582946777344,61.49437713623047,212.6320037841797,185.79708862304688,92.5045166015625
2024-10-17 12:51:57.734,0.0879120879120876,0.0,0.0,119.47252747252746,-0.0,0.0,0.0,4.293785310734464,582.0,600.0,591.0,25.270727157592773,133.84429931640625,35.09010314941406,74.93397521972656,143.4112548828125,35.76575469970703,2.306990146636963,148.5736083984375,60.42514419555664,125.97925567626953,155.81912231445312,43.406558990478516,171.7806854248047,170.07586669921875,62.47169494628906,212.04220581054688,185.81748962402344,93.52088928222656
2024-10-17 12:51:58.150,0.0879120879120876,0.0,0.0,120.43956043956044,-0.0,0.0,0.0,4.971751412429379,582.0,601.0,592.0,25.262609481811523,133.8612518310547,35.06096649169922,74.93415832519531,143.475341796875,35.86362075805664,2.380326747894287,148.5638885498047,60.527400970458984,125.98731231689453,155.92405700683594,43.57474899291992,171.54994201660156,170.081787109375,62.96491622924805,211.67320251464844,185.99520874023438,94.41213989257812
2024-10-17 12:51:58.550,0.0879120879120876,0.0,0.0,121.49450549450549,-0.0,0.0,0.0,4.293785310734464,583.0,600.0,592.0,25.348134994506836,133.84124755859375,35.18898010253906,74.92192840576172,143.4984893798828,35.95777130126953,2.3639793395996094,148.55252075195312,60.46316146850586,125.9399185180664,155.9673614501953,43.96318054199219,171.30010986328125,170.14805603027344,63.886566162109375,211.1190643310547,185.98574829101562,95.46708679199219
2024-10-17 12:51:58.986,0.0879120879120876,0.0,0.08791208791205918,122.37362637362637,-0.0,0.0,0.0,5.649717514124294,583.0,600.0,592.0,25.30598258972168,133.8988494873047,35.11289978027344,74.9061050415039,143.51637268066406,36.27681350708008,2.3150155544281006,148.55349731445312,60.4466438293457,125.83836364746094,156.08644104003906,44.376007080078125,171.18751525878906,170.39718627929688,64.60560607910156,210.50869750976562,186.2840118408203,96.50946044921875
2024-10-17 12:51:59.398,0.0879120879120876,0.0,0.0,123.42857142857142,-0.0,0.0,0.0,4.971751412429379,583.0,601.0,592.0,25.26363754272461,133.85235595703125,35.108375549316406,74.92063903808594,143.54620361328125,36.41825485229492,2.380326747894287,148.5638885498047,60.527400970458984,125.74742126464844,155.99021911621094,44.75362777709961,171.03387451171875,170.25384521484375,65.25072479248047,210.16404724121094,186.2705535888672,97.68679809570312
2024-10-17 12:51:59.766,0.0879120879120876,0.0,0.0,124.3076923076923,-0.0,0.0,0.0,4.971751412429379,583.0,601.0,592.0,25.29796600341797,133.8701171875,35.088104248046875,74.92063903808594,143.54620361328125,36.41825485229492,2.30049467086792,148.60546875,60.4027099609375,125.76045989990234,155.9530487060547,45.19758224487305,170.653564453125,170.25201416015625,65.94556427001953,209.7125701904297,186.08717346191406,98.77824401855469
2024-10-17 12:52:00.165,0.0879120879120876,0.0,0.08791208791205918,125.45054945054945,-0.0,0.0,0.0,5.649717514124294,583.0,601.0,592.0,25.30598258972168,133.8988494873047,35.11289978027344,74.8597640991211,143.49520874023438,36.5594596862793,2.380326747894287,148.5638885498047,60.527400970458984,125.6782455444336,156.12266540527344,45.704368591308594,170.40611267089844,170.42970275878906,67.03742218017578,208.9911346435547,186.28582763671875,100.15123748779297
2024-10-17 12:52:00.582,0.0879120879120876,0.0,0.0,126.41758241758241,-0.0,0.0,0.0,4.971751412429379,583.0,601.0,592.0,25.349163055419922,133.8323516845703,35.23637008666992,74.93494415283203,143.5353240966797,36.69215393066406,2.380326747894287,148.5638885498047,60.527400970458984,125.56289672851562,156.189453125,46.13956069946289,170.17140197753906,170.56056213378906,67.68435668945312,208.27792358398438,186.50860595703125,101.16160583496094
2024-10-17 12:52:00.982,0.0879120879120876,0.0,0.0,127.29670329670328,-0.0,0.0,0.0,5.649717514124294,583.0,601.0,592.0,25.349163055419922,133.8323516845703,35.23637008666992,74.91067504882812,143.5786895751953,36.897132873535156,2.30049467086792,148.60546875,60.4027099609375,125.51860046386719,156.16392517089844,46.46129608154297,170.15696716308594,170.67889404296875,68.35185241699219,207.85977172851562,186.57913208007812,102.33362579345703
2024-10-17 12:52:01.398,0.0879120879120876,0.0,0.0,128.35164835164835,-0.0,0.0,0.0,4.971751412429379,583.0,601.0,592.0,25.316787719726562,133.85777282714844,35.2945556640625,74.9184341430664,143.55775451660156,37.075523376464844,2.3619914054870605,148.6376953125,60.444427490234375,125.32235717773438,156.2224578857422,46.82182693481445,169.66368103027344,170.6057891845703,69.0511703491211,207.25364685058594,186.49851989746094,103.6357421875
2024-10-17 12:52:01.798,0.0879120879120876,0.0,0.0,129.3186813186813,-0.0,0.0,0.0,5.649717514124294,583.0,601.0,592.0,25.31339454650879,133.835205078125,35.27158737182617,74.91905975341797,143.6474609375,37.03013610839844,2.30049467086792,148.60546875,60.4027099609375,125.34983825683594,156.26077270507812,47.0909309387207,169.47073364257812,170.6544647216797,69.7564468383789,206.73268127441406,186.65504455566406,104.39448547363281
2024-10-17 12:52:02.198,0.0879120879120876,0.0,0.0,130.28571428571428,-0.0,0.0,0.6779661016949152,-0.6779661016949152,583.0,601.0,592.0,25.336997985839844,133.85845947265625,35.27088928222656,74.91865539550781,143.63926696777344,37.1253662109375,2.387068033218384,148.52230834960938,60.55615997314453,125.2079086303711,156.4288330078125,47.46495056152344,169.14889526367188,170.781005859375,70.62249755859375,206.07240295410156,186.7530975341797,105.65518188476562
2024-10-17 12:52:02.614,0.0879120879120876,0.0,0.0,131.25274725274724,-0.0,0.0,0.0,5.649717514124294,583.0,602.0,593.0,25.342205047607422,133.88409423828125,35.295352935791016,74.90204620361328,143.59133911132812,37.17483139038086,2.30049467086792,148.60546875,60.4027099609375,125.20507049560547,156.3471221923828,47.7527961730957,169.10733032226562,170.79830932617188,70.91234588623047,205.65493774414062,186.79490661621094,106.18376922607422
2024-10-17 12:52:03.014,0.0879120879120876,0.0,0.0,132.30769230769232,-0.0,0.0,0.0,5.649717514124294,583.0,602.0,593.0,25.26363754272461,133.85235595703125,35.108375549316406,74.77399444580078,143.58157348632812,37.38786697387695,2.3788647651672363,148.51390075683594,60.54941940307617,125.26408386230469,156.24050903320312,48.23661804199219,168.7794189453125,170.73126220703125,71.63825988769531,205.1068878173828,186.73561096191406,107.35749816894531
2024-10-17 12:52:03.414,0.0879120879120876,0.0,0.0,133.36263736263737,-0.0,0.0,0.0,5.649717514124294,583.0,602.0,593.0,25.35625457763672,133.8242950439453,35.21810531616211,74.76438903808594,143.68460083007812,37.55696105957031,2.387068033218384,148.52230834960938,60.55615997314453,125.12901306152344,156.37147521972656,48.76030731201172,168.54591369628906,170.8579864501953,72.6163101196289,204.34292602539062,186.85324096679688,108.66268920898438
2024-10-17 12:52:03.830,0.0879120879120876,0.0,0.0,134.24175824175825,-0.0,0.0,0.0,6.440677966101695,583.0,602.0,593.0,25.39150619506836,133.8788299560547,35.24088668823242,74.84414672851562,143.7017059326172,37.7957878112793,2.429292678833008,148.5629119873047,60.54391098022461,125.06868743896484,156.39329528808594,48.96993637084961,168.15716552734375,170.8477325439453,73.3149185180664,203.80084228515625,186.88735961914062,109.56292724609375
2024-10-17 12:52:04.230,0.0879120879120876,0.0,0.0,135.20879120879118,-0.0,0.0,0.0,6.440677966101695,583.0,602.0,593.0,25.342205047607422,133.88409423828125,35.295352935791016,74.84075927734375,143.72886657714844,37.886653900146484,2.290761947631836,148.5496368408203,60.41666030883789,125.02323150634766,156.46499633789062,49.37653732299805,167.9332733154297,170.93130493164062,73.79094696044922,203.31942749023438,186.90054321289062,110.66590118408203
2024-10-17 12:52:04.647,0.0879120879120876,0.0,0.0,136.35164835164835,-0.0,0.0,0.0,6.440677966101695,584.0,602.0,593.0,25.34408950805664,133.85040283203125,35.25262451171875,74.80985260009766,143.7319793701172,38.07498550415039,2.30049467086792,148.60546875,60.4027099609375,124.86848449707031,156.5178680419922,49.94845962524414,167.7693328857422,171.0717010498047,74.90087127685547,202.51837158203125,186.98123168945312,111.78028869628906
2024-10-17 12:52:05.047,0.0879120879120876,0.0,0.0,137.14285714285714,-0.0,0.0,0.0,7.11864406779661,584.0,602.0,593.0,25.38349151611328,133.85011291503906,35.216102600097656,74.82968139648438,143.71278381347656,38.06319808959961,2.213533878326416,148.6924591064453,60.12205123901367,124.7304916381836,156.54937744140625,50.11613464355469,168.1222686767578,171.4312286376953,74.08875274658203,201.74928283691406,187.05421447753906,113.02848052978516
2024-10-17 12:52:05.467,0.0879120879120876,0.0,0.0,138.1978021978022,-0.0,0.0,0.0,7.11864406779661,584.0,602.0,592.0,25.245031356811523,133.88076782226562,35.07034683227539,74.83906555175781,143.79537963867188,37.99766159057617,2.323831081390381,148.5686798095703,59.870670318603516,124.51615142822266,156.61538696289062,50.4853401184082,167.66943359375,171.64588928222656,74.85736846923828
2024-10-17 12:52:05.862,0.0879120879120876,0.0,0.0,139.16483516483515,-0.0,0.0,0.0,7.11864406779661,584.0,602.0,593.0,25.246057510375977,133.87185668945312,35.11775588989258,74.72777557373047,143.805908203125,38.2331657409668,2.280470848083496,148.6634063720703,60.00320053100586,124.58197784423828,156.8038787841797,50.98871994018555,167.29283142089844,171.6847686767578,75.67549133300781
2024-10-17 12:52:06.262,0.0879120879120876,0.0,0.0,140.2197802197802,-0.0,0.0,0.0,6.440677966101695,584.0,603.0,593.0,25.27593421936035,133.92515563964844,35.07324981689453,74.69896697998047,143.7655792236328,38.32002639770508,2.213533878326416,148.6924591064453,60.12205123901367,124.3613510131836,156.66966247558594,51.55347442626953,166.97625732421875,171.63485717773438,76.8458480834961
2024-10-17 12:52:06.678,0.0879120879120876,0.0,0.0,141.27472527472526,-0.0,0.0,0.0,6.440677966101695,584.0,602.0,593.0,25.270626068115234,133.88998413085938,35.08576583862305,74.73542785644531,143.76068115234375,38.550533294677734,2.213533878326416,148.6924591064453,60.12205123901367,124.38495635986328,156.72921752929688,51.91896438598633,166.46751403808594,171.73776245117188,77.77046203613281,198.86724853515625,187.40176391601562,117.39672088623047
2024-10-17 12:52:07.108,0.0879120879120876,0.0,0.0,142.15384615384613,-0.0,0.0,0.0,7.11864406779661,584.0,602.0,593.0,25.2938175201416,133.92495727539062,35.14742660522461,74.64092254638672,143.78005981445312,38.69463348388672,2.219691276550293,148.63983154296875,60.23934555053711,124.15665435791016,156.6862030029297,52.41625213623047,166.15602111816406,171.8135223388672,78.63941955566406,198.22232055664062,187.39505004882812,118.72962188720703
2024-10-17 12:52:07.494,0.0879120879120876,0.0,0.0,143.2087912087912,-0.0,0.0,0.0,-0.0,584.0,603.0,593.0,25.3469295501709,133.9417724609375,35.358924865722656,74.64552307128906,143.83094787597656,38.84538650512695,2.190579891204834,148.66920471191406,60.18708801269531,124.11315155029297,156.98719787597656,52.88522720336914,165.66612243652344,172.0814208984375,79.6011734008789,197.4013214111328,187.603759765625,119.86690521240234
2024-10-17 12:52:07.879,0.0879120879120876,0.0,0.0,144.0879120879121,-0.0,0.0,0.0,7.11864406779661,584.0,603.0,593.0,25.280925750732422,133.8841552734375,35.401268005371094,74.6904525756836,143.802734375,39.43979263305664,2.307023286819458,148.64117431640625,60.35331344604492,123.92025756835938,156.9288787841797,53.57011413574219,165.1559600830078,171.85409545898438,80.51296997070312,196.67251586914062,187.4176483154297,120.8727035522461
2024-10-17 12:52:08.326,0.0879120879120876,0.0,0.0,145.14285714285714,-0.0,0.0,0.0,-0.0,584.0,603.0,593.0,25.31806182861328,133.90499877929688,35.38132858276367,74.68084716796875,143.85650634765625,39.495906829833984,2.184053421020508,148.6334991455078,60.23650360107422,123.82359313964844,156.90631103515625,53.79518127441406,164.8970947265625,172.0225830078125,81.44232940673828,196.0079345703125,187.69325256347656,121.74022674560547
2024-10-17 12:52:08.806,0.0879120879120876,0.0,0.0,146.1978021978022,-0.0,0.0,0.0,7.796610169491525,584.0,603.0,593.0,25.280925750732422,133.8841552734375,35.401268005371094,74.61549377441406,143.792236328125,39.54579162597656,2.219691276550293,148.63983154296875,60.23934555053711,123.71493530273438,157.0026397705078,54.112396240234375,164.34359741210938,172.1042938232422,82.31744384765625,195.0440216064453,187.8558349609375,122.96825408935547
2024-10-17 12:52:09.206,0.0879120879120876,0.0,0.0,147.07692307692307,-0.0,0.0,0.0,7.796610169491525,584.0,603.0,593.0,25.280925750732422,133.8841552734375,35.401268005371094,74.68449401855469,143.79055786132812,39.64786911010742,2.2551796436309814,148.6962890625,60.19953155517578,123.61297607421875,156.98208618164062,54.49018859863281,163.88619995117188,171.91575622558594,83.19732666015625,194.4776153564453,187.60850524902344,124.02851104736328
2024-10-17 12:52:09.607,0.0879120879120876,0.0,0.0,148.13186813186812,-0.0,0.0,0.0,7.11864406779661,584.0,603.0,593.0,25.37933921813965,133.9049530029297,35.27540588378906,74.64381408691406,143.8614501953125,39.75956726074219,2.242645740509033,148.6630859375,60.174320220947266,123.61356353759766,157.21922302246094,55.0023078918457,163.5277862548828,172.09783935546875,84.41856384277344,193.8153839111328,187.5736846923828,125.13915252685547
2024-10-17 12:52:10.023,0.0879120879120876,0.0,0.0,149.27472527472526,-0.0,0.0,0.0,7.11864406779661,584.0,603.0,594.0,25.254776000976562,133.92124938964844,35.477516174316406,74.64762878417969,144.02719116210938,40.027156829833984,2.3195557594299316,148.67437744140625,60.37851333618164,123.38567352294922,157.48826599121094,55.65277099609375,162.8592987060547,172.63755798339844,85.41722106933594,192.60186767578125,188.50454711914062,126.43305206298828
2024-10-17 12:52:10.423,0.0879120879120876,0.0,0.0,150.15384615384616,-0.0,0.0,0.0,7.11864406779661,584.0,603.0,593.0,25.2856502532959,133.9418182373047,35.46482849121094,74.62355041503906,143.97198486328125,40.049964904785156,2.190579891204834,148.66920471191406,60.18708801269531,123.2258529663086,157.63555908203125,56.00689697265625,162.37448120117188,172.81214904785156,86.33907318115234,191.93661499023438,188.57200622558594,127.25774383544922
2024-10-17 12:52:10.823,0.0879120879120876,0.0,0.0,151.12087912087912,-0.0,0.0,0.0,7.796610169491525,584.0,603.0,594.0,25.2856502532959,133.9418182373047,35.46482849121094,74.612060546875,144.0831756591797,40.26129150390625,2.190579891204834,148.66920471191406,60.18708801269531,123.13639068603516,157.63275146484375,56.55739212036133,162.0067901611328,172.86312866210938,87.0012435913086,191.13536071777344,188.73385620117188,128.33885192871094
2024-10-17 12:52:11.223,0.0879120879120876,0.0,0.0,152.17582417582418,-0.0,0.0,0.0,7.11864406779661,584.0,604.0,594.0,25.254776000976562,133.92124938964844,35.477516174316406,74.60028076171875,144.03634643554688,40.310611724853516,2.307023286819458,148.64117431640625,60.35331344604492,123.1006088256836,157.55816650390625,56.78193664550781,161.5463104248047,172.8164825439453,87.71910858154297,190.44815063476562,188.72032165527344,129.21742248535156
2024-10-17 12:52:11.639,0.0879120879120876,0.0,0.0,153.05494505494505,-0.0,0.0,0.0,7.11864406779661,584.0,603.0,594.0,25.2856502532959,133.9418182373047,35.46482849121094,74.64790344238281,144.0977783203125,40.32914733886719,2.2271740436553955,148.68276977539062,60.228614807128906,123.01080322265625,157.58323669433594,56.970829010009766,161.32362365722656,172.8855438232422,88.50180053710938,189.9517059326172,188.78970336914062,129.8531036376953
2024-10-17 12:52:12.055,0.0879120879120876,0.0,0.0,154.1098901098901,-0.0,0.0,0.0,7.796610169491525,584.0,604.0,594.0,25.254776000976562,133.92124938964844,35.477516174316406,74.45296478271484,144.13177490234375,40.541114807128906,2.190579891204834,148.66920471191406,60.18708801269531,122.90492248535156,157.70791625976562,57.599586486816406,160.98056030273438,172.97447204589844,88.97394561767578,189.3636016845703,188.6648712158203,130.70933532714844
2024-10-17 12:52:12.439,0.0879120879120876,0.0,0.0,155.07692307692307,-0.0,0.0,0.0,7.796610169491525,584.0,603.0,594.0,25.25876808166504,133.92410278320312,35.530433654785156,74.5001220703125,144.11672973632812,40.67917251586914,2.219691276550293,148.63983154296875,60.23934555053711,122.8748779296875,157.77178955078125,57.9273796081543,160.3485565185547,173.02845764160156,89.80071258544922,188.4051971435547,188.94769287109375,131.84274291992188
2024-10-17 12:52:12.871,0.0879120879120876,0.0,-124.96703296703299,156.04395604395603,-0.0,0.0,0.0,7.796610169491525,584.0,603.0,594.0,25.20538902282715,133.88095092773438,35.60637664794922,74.5400161743164,144.12583923339844,40.71016311645508,2.190579891204834,148.66920471191406,60.18708801269531,160.9729461669922,173.30404663085938,89.40620422363281,187.93186950683594,189.37765502929688,132.21836853027344,122.69257354736328,157.86363220214844,58.21321487426758
2024-10-17 12:52:13.383,0.0879120879120876,0.0,0.0,157.18681318681317,-0.0,0.0,0.0,7.11864406779661,584.0,604.0,594.0,25.20538902282715,133.88095092773438,35.60637664794922,74.47767639160156,144.19308471679688,41.147727966308594,2.190579891204834,148.66920471191406,60.18708801269531,160.3865203857422,173.48504638671875,90.08003997802734,186.42088317871094,189.1829376220703,134.52642822265625,122.40718841552734,158.00350952148438,58.79602813720703
2024-10-17 12:52:13.863,0.0879120879120876,0.0,0.0,158.06593406593404,-0.0,0.0,0.0,7.796610169491525,584.0,604.0,594.0,25.227893829345703,133.9035186767578,35.54311752319336,74.48566436767578,144.14431762695312,41.297428131103516,2.2271740436553955,148.68276977539062,60.228614807128906,160.27435302734375,173.508056640625,90.67595672607422,185.9239501953125,189.28160095214844,134.9914093017578,122.31902313232422,157.99969482421875,58.94187927246094
2024-10-17 12:52:14.295,0.0879120879120876,0.0,0.0,159.2087912087912,-0.0,0.0,0.0,7.796610169491525,584.0,604.0,594.0,25.25876808166504,133.92410278320312,35.530433654785156,74.48489379882812,144.13819885253906,41.40407180786133,2.219691276550293,148.63983154296875,60.23934555053711,159.54147338867188,173.22195434570312,91.81796264648438,185.0177001953125,188.8758087158203,136.0892333984375,122.17377471923828,157.83352661132812,59.682186126708984
2024-10-17 12:52:14.711,0.0879120879120876,0.0,0.0,160.0879120879121,-0.0,0.0,0.0,7.796610169491525,584.0,604.0,594.0,25.22690200805664,133.87423706054688,35.576412200927734,74.46482849121094,144.11724853515625,41.45718765258789,2.184053421020508,148.6334991455078,60.23650360107422,159.25927734375,173.14488220214844,92.32222747802734,184.46983337402344,188.8418426513672,137.01788330078125,121.9951400756836,157.8263702392578,60.01399612426758
2024-10-17 12:52:15.079,0.0879120879120876,0.0,0.0,160.96703296703296,-0.0,0.0,0.0,8.474576271186441,584.0,604.0,594.0,25.236265182495117,133.9015350341797,35.59369659423828,74.44408416748047,144.21841430664062,41.51587677001953,2.190579891204834,148.66920471191406,60.18708801269531,158.82130432128906,173.22988891601562,93.02886199951172,183.8038330078125,188.80178833007812,137.68319702148438,121.91622924804688,157.91114807128906,60.35007095336914
2024-10-17 12:52:15.496,0.0879120879120876,0.0,0.08791208791205918,162.02197802197801,-0.0,0.0,0.0,7.796610169491525,584.0,604.0,594.0,25.205585479736328,133.85128784179688,35.638031005859375,74.22493743896484,144.1437530517578,41.73179626464844,2.190579891204834,148.66920471191406,60.18708801269531,158.34585571289062,173.16612243652344,94.14588165283203,182.9326629638672,188.65948486328125,138.93603515625,121.75527954101562,157.92747497558594,60.83291244506836
2024-10-17 12:52:15.896,0.0879120879120876,0.0,0.0,162.98901098901098,-0.0,0.0,0.0,8.474576271186441,584.0,604.0,594.0,25.187824249267578,133.87632751464844,35.66873550415039,74.23609924316406,144.15087890625,41.78665542602539,2.184053421020508,148.6334991455078,60.23650360107422,158.0986785888672,173.3433380126953,94.6859359741211,182.2803497314453,188.78518676757812,139.56527709960938,121.68119812011719,157.95693969726562,61.28572463989258
2024-10-17 12:52:16.295,0.0879120879120876,0.0,0.0,164.04395604395603,-0.0,0.0,0.0,7.796610169491525,584.0,604.0,593.0,25.117515563964844,133.89669799804688,35.91764450073242,74.3023681640625,144.17474365234375,42.333309173583984,2.1977744102478027,148.55747985839844,60.290889739990234,157.54739379882812,173.43495178222656,95.53713989257812,181.3430938720703,188.99359130859375,140.6656494140625,121.33112335205078,158.00326538085938,61.963714599609375
2024-10-17 12:52:16.711,0.0879120879120876,0.0,0.0,165.0989010989011,-0.0,0.0,0.0,7.796610169491525,584.0,605.0,594.0,25.1081600189209,133.83941650390625,35.77112579345703,74.31864166259766,144.02500915527344,42.47101974487305,156.8756561279297,173.32435607910156,96.65594482421875,179.82424926757812,189.0830535888672,142.1219024658203,121.22470092773438,157.93939208984375,62.70988464355469
2024-10-17 12:52:17.143,0.0879120879120876,0.0,0.0,165.97802197802199,-0.0,0.0,0.0,8.474576271186441,585.0,604.0,594.0,74.16120147705078,143.3592529296875,42.85590362548828,156.89247131347656,170.97486877441406,97.32412719726562,120.14617156982422,156.48036193847656,64.83058166503906
2024-10-17 12:52:17.511,0.0879120879120876,0.0,0.0,167.12087912087912,-0.0,0.0,0.0,8.474576271186441,584.0,605.0,594.0,161.48471069335938,160.5880584716797,91.40876007080078
2024-10-17 12:52:17.979,0.0879120879120876,0.0,0.0,168.0,-0.0,0.0,0.0,8.474576271186441,585.0,605.0,594.0,121.42652893066406,151.28323364257812,61.015201568603516,25.014171600341797,134.009033203125,34.30618667602539,158.38021850585938,157.06031799316406,96.87690734863281,2.1166112422943115,148.6580352783203,60.136295318603516,74.01844024658203,142.68321228027344,40.12868881225586
2024-10-17 12:52:18.423,0.0879120879120876,0.0,0.0,168.96703296703296,-0.0,0.0,0.0,8.474576271186441,585.0,606.0,594.0,120.64987182617188,156.9443359375,64.23694610595703,25.197765350341797,133.98858642578125,34.86308670043945,155.60452270507812,170.25836181640625,100.09832763671875,2.184053421020508,148.6334991455078,60.23650360107422,74.15040588378906,144.07530212402344,42.36806869506836,177.00131225585938,183.0484161376953,147.02243041992188
2024-10-17 12:52:18.855,0.0879120879120876,0.0,0.0,170.1098901098901,-0.0,0.0,0.0,8.474576271186441,584.0,605.0,594.0,120.8238525390625,156.0984344482422,64.67699432373047,25.268077850341797,133.9914093017578,35.074134826660156,154.93690490722656,169.12667846679688,101.30404663085938,2.2131643295288086,148.6041259765625,60.288753509521484,73.95997619628906,143.87713623046875,42.85513687133789,175.76168823242188,181.36581420898438,148.54026794433594
2024-10-17 12:52:19.239,0.0879120879120876,0.0,0.0,170.9010989010989,-0.0,0.0,0.0,8.474576271186441,585.0,604.0,594.0,120.39073944091797,155.93434143066406,65.1742935180664,25.285186767578125,133.9788055419922,34.98848342895508,154.44183349609375,168.35650634765625,101.90457153320312,2.1166112422943115,148.6580352783203,60.136295318603516,73.85834503173828,143.8382110595703,42.765872955322266,175.01861572265625,179.95993041992188,149.56646728515625
2024-10-17 12:52:19.639,0.0879120879120876,0.0,0.0,172.04395604395603,-0.0,0.0,0.0,7.796610169491525,585.0,605.0,594.0,121.16114807128906,155.2376708984375,64.833984375,25.13799285888672,134.08193969726562,34.54911804199219,153.9098663330078,168.11349487304688,103.15294647216797,2.1166112422943115,148.6580352783203,60.136295318603516,73.96546173095703,143.87889099121094,43.02656936645508,173.85076904296875,179.63619995117188,150.654052734375
2024-10-17 12:52:20.071,0.0879120879120876,0.0,0.0,173.010989010989,-0.0,0.0,0.0,8.474576271186441,585.0,605.0,594.0,120.11608123779297,155.66896057128906,65.62825775146484,25.335651397705078,133.88340759277344,34.84475326538086,153.80648803710938,167.84092712402344,103.14486694335938,2.4954564571380615,148.33839416503906,59.913482666015625,73.95882415771484,143.62918090820312,42.878318786621094,173.3755340576172,179.38421630859375,151.09815979003906
2024-10-17 12:52:20.455,0.0879120879120876,0.0,0.0,174.06593406593404,-0.0,0.0,0.0,8.474576271186441,585.0,605.0,594.0,120.3066635131836,154.1716766357422,65.1499252319336,25.52328872680664,133.73709106445312,34.616615295410156,154.0594940185547,165.25267028808594,102.82208251953125,2.639307975769043,148.40835571289062,59.55524826049805,74.06786346435547,143.06295776367188,42.201087951660156,173.8505401611328,175.37359619140625,151.06808471679688
2024-10-17 12:52:20.855,0.2637362637362628,0.0,0.0,175.03296703296704,-0.0,0.0,0.6779661016949152,8.474576271186441,584.0,605.0,593.0,119.74060821533203,155.19017028808594,67.25453186035156,25.162410736083984,133.92015075683594,34.832576751708984,152.51278686523438,167.1407470703125,105.11048126220703,2.0960710048675537,148.72900390625,60.03449249267578,73.71685791015625,143.38284301757812,43.53022766113281,171.06240844726562,178.23141479492188,153.61355590820312
2024-10-17 12:52:21.288,0.3516483516483504,0.0,0.0,176.0,0.7909604519774012,0.0,0.0,9.265536723163843,585.0,605.0,594.0,119.38602447509766,156.06089782714844,67.37037658691406,25.13799285888672,134.08193969726562,34.54911804199219,151.92547607421875,168.4241180419922,105.6895523071289,2.1944355964660645,148.6878204345703,59.791114807128906,73.93251037597656,143.83192443847656,43.34209442138672,169.87796020507812,180.17984008789062,154.19371032714844
2024-10-17 12:52:21.687,0.3516483516483504,0.0,0.0,176.96703296703296,-0.0,0.0,0.0,8.474576271186441,584.0,604.0,593.0,119.11995697021484,156.11183166503906,68.37477111816406,25.265701293945312,133.9324188232422,34.98525619506836,151.12574768066406,168.73001098632812,106.9243392944336,2.1977744102478027,148.55747985839844,60.290889739990234,73.7074203491211,143.77099609375,43.9260368347168,168.55203247070312,180.7281494140625,155.57958984375
2024-10-17 12:52:22.088,0.3516483516483504,0.08791208791211602,0.0,177.93406593406593,-0.6779661016949152,-0.7909604519774012,0.0,9.265536723163843,585.0,605.0,594.0,118.88331604003906,156.0297088623047,68.8290786743164,25.240575790405273,133.9163055419922,35.046112060546875,150.4589385986328,168.7579345703125,107.69212341308594,2.2131643295288086,148.6041259765625,60.288753509521484,73.62246704101562,143.73011779785156,44.17527770996094,167.44313049316406,180.70782470703125,156.61990356445312
2024-10-17 12:52:22.487,0.3516483516483504,0.08791208791211602,0.0,178.98901098901098,-0.0,0.0,0.6779661016949152,8.474576271186441,584.0,605.0,594.0,118.57267761230469,155.95310974121094,69.49937438964844,25.258153915405273,133.89678955078125,35.03673553466797,150.0149383544922,168.54412841796875,108.7130355834961,2.3788647651672363,148.51390075683594,60.54941940307617,73.6207046508789,143.70079040527344,44.495811462402344,166.15731811523438,180.42758178710938,157.7250518798828
2024-10-17 12:52:22.888,0.3516483516483504,0.08791208791211602,-0.08791208791211602,179.95604395604394,-0.0,0.0,0.0,8.474576271186441,585.0,606.0,594.0,118.3296890258789,155.9576416015625,69.88534545898438,25.230915069580078,133.8709716796875,35.038734436035156,149.45745849609375,168.48049926757812,109.51014709472656,2.231849431991577,148.55966186523438,60.33455276489258,73.6207046508789,143.70079040527344,44.495811462402344,165.17214965820312,180.04891967773438,158.52166748046875
2024-10-17 12:52:23.320,0.3516483516483504,0.08791208791211602,0.0,181.09890109890108,-0.0,0.0,-0.7909604519774012,8.474576271186441,585.0,605.0,594.0,118.2790756225586,155.95411682128906,70.31636810302734,25.167755126953125,133.9047088623047,35.18745040893555,148.83460998535156,168.53411865234375,110.2024154663086,2.294005870819092,148.5682373046875,60.412010192871094,73.56060028076172,143.5649871826172,44.8658332824707,163.72047424316406,180.05181884765625,159.7222900390625
2024-10-17 12:52:23.703,0.3516483516483504,0.08791208791211602,0.0,181.97802197802199,-0.0,0.0,-0.7909604519774012,8.474576271186441,585.0,606.0,594.0,117.95726776123047,156.0186309814453,71.01969909667969,25.175317764282227,133.8961181640625,35.167964935302734,148.24571228027344,168.5665283203125,110.88102722167969,2.231849431991577,148.55966186523438,60.33455276489258,73.60611724853516,143.53143310546875,44.98240280151367,162.53932189941406,180.07188415527344,160.8851776123047
2024-10-17 12:52:24.104,0.3516483516483504,0.08791208791211602,0.0,183.03296703296704,0.7909604519774012,0.0,0.0,8.474576271186441,585.0,606.0,594.0,117.74702453613281,156.07586669921875,71.46039581298828,25.10012435913086,133.85130310058594,35.300987243652344,147.6714324951172,168.9398651123047,111.57064819335938,2.184053421020508,148.6334991455078,60.23650360107422,73.43480682373047,143.71932983398438,45.39179229736328,161.39810180664062,180.22779846191406,161.82797241210938
2024-10-17 12:52:24.535,0.3516483516483504,0.08791208791211602,-0.08791208791211602,184.0,-0.0,0.0,0.0,8.474576271186441,585.0,606.0,594.0,117.51176452636719,156.0041961669922,71.92070770263672,25.082000732421875,133.78231811523438,35.39474105834961,147.1470489501953,168.8161163330078,112.06471252441406,2.3053064346313477,148.53160095214844,60.44438552856445,73.42276763916016,143.66197204589844,45.43330764770508,160.26051330566406,180.04440307617188,162.5911865234375
2024-10-17 12:52:24.920,0.3516483516483504,-267.38461538461536,-0.08791208791211602,184.7912087912088,-0.0,0.0,0.0,9.265536723163843,585.0,606.0,594.0,117.2247543334961,156.0626678466797,72.47349548339844,25.095136642456055,133.8922576904297,35.363521575927734,146.64378356933594,169.05824279785156,112.59249877929688,2.1977744102478027,148.55747985839844,60.290889739990234,73.50534057617188,143.72955322265625,45.50437927246094,159.09873962402344,180.15528869628906,163.59852600097656
2024-10-17 12:52:25.336,0.3516483516483504,0.08791208791211602,0.0,185.93406593406593,-0.0,0.0,-0.7909604519774012,9.265536723163843,585.0,606.0,595.0,117.06195831298828,156.17141723632812,73.00557708740234,25.129291534423828,133.8611602783203,35.300994873046875,146.02743530273438,169.02926635742188,113.34203338623047,2.2383458614349365,148.52780151367188,60.35698699951172,73.512939453125,143.7310028076172,45.503807067871094,157.86083984375,179.97308349609375,164.5593719482422
2024-10-17 12:52:25.736,0.3516483516483504,0.08791208791211602,-0.08791208791211602,186.98901098901098,0.7909604519774012,0.0,0.6779661016949152,9.265536723163843,585.0,606.0,595.0,115.49322509765625,155.33053588867188,76.25814056396484,25.15299415588379,133.9279327392578,35.2917366027832,144.57342529296875,168.6925506591797,115.42725372314453,2.3053064346313477,148.53160095214844,60.44438552856445,73.35980224609375,143.7347869873047,45.99787902832031,156.22293090820312,180.0228729248047,165.77337646484375
2024-10-17 12:52:26.152,0.3516483516483504,-267.38461538461536,0.0,187.86813186813185,-0.0,0.0,0.0,9.265536723163843,585.0,606.0,595.0,116.49838256835938,156.20770263671875,73.94731903076172,25.169288635253906,133.78570556640625,35.598079681396484,144.17160034179688,168.63003540039062,115.99484252929688,2.2190775871276855,148.51318359375,60.340057373046875,73.35980224609375,143.7347869873047,45.99787902832031,155.1865997314453,179.9783935546875,166.6544952392578
2024-10-17 12:52:26.539,0.3516483516483504,0.08791208791211602,-0.08791208791211602,189.010989010989,-0.0,0.0,-0.7909604519774012,8.474576271186441,585.0,606.0,595.0,116.3117446899414,156.4636688232422,74.7166748046875,25.113967895507812,133.865966796875,35.70069885253906,143.2562255859375,168.91477966308594,116.98544311523438,2.132205009460449,148.49557495117188,60.30240249633789,73.34005737304688,143.85496520996094,46.32186508178711,153.42494201660156,180.1642303466797,167.76718139648438
2024-10-17 12:52:26.981,0.3516483516483504,0.08791208791211602,-0.08791208791211602,189.89010989010987,-0.0,0.0,0.6779661016949152,9.265536723163843,585.0,607.0,595.0,116.02374267578125,156.45181274414062,74.95470428466797,25.093481063842773,133.83680725097656,35.4198112487793,142.81639099121094,168.8924560546875,117.45488739013672,2.2190775871276855,148.51318359375,60.340057373046875,73.33506774902344,143.8126983642578,46.35921096801758,152.62298583984375,179.99984741210938,168.4842071533203
2024-10-17 12:52:27.352,0.2637362637362628,0.08791208791211602,-0.08791208791211602,191.03296703296704,-0.0,0.0,0.0,8.474576271186441,585.0,607.0,595.0,115.73348236083984,156.47621154785156,75.49816131591797,25.175771713256836,133.83035278320312,35.56118392944336,142.0845184326172,168.9028778076172,118.32068634033203,2.244382858276367,148.59286499023438,60.359764099121094,73.16368865966797,143.90249633789062,46.605682373046875,151.16839599609375,180.06280517578125,169.15121459960938
2024-10-17 12:52:27.753,0.3516483516483504,0.08791208791211602,-0.08791208791211602,191.9120879120879,-0.0,0.6779661016949152,0.0,8.474576271186441,585.0,607.0,595.0,115.58482360839844,156.5236053466797,75.7889404296875,25.107486724853516,133.8213348388672,35.737586975097656,141.43185424804688,168.9275665283203,118.90589904785156,2.1342344284057617,148.55723571777344,60.221046447753906,73.03409576416016,143.9402313232422,46.98897933959961,150.12669372558594,179.9879608154297,169.902587890625
2024-10-17 12:52:28.168,0.3516483516483504,0.1758241758241752,-0.08791208791211602,192.96703296703296,-0.0,0.0,0.0,-0.0,585.0,607.0,595.0,115.37848663330078,156.55563354492188,76.15729522705078,25.113967895507812,133.865966796875,35.70069885253906,141.0245361328125,168.9658203125,119.52327728271484,2.2118265628814697,148.5298614501953,60.32255554199219,72.9631576538086,143.9778594970703,47.13644790649414,149.0604705810547,179.99864196777344,170.53994750976562
2024-10-17 12:52:28.568,0.3516483516483504,0.08791208791211602,-0.08791208791211602,193.93406593406593,-0.0,0.0,0.0,9.265536723163843,585.0,607.0,595.0,114.91024017333984,156.51358032226562,76.96997833251953,25.107486724853516,133.8213348388672,35.737586975097656,140.05213928222656,169.04998779296875,120.47389221191406,2.1864476203918457,148.56019592285156,60.27472686767578,73.05927276611328,144.00350952148438,47.27695083618164,147.53245544433594,180.0444793701172,171.75982666015625
2024-10-17 12:52:28.984,0.3516483516483504,0.08791208791211602,-0.08791208791211602,194.9010989010989,-0.0,0.0,0.0,9.265536723163843,586.0,607.0,595.0,114.64128112792969,156.4920654296875,77.26525115966797,25.107486724853516,133.8213348388672,35.737586975097656,139.4536590576172,168.97021484375,121.08751678466797,2.1680960655212402,148.57643127441406,60.31077575683594,72.978271484375,143.9717254638672,47.298744201660156,146.29583740234375,179.84164428710938,172.40182495117188
2024-10-17 12:52:29.384,0.3516483516483504,0.08791208791211602,-0.1758241758241752,196.13186813186812,-0.0,0.0,0.6779661016949152,7.796610169491525,585.0,607.0,595.0,114.35321807861328,156.6305389404297,78.05472564697266,25.073333740234375,133.8524169921875,35.800079345703125,138.52381896972656,168.96925354003906,122.26680755615234,2.132205009460449,148.49557495117188,60.30240249633789,72.95150756835938,143.98634338378906,47.801116943359375,144.62496948242188,179.77020263671875,173.643310546875
2024-10-17 12:52:29.784,0.3516483516483504,0.08791208791211602,-0.2637362637362912,197.09890109890108,-0.0,0.0,0.6779661016949152,8.474576271186441,585.0,607.0,595.0,114.17452239990234,156.55223083496094,78.47832489013672,25.073333740234375,133.8524169921875,35.800079345703125,138.04678344726562,168.92706298828125,122.92851257324219,2.172342300415039,148.51995849609375,60.2755012512207,72.83180236816406,144.07408142089844,48.11513900756836,143.51097106933594,179.63885498046875,174.28489685058594
2024-10-17 12:52:30.184,0.3516483516483504,0.08791208791211602,-0.1758241758241752,198.06593406593407,-0.0,0.0,0.0,8.474576271186441,585.0,607.0,595.0,113.76219177246094,156.6858367919922,78.87799072265625,25.117992401123047,133.8566436767578,35.810791015625,137.2893524169922,168.96498107910156,123.42171478271484,2.1056768894195557,148.53073120117188,60.25076675415039,72.83180236816406,144.07408142089844,48.11513900756836,142.3181610107422,179.59405517578125,174.9922637939453
