2024-10-16 19:17:51.737,-0.0,0.0,0.0,-0.0,577.0,645.0,580.0
2024-10-16 19:17:52.041,-0.0,0.0,0.0,2.989010989011007,577.0,645.0,580.0
2024-10-16 19:17:52.345,-0.0,0.0,0.0,5.978021978022014,577.0,645.0,580.0
2024-10-16 19:17:52.649,-0.0,0.0,0.0,8.967032967032992,578.0,645.0,580.0
2024-10-16 19:17:52.953,-0.0,0.0,0.0,11.95604395604397,578.0,646.0,581.0
2024-10-16 19:17:53.257,-0.0,0.0,0.0,14.945054945054977,578.0,646.0,581.0
2024-10-16 19:17:53.561,0.0879120879120876,0.0,0.0,17.934065934065956,579.0,647.0,582.0
2024-10-16 19:17:53.866,-0.0,0.0,0.0,20.923076923076934,579.0,648.0,582.0
2024-10-16 19:17:54.169,-0.0,0.0,0.0,23.91208791208794,580.0,649.0,583.0
2024-10-16 19:17:54.473,-0.0,0.0,0.0,26.90109890109892,581.0,650.0,584.0
2024-10-16 19:17:54.777,-0.0,0.0,0.0,29.890109890109926,581.0,651.0,584.0
2024-10-16 19:17:55.081,-0.0,0.0,0.0,32.96703296703299,582.0,652.0,585.0
2024-10-16 19:17:55.385,-0.0,0.0,0.0,35.95604395604397,582.0,653.0,585.0
2024-10-16 19:17:55.689,-0.0,0.0,0.0,38.85714285714289,582.0,654.0,586.0
2024-10-16 19:17:55.993,-0.0,0.0,0.0,41.934065934065956,583.0,655.0,587.0
2024-10-16 19:17:56.298,-0.0,0.0,0.0,44.835164835164846,584.0,656.0,587.0
2024-10-16 19:17:56.601,-0.0,0.0,0.0,47.91208791208794,584.0,657.0,588.0
2024-10-16 19:17:56.905,-0.0,0.0,0.0,50.90109890109892,585.0,658.0,588.0
2024-10-16 19:17:57.210,-0.0,0.0,0.0,53.978021978022014,585.0,659.0,589.0
2024-10-16 19:17:57.513,-0.0,0.0,0.0,56.96703296703299,586.0,659.0,590.0
2024-10-16 19:17:57.818,-0.0,0.0,0.0,59.86813186813188,586.0,660.0,590.0
2024-10-16 19:17:58.122,-0.0,0.0,0.0,62.85714285714289,587.0,661.0,591.0
2024-10-16 19:17:58.426,-0.0,0.0,0.0,65.84615384615387,588.0,662.0,591.0
2024-10-16 19:17:58.730,-0.0,0.0,0.0,68.92307692307693,588.0,664.0,592.0
2024-10-16 19:17:59.034,-0.0,0.0,0.0,71.82417582417585,588.0,665.0,593.0
2024-10-16 19:17:59.354,-0.0,0.0,-0.0879120879120876,74.989010989011,589.0,665.0,593.0
2024-10-16 19:17:59.642,-0.0,0.0,0.0,77.89010989010993,589.0,666.0,593.0
2024-10-16 19:17:59.946,-0.0,0.0,0.0,80.8791208791209,590.0,667.0,594.0
2024-10-16 19:18:00.250,-0.0,0.0,0.0,83.86813186813188,590.0,668.0,595.0
2024-10-16 19:18:00.554,-0.0,0.0,0.0,86.85714285714289,591.0,669.0,595.0
2024-10-16 19:18:00.858,-0.0,0.0,0.0,89.84615384615387,591.0,669.0,596.0
2024-10-16 19:18:01.162,-0.0,0.0,0.0,92.83516483516485,592.0,670.0,596.0
2024-10-16 19:18:01.465,-0.0,0.0,0.0,95.82417582417585,592.0,672.0,597.0
2024-10-16 19:18:01.770,-0.0,0.0,0.0,98.90109890109892,593.0,673.0,598.0
2024-10-16 19:18:02.074,-0.0,0.0,0.0,101.89010989010993,594.0,674.0,599.0
2024-10-16 19:18:02.379,-0.0,0.0,0.0,104.8791208791209,594.0,675.0,599.0
2024-10-16 19:18:02.682,-0.0,0.0,0.0,107.86813186813188,595.0,677.0,600.0
2024-10-16 19:18:02.986,-0.0,0.0,0.0,110.85714285714289,596.0,678.0,600.0
2024-10-16 19:18:03.290,-0.0,0.0,0.0,113.67032967032969,596.0,679.0,601.0
2024-10-16 19:18:03.594,-0.0,0.0,0.0,116.83516483516485,597.0,681.0,602.0
2024-10-16 19:18:03.898,-0.0,0.0,-0.0879120879120876,119.82417582417585,598.0,682.0,603.0
2024-10-16 19:18:04.202,-0.0,0.0,-0.0879120879120876,122.81318681318683,599.0,684.0,604.0
2024-10-16 19:18:04.522,-0.0,0.0,0.0,125.80219780219784,600.0,686.0,605.0
2024-10-16 19:18:04.810,-0.0,0.0,0.0,128.79120879120882,600.0,688.0,605.0
2024-10-16 19:18:05.115,-0.0,0.0,-0.0879120879120876,131.7802197802198,601.0,690.0,606.0
2024-10-16 19:18:05.434,-0.0,0.0,-0.0879120879120876,134.76923076923077,602.0,692.0,607.0
2024-10-16 19:18:05.739,-0.0,0.0,0.0,137.75824175824178,603.0,694.0,608.0
2024-10-16 19:18:06.026,-0.0,0.0,-0.0879120879120876,140.7472527472528,604.0,697.0,609.0
2024-10-16 19:18:06.330,-0.0,0.0,0.0,143.64835164835168,605.0,700.0,611.0
2024-10-16 19:18:06.651,-0.0,0.0,0.0,146.72527472527474,606.0,703.0,612.0
2024-10-16 19:18:06.939,-0.0,0.0,0.0,149.80219780219784,605.0,699.0,610.0
2024-10-16 19:18:07.258,-0.0,0.0,0.0,146.989010989011,603.0,692.0,608.0
2024-10-16 19:18:07.562,-0.0,0.0,0.0,144.00000000000003,601.0,688.0,606.0
2024-10-16 19:18:07.866,-0.0,0.0,0.0,141.01098901098902,599.0,685.0,605.0
2024-10-16 19:18:08.171,-0.0,0.0,0.0,138.02197802197804,598.0,682.0,603.0
2024-10-16 19:18:08.475,-0.0,0.0,0.0,135.03296703296706,597.0,678.0,601.0
2024-10-16 19:18:08.778,-0.0,0.0,0.0,132.0439560439561,595.0,675.0,600.0
2024-10-16 19:18:09.083,-0.0,0.0,-0.0879120879120876,129.14285714285717,594.0,672.0,599.0
2024-10-16 19:18:09.387,-0.0,0.0,0.0,126.0659340659341,593.0,670.0,597.0
2024-10-16 19:18:09.691,-0.0,0.0,0.0,123.16483516483518,592.0,668.0,596.0
2024-10-16 19:18:09.995,-0.0,0.0,0.0,120.08791208791212,590.0,665.0,595.0
2024-10-16 19:18:10.299,-0.0,0.0,0.0,117.09890109890111,589.0,663.0,594.0
2024-10-16 19:18:10.603,-0.0,0.0,0.0,114.10989010989013,588.0,661.0,592.0
2024-10-16 19:18:10.907,-0.0,0.0,0.0,111.12087912087915,587.0,658.0,591.0
2024-10-16 19:18:11.211,-0.0,-0.0879120879120876,0.0,108.13186813186815,586.0,657.0,590.0
2024-10-16 19:18:11.515,-0.0,0.0,0.0,105.14285714285717,585.0,655.0,589.0
2024-10-16 19:18:11.819,-0.0,0.0,0.0,102.0659340659341,584.0,654.0,589.0
2024-10-16 19:18:12.123,-0.0,0.0,0.0,99.16483516483518,584.0,653.0,588.0
2024-10-16 19:18:12.427,-0.0,0.0,0.0,96.08791208791212,583.0,651.0,587.0
2024-10-16 19:18:12.731,0.0879120879120876,0.0,0.0,93.09890109890111,583.0,650.0,587.0
2024-10-16 19:18:13.035,-0.0,0.0,0.0,90.10989010989013,583.0,650.0,586.0
2024-10-16 19:18:13.339,-0.0,0.0,0.0,87.03296703296706,582.0,649.0,586.0
2024-10-16 19:18:13.644,-0.0,0.0,0.0,84.13186813186815,582.0,648.0,585.0
2024-10-16 19:18:13.947,-0.0,0.0,0.0,81.14285714285717,581.0,648.0,585.0
2024-10-16 19:18:14.251,-0.0,0.0,-0.0879120879120876,78.15384615384619,581.0,647.0,585.0
2024-10-16 19:18:14.555,-0.0,0.0,-0.0879120879120876,75.16483516483518,580.0,647.0,584.0
2024-10-16 19:18:14.859,-0.0,0.0,0.0,72.08791208791212,580.0,646.0,584.0
2024-10-16 19:18:15.163,-0.0,0.0,0.0,69.09890109890111,580.0,646.0,584.0
2024-10-16 19:18:15.467,-0.0,0.0,0.0,66.10989010989013,579.0,646.0,583.0
2024-10-16 19:18:15.772,-0.0,0.0,0.0,63.12087912087915,579.0,645.0,583.0
2024-10-16 19:18:16.092,-0.0,0.0,0.0,60.131868131868146,579.0,645.0,583.0
2024-10-16 19:18:16.475,-0.0,0.0,0.0,57.14285714285717,579.0,645.0,583.0
2024-10-16 19:18:16.779,0.0879120879120876,0.0,0.0,54.15384615384619,579.0,644.0,582.0
2024-10-16 19:18:17.083,-0.0,0.0,0.0,51.16483516483518,579.0,644.0,582.0
2024-10-16 19:18:17.387,-0.0,-0.0879120879120876,0.0,48.087912087912116,579.0,645.0,582.0
2024-10-16 19:18:17.692,-0.0,0.0,0.0,45.09890109890111,579.0,644.0,582.0
2024-10-16 19:18:17.995,-0.0,0.0,0.0,42.10989010989013,578.0,644.0,581.0
2024-10-16 19:18:18.300,-0.0,0.0,0.0,39.12087912087915,578.0,644.0,581.0
2024-10-16 19:18:18.604,-0.0,0.0,-0.0879120879120876,36.21978021978023,578.0,644.0,581.0
2024-10-16 19:18:18.924,-0.0,0.0,0.0,33.14285714285717,578.0,644.0,581.0
2024-10-16 19:18:19.227,-0.0,0.0,-0.0879120879120876,30.15384615384619,578.0,644.0,580.0
2024-10-16 19:18:19.516,-0.0,0.0,-0.0879120879120876,27.164835164835182,578.0,644.0,580.0
2024-10-16 19:18:19.836,-0.0,0.0,-0.0879120879120876,24.087912087912116,578.0,643.0,580.0
2024-10-16 19:18:20.124,-0.0,0.0,-0.0879120879120876,21.186813186813197,577.0,644.0,580.0
2024-10-16 19:18:20.428,-0.0,0.0,0.0,18.19780219780222,577.0,644.0,580.0
2024-10-16 19:18:20.732,-0.0,0.0,-0.0879120879120876,15.120879120879152,577.0,644.0,580.0
2024-10-16 19:18:21.052,-0.0,0.0,0.0,12.131868131868146,577.0,643.0,580.0
2024-10-16 19:18:21.356,-0.0,0.0,0.0,9.142857142857167,577.0,644.0,580.0
2024-10-16 19:18:21.661,-0.0,0.0,0.0,6.241758241758276,577.0,644.0,580.0
2024-10-16 19:18:21.948,-0.0,0.0,-0.0879120879120876,3.164835164835182,577.0,644.0,579.0
2024-10-16 19:18:22.396,-0.0,0.0,-0.0879120879120876,3.164835164835182,577.0,644.0,579.0
2024-10-16 19:18:22.893,2.3736263736263794,-1.1428571428571388,0.0,3.164835164835182,577.0,644.0,579.0
2024-10-16 19:18:23.404,5.098901098901109,-2.373626373626365,-0.0879120879120876,3.164835164835182,577.0,644.0,579.0
2024-10-16 19:18:23.916,8.087912087912088,-3.516483516483504,0.0,3.164835164835182,578.0,645.0,579.0
2024-10-16 19:18:24.412,11.164835164835168,-4.747252747252745,-0.0879120879120876,3.164835164835182,578.0,645.0,579.0
2024-10-16 19:18:24.925,14.15384615384616,-5.978021978021985,-0.0879120879120876,3.164835164835182,579.0,646.0,579.0
2024-10-16 19:18:25.436,17.142857142857153,-7.120879120879124,-0.0879120879120876,3.164835164835182,580.0,647.0,579.0
2024-10-16 19:18:25.932,20.13186813186813,-8.35164835164835,0.0,3.164835164835182,580.0,648.0,579.0
2024-10-16 19:18:26.444,22.94505494505495,-9.582417582417577,-0.0879120879120876,3.164835164835182,581.0,648.0,579.0
2024-10-16 19:18:26.956,26.109890109890117,-10.725274725274716,0.0,3.164835164835182,581.0,649.0,579.0
2024-10-16 19:18:27.452,29.01098901098902,-11.956043956043942,-0.0879120879120876,3.164835164835182,582.0,650.0,579.0
2024-10-16 19:18:27.965,32.08791208791209,-13.186813186813168,0.0,3.164835164835182,582.0,651.0,579.0
2024-10-16 19:18:28.477,34.98901098901099,-14.329670329670336,-0.0879120879120876,3.164835164835182,583.0,652.0,580.0
2024-10-16 19:18:28.972,38.06593406593407,-15.560439560439562,0.0,3.164835164835182,583.0,653.0,580.0
2024-10-16 19:18:29.484,41.14285714285714,-16.79120879120879,0.0,3.164835164835182,584.0,654.0,580.0
2024-10-16 19:18:29.996,44.131868131868146,-17.934065934065927,-0.0879120879120876,3.164835164835182,585.0,655.0,580.0
2024-10-16 19:18:30.509,46.94505494505495,-19.164835164835154,-0.0879120879120876,3.164835164835182,585.0,656.0,580.0
2024-10-16 19:18:31.005,50.10989010989013,-20.39560439560441,-0.0879120879120876,3.164835164835182,586.0,657.0,580.0
2024-10-16 19:18:31.516,53.1868131868132,-21.53846153846152,0.0,3.2527472527472696,586.0,658.0,580.0
2024-10-16 19:18:32.029,56.08791208791209,-22.769230769230774,0.0,3.164835164835182,587.0,658.0,580.0
2024-10-16 19:18:32.525,58.98901098901101,-23.912087912087912,-0.0879120879120876,3.164835164835182,588.0,659.0,580.0
2024-10-16 19:18:33.036,62.06593406593407,-25.14285714285714,0.0,3.164835164835182,588.0,660.0,580.0
2024-10-16 19:18:33.550,65.05494505494505,-26.373626373626365,-0.0879120879120876,3.164835164835182,589.0,661.0,580.0
2024-10-16 19:18:34.045,68.13186813186815,-27.516483516483504,0.0,3.164835164835182,589.0,662.0,580.0
2024-10-16 19:18:34.557,71.03296703296704,-28.74725274725276,-0.0879120879120876,3.164835164835182,590.0,663.0,581.0
2024-10-16 19:18:35.069,74.10989010989013,-29.978021978021985,-0.0879120879120876,3.164835164835182,590.0,664.0,581.0
2024-10-16 19:18:35.582,77.1868131868132,-31.120879120879124,-0.0879120879120876,3.164835164835182,591.0,665.0,581.0
2024-10-16 19:18:36.077,80.08791208791209,-32.35164835164835,-0.0879120879120876,3.164835164835182,591.0,666.0,581.0
2024-10-16 19:18:36.590,83.16483516483518,-33.58241758241758,0.0,3.2527472527472696,592.0,667.0,581.0
2024-10-16 19:18:37.085,86.15384615384616,-34.725274725274716,0.0,3.164835164835182,593.0,668.0,581.0
2024-10-16 19:18:37.597,89.14285714285714,-35.95604395604394,0.0,3.164835164835182,593.0,669.0,582.0
2024-10-16 19:18:38.109,92.13186813186815,-37.18681318681317,0.0,3.164835164835182,594.0,670.0,582.0
2024-10-16 19:18:38.605,94.85714285714286,-38.329670329670336,0.0,3.164835164835182,595.0,672.0,582.0
2024-10-16 19:18:39.117,97.84615384615384,-39.56043956043956,0.0,3.164835164835182,595.0,673.0,582.0
2024-10-16 19:18:39.630,100.74725274725276,-40.79120879120879,-0.0879120879120876,3.164835164835182,596.0,674.0,582.0
2024-10-16 19:18:40.141,103.82417582417582,-41.93406593406593,-0.0879120879120876,3.164835164835182,596.0,675.0,582.0
2024-10-16 19:18:40.639,106.90109890109892,-43.164835164835154,-0.0879120879120876,3.164835164835182,597.0,676.0,583.0
2024-10-16 19:18:41.149,109.80219780219781,-44.39560439560438,-0.0879120879120876,3.164835164835182,597.0,678.0,583.0
2024-10-16 19:18:41.661,112.87912087912088,-45.53846153846155,0.0,3.164835164835182,598.0,679.0,583.0
2024-10-16 19:18:42.157,115.7802197802198,-46.769230769230774,-0.0879120879120876,3.164835164835182,598.0,680.0,583.0
2024-10-16 19:18:42.670,118.76923076923077,-47.91208791208791,0.0,3.164835164835182,599.0,681.0,584.0
2024-10-16 19:18:43.182,121.75824175824175,-49.14285714285714,0.0,3.164835164835182,600.0,683.0,584.0
2024-10-16 19:18:43.678,124.92307692307693,-50.373626373626365,0.0,3.164835164835182,600.0,684.0,584.0
2024-10-16 19:18:44.190,127.73626373626374,-51.516483516483504,-0.0879120879120876,3.164835164835182,601.0,685.0,584.0
2024-10-16 19:18:44.702,130.81318681318683,-52.74725274725273,-0.0879120879120876,3.164835164835182,601.0,687.0,585.0
2024-10-16 19:18:45.214,133.71428571428572,-53.978021978021985,-0.0879120879120876,3.164835164835182,602.0,688.0,585.0
2024-10-16 19:18:45.710,136.7032967032967,-55.120879120879124,-0.0879120879120876,3.164835164835182,602.0,689.0,585.0
2024-10-16 19:18:46.222,139.86813186813188,-56.35164835164835,0.0,3.164835164835182,603.0,690.0,585.0
2024-10-16 19:18:46.718,142.76923076923077,-57.49450549450549,-0.0879120879120876,3.164835164835182,603.0,691.0,586.0
2024-10-16 19:18:47.230,145.75824175824178,-58.63736263736263,-0.0879120879120876,3.164835164835182,604.0,693.0,586.0
2024-10-16 19:18:47.742,148.74725274725276,-59.868131868131854,-0.0879120879120876,3.164835164835182,604.0,694.0,586.0
2024-10-16 19:18:48.255,147.07692307692307,-58.8131868131868,-0.0879120879120876,3.164835164835182,603.0,692.0,586.0
2024-10-16 19:18:48.750,144.43956043956044,-57.670329670329664,0.0,3.164835164835182,602.0,691.0,585.0
2024-10-16 19:18:49.263,141.62637362637363,-56.527472527472526,-0.0879120879120876,3.164835164835182,602.0,688.0,585.0
2024-10-16 19:18:49.775,138.72527472527472,-55.2967032967033,-0.0879120879120876,3.164835164835182,601.0,687.0,585.0
2024-10-16 19:18:50.287,135.64835164835165,-54.15384615384616,-0.0879120879120876,3.164835164835182,600.0,684.0,584.0
2024-10-16 19:18:50.783,132.65934065934067,-52.923076923076934,0.0,3.164835164835182,599.0,683.0,583.0
2024-10-16 19:18:51.294,129.5824175824176,-51.69230769230768,0.0,3.164835164835182,599.0,681.0,583.0
2024-10-16 19:18:51.790,126.76923076923077,-50.54945054945054,-0.0879120879120876,3.2527472527472696,598.0,679.0,583.0
2024-10-16 19:18:52.303,123.7802197802198,-49.318681318681314,-0.0879120879120876,3.164835164835182,597.0,678.0,583.0
2024-10-16 19:18:52.814,120.7032967032967,-48.175824175824175,-0.0879120879120876,3.164835164835182,597.0,676.0,582.0
2024-10-16 19:18:53.327,117.71428571428572,-46.94505494505495,0.0,3.164835164835182,596.0,674.0,582.0
2024-10-16 19:18:53.823,114.81318681318683,-45.71428571428572,-0.0879120879120876,3.164835164835182,595.0,673.0,582.0
2024-10-16 19:18:54.335,111.56043956043956,-44.571428571428555,-0.0879120879120876,3.164835164835182,595.0,672.0,581.0
2024-10-16 19:18:54.847,108.57142857142858,-43.34065934065933,0.0,3.164835164835182,594.0,671.0,581.0
2024-10-16 19:18:55.343,105.67032967032966,-42.1098901098901,0.0,3.164835164835182,594.0,670.0,581.0
2024-10-16 19:18:55.855,102.68131868131869,-41.05494505494505,0.0,3.164835164835182,593.0,669.0,580.0
2024-10-16 19:18:56.368,99.7802197802198,-39.73626373626374,-0.0879120879120876,3.164835164835182,593.0,667.0,580.0
2024-10-16 19:18:56.863,96.7032967032967,-38.50549450549451,0.0,3.164835164835182,592.0,666.0,580.0
2024-10-16 19:18:57.375,93.80219780219781,-37.362637362637344,-0.0879120879120876,3.164835164835182,592.0,665.0,580.0
2024-10-16 19:18:57.887,90.989010989011,-36.13186813186812,-0.0879120879120876,3.164835164835182,592.0,664.0,580.0
2024-10-16 19:18:58.399,87.91208791208791,-34.90109890109889,0.0,3.164835164835182,591.0,663.0,579.0
2024-10-16 19:18:58.896,85.01098901098902,-33.75824175824175,-0.0879120879120876,3.164835164835182,590.0,662.0,579.0
2024-10-16 19:18:59.408,81.93406593406593,-32.527472527472526,0.0,3.164835164835182,590.0,661.0,579.0
2024-10-16 19:18:59.919,78.94505494505495,-31.384615384615387,-0.0879120879120876,3.164835164835182,589.0,660.0,579.0
2024-10-16 19:19:00.416,76.04395604395606,-30.15384615384616,0.0,3.164835164835182,588.0,660.0,579.0
2024-10-16 19:19:00.927,72.87912087912088,-28.923076923076934,0.0,3.164835164835182,588.0,659.0,579.0
2024-10-16 19:19:01.423,69.80219780219781,-27.69230769230768,0.0,3.164835164835182,587.0,658.0,579.0
2024-10-16 19:19:01.935,66.989010989011,-26.54945054945054,-0.0879120879120876,3.164835164835182,587.0,657.0,579.0
2024-10-16 19:19:02.448,63.91208791208791,-25.4065934065934,0.0,3.164835164835182,586.0,656.0,579.0
2024-10-16 19:19:02.960,61.01098901098902,-24.087912087912088,0.0,3.164835164835182,585.0,655.0,578.0
2024-10-16 19:19:03.456,58.10989010989013,-22.94505494505495,-0.0879120879120876,3.164835164835182,585.0,654.0,578.0
2024-10-16 19:19:03.968,55.032967032967036,-21.714285714285694,0.0,3.164835164835182,584.0,653.0,578.0
2024-10-16 19:19:04.480,52.131868131868146,-20.571428571428584,0.0,3.164835164835182,584.0,653.0,578.0
2024-10-16 19:19:04.976,49.05494505494505,-19.34065934065933,-0.0879120879120876,3.164835164835182,583.0,652.0,578.0
2024-10-16 19:19:05.488,45.978021978021985,-18.19780219780219,0.0,3.164835164835182,583.0,651.0,578.0
2024-10-16 19:19:06.000,42.98901098901101,-16.967032967032964,-0.0879120879120876,3.164835164835182,582.0,650.0,578.0
2024-10-16 19:19:06.512,39.91208791208791,-15.736263736263737,-0.0879120879120876,3.164835164835182,582.0,650.0,578.0
2024-10-16 19:19:07.009,37.09890109890111,-14.50549450549451,0.0,3.164835164835182,581.0,650.0,578.0
2024-10-16 19:19:07.520,34.02197802197803,-13.362637362637344,0.0,3.164835164835182,580.0,649.0,578.0
2024-10-16 19:19:08.033,31.120879120879124,-12.131868131868117,0.0,3.164835164835182,580.0,648.0,578.0
2024-10-16 19:19:08.528,27.956043956043956,-10.90109890109889,0.0,3.164835164835182,580.0,647.0,578.0
2024-10-16 19:19:09.041,24.87912087912089,-9.758241758241752,0.0,3.164835164835182,579.0,647.0,578.0
2024-10-16 19:19:09.552,21.978021978021985,-8.527472527472526,-0.0879120879120876,3.164835164835182,579.0,646.0,578.0
2024-10-16 19:19:10.049,19.07692307692308,-7.296703296703299,-0.0879120879120876,3.164835164835182,578.0,646.0,578.0
2024-10-16 19:19:10.561,16.0,-6.15384615384616,0.0,3.164835164835182,578.0,645.0,578.0
2024-10-16 19:19:11.072,13.010989010989022,-4.92307692307692,0.0,3.164835164835182,577.0,645.0,578.0
2024-10-16 19:19:11.569,10.109890109890117,-3.692307692307679,-0.0879120879120876,3.164835164835182,577.0,644.0,578.0
2024-10-16 19:19:12.081,7.032967032967036,-2.5494505494505404,0.0,3.164835164835182,577.0,644.0,578.0
2024-10-16 19:19:12.592,4.043956043956044,-1.318681318681314,-0.0879120879120876,3.164835164835182,576.0,644.0,579.0
2024-10-16 19:19:13.089,0.0879120879120876,-0.0879120879120876,-0.0879120879120876,3.164835164835182,576.0,644.0,579.0
2024-10-16 19:19:13.601,-1.0549450549450512,2.637362637362642,0.0,3.164835164835182,576.0,644.0,579.0
2024-10-16 19:19:14.113,-2.2857142857142776,5.538461538461547,0.0,3.164835164835182,576.0,645.0,580.0
2024-10-16 19:19:14.609,-3.4285714285714164,8.527472527472526,-0.0879120879120876,3.164835164835182,576.0,645.0,580.0
2024-10-16 19:19:15.121,-4.659340659340657,11.516483516483518,0.0,3.164835164835182,576.0,646.0,581.0
2024-10-16 19:19:15.633,-5.890109890109883,14.50549450549451,0.0,3.164835164835182,576.0,647.0,581.0
2024-10-16 19:19:16.145,-7.032967032967022,17.494505494505503,-0.0879120879120876,3.164835164835182,576.0,648.0,582.0
2024-10-16 19:19:16.641,-8.263736263736263,20.483516483516482,0.0,3.164835164835182,576.0,649.0,583.0
2024-10-16 19:19:17.153,-9.49450549450549,23.472527472527474,-0.0879120879120876,3.164835164835182,577.0,650.0,584.0
2024-10-16 19:19:17.649,-10.637362637362628,26.461538461538467,-0.0879120879120876,3.164835164835182,577.0,650.0,584.0
2024-10-16 19:19:18.161,-11.868131868131869,29.45054945054946,0.0,3.164835164835182,577.0,651.0,585.0
2024-10-16 19:19:18.673,-13.098901098901095,32.527472527472526,-0.0879120879120876,3.164835164835182,577.0,652.0,586.0
2024-10-16 19:19:19.185,-14.241758241758234,35.51648351648352,0.0,3.164835164835182,577.0,653.0,586.0
2024-10-16 19:19:19.681,-15.47252747252746,38.41758241758242,0.0,3.164835164835182,577.0,654.0,587.0
2024-10-16 19:19:20.193,-16.7032967032967,41.406593406593416,0.0,3.164835164835182,577.0,655.0,588.0
2024-10-16 19:19:20.706,-17.84615384615384,44.395604395604394,-0.0879120879120876,3.164835164835182,577.0,655.0,588.0
2024-10-16 19:19:21.202,-19.076923076923066,47.472527472527474,-0.0879120879120876,3.164835164835182,577.0,656.0,588.0
2024-10-16 19:19:21.713,-20.307692307692307,50.46153846153847,0.0,3.164835164835182,577.0,657.0,589.0
2024-10-16 19:19:22.225,-21.450549450549445,53.53846153846155,0.0,3.164835164835182,577.0,658.0,590.0
2024-10-16 19:19:22.737,-22.681318681318672,56.527472527472526,0.0,3.164835164835182,577.0,659.0,590.0
2024-10-16 19:19:23.233,-23.912087912087912,59.42857142857143,0.0,3.164835164835182,578.0,660.0,591.0
2024-10-16 19:19:23.745,-25.05494505494505,62.41758241758242,0.0,3.164835164835182,578.0,661.0,592.0
2024-10-16 19:19:24.241,-26.285714285714278,65.31868131868133,0.0,3.164835164835182,578.0,661.0,592.0
2024-10-16 19:19:24.753,-27.428571428571416,68.3956043956044,0.0,3.164835164835182,578.0,662.0,593.0
2024-10-16 19:19:25.267,-28.659340659340657,71.47252747252747,0.0,3.164835164835182,578.0,664.0,593.0
2024-10-16 19:19:25.778,-29.890109890109883,74.37362637362637,0.0,3.164835164835182,578.0,664.0,594.0
2024-10-16 19:19:26.274,-31.032967032967022,77.36263736263737,-0.0879120879120876,3.164835164835182,578.0,665.0,595.0
2024-10-16 19:19:26.818,-32.175824175824175,80.26373626373626,0.0,3.164835164835182,579.0,666.0,595.0
2024-10-16 19:19:27.298,-33.49450549450549,83.42857142857144,0.0,3.164835164835182,579.0,667.0,596.0
2024-10-16 19:19:27.810,-34.63736263736263,86.50549450549451,-0.0879120879120876,3.164835164835182,579.0,668.0,596.0
2024-10-16 19:19:28.306,-35.868131868131854,89.4065934065934,0.0,3.164835164835182,580.0,669.0,597.0
2024-10-16 19:19:28.818,-37.09890109890108,92.30769230769232,0.0,3.164835164835182,580.0,670.0,598.0
2024-10-16 19:19:29.346,-38.24175824175825,95.56043956043956,0.0,3.164835164835182,580.0,671.0,598.0
2024-10-16 19:19:29.842,-39.472527472527474,98.37362637362637,0.0,3.164835164835182,580.0,672.0,599.0
2024-10-16 19:19:30.402,-40.7032967032967,101.27472527472528,0.0,3.164835164835182,580.0,673.0,599.0
2024-10-16 19:19:30.851,-41.84615384615384,104.26373626373626,0.0,3.164835164835182,580.0,674.0,600.0
2024-10-16 19:19:31.379,-43.076923076923066,107.25274725274727,0.0,3.164835164835182,581.0,675.0,600.0
2024-10-16 19:19:31.858,-44.30769230769229,110.32967032967034,0.0,3.164835164835182,581.0,676.0,601.0
2024-10-16 19:19:32.371,-45.45054945054943,113.23076923076923,0.0,3.164835164835182,581.0,677.0,601.0
2024-10-16 19:19:32.867,-46.681318681318686,116.21978021978023,-0.0879120879120876,3.164835164835182,581.0,678.0,602.0
2024-10-16 19:19:33.378,-47.91208791208791,119.2967032967033,0.0,3.164835164835182,582.0,679.0,602.0
2024-10-16 19:19:33.891,-49.05494505494505,122.28571428571428,0.0,3.164835164835182,582.0,681.0,603.0
2024-10-16 19:19:34.388,-50.28571428571428,125.27472527472528,0.0,3.164835164835182,582.0,681.0,603.0
2024-10-16 19:19:34.899,-51.428571428571416,128.26373626373626,0.0,3.164835164835182,582.0,683.0,603.0
2024-10-16 19:19:35.411,-52.65934065934064,131.25274725274727,0.0,3.164835164835182,582.0,683.0,604.0
2024-10-16 19:19:35.924,-53.8901098901099,134.5054945054945,-0.0879120879120876,3.164835164835182,582.0,684.0,604.0
2024-10-16 19:19:36.452,-55.032967032967036,137.23076923076923,0.0,3.164835164835182,582.0,685.0,605.0
2024-10-16 19:19:36.931,-56.26373626373626,140.21978021978023,-0.0879120879120876,3.164835164835182,582.0,686.0,605.0
2024-10-16 19:19:37.475,-57.49450549450549,143.3846153846154,0.0,3.164835164835182,582.0,687.0,606.0
2024-10-16 19:19:37.940,-58.63736263736263,146.28571428571428,-0.0879120879120876,3.164835164835182,583.0,688.0,606.0
2024-10-16 19:19:38.467,-59.868131868131854,149.1868131868132,0.0,3.164835164835182,583.0,688.0,606.0
2024-10-16 19:19:38.963,-58.8131868131868,147.0769230769231,-0.0879120879120876,3.164835164835182,583.0,687.0,605.0
2024-10-16 19:19:39.459,-57.670329670329664,144.26373626373626,-0.0879120879120876,3.164835164835182,582.0,685.0,605.0
2024-10-16 19:19:39.987,-56.43956043956044,141.27472527472528,-0.0879120879120876,3.164835164835182,582.0,683.0,604.0
2024-10-16 19:19:40.484,-55.20879120879121,138.28571428571428,-0.0879120879120876,3.164835164835182,581.0,681.0,603.0
2024-10-16 19:19:40.979,-54.06593406593407,135.3846153846154,-0.0879120879120876,3.164835164835182,581.0,680.0,603.0
2024-10-16 19:19:41.492,-52.83516483516482,132.30769230769232,0.0,3.164835164835182,580.0,678.0,602.0
2024-10-16 19:19:42.003,-51.60439560439559,129.4065934065934,0.0,3.164835164835182,580.0,677.0,601.0
2024-10-16 19:19:42.500,-50.46153846153845,126.41758241758242,0.0,3.164835164835182,580.0,675.0,601.0
2024-10-16 19:19:43.028,-49.230769230769226,123.16483516483518,0.0,3.164835164835182,579.0,674.0,600.0
2024-10-16 19:19:43.572,-48.08791208791209,120.08791208791209,-0.0879120879120876,3.164835164835182,579.0,672.0,600.0
2024-10-16 19:19:44.020,-46.85714285714286,117.36263736263737,0.0,3.164835164835182,579.0,671.0,599.0
2024-10-16 19:19:44.533,-45.626373626373606,114.28571428571428,0.0,3.164835164835182,578.0,670.0,599.0
2024-10-16 19:19:45.044,-44.48351648351647,111.2967032967033,-0.0879120879120876,3.164835164835182,579.0,669.0,598.0
2024-10-16 19:19:45.556,-43.25274725274724,108.39560439560441,-0.0879120879120876,3.164835164835182,578.0,668.0,598.0
2024-10-16 19:19:46.069,-42.021978021978015,105.31868131868131,0.0,3.164835164835182,578.0,667.0,597.0
2024-10-16 19:19:46.564,-40.879120879120876,102.32967032967034,-0.0879120879120876,3.164835164835182,578.0,666.0,597.0
2024-10-16 19:19:47.076,-39.64835164835165,99.34065934065936,0.0,3.164835164835182,577.0,665.0,596.0
2024-10-16 19:19:47.573,-38.41758241758242,96.43956043956044,-0.0879120879120876,3.164835164835182,577.0,664.0,595.0
2024-10-16 19:19:48.084,-37.274725274725256,93.36263736263737,0.0,3.164835164835182,577.0,663.0,595.0
2024-10-16 19:19:48.613,-36.04395604395603,90.37362637362637,-0.0879120879120876,3.164835164835182,577.0,662.0,594.0
2024-10-16 19:19:49.094,-34.8131868131868,87.38461538461539,0.0,3.164835164835182,577.0,661.0,594.0
2024-10-16 19:19:49.621,-33.58241758241758,84.39560439560441,-0.0879120879120876,3.164835164835182,576.0,660.0,593.0
2024-10-16 19:19:50.117,-32.43956043956044,81.4065934065934,-0.0879120879120876,3.164835164835182,576.0,660.0,592.0
2024-10-16 19:19:50.613,-31.208791208791197,78.41758241758242,0.0,3.164835164835182,576.0,659.0,592.0
2024-10-16 19:19:51.124,-29.97802197802197,75.42857142857144,0.0,3.164835164835182,576.0,658.0,591.0
2024-10-16 19:19:51.637,-28.835164835164832,72.43956043956044,0.0,3.164835164835182,576.0,657.0,591.0
2024-10-16 19:19:52.133,-27.60439560439559,69.36263736263737,-0.0879120879120876,3.164835164835182,576.0,656.0,590.0
2024-10-16 19:19:52.645,-26.461538461538453,66.37362637362638,-0.0879120879120876,3.164835164835182,576.0,656.0,590.0
2024-10-16 19:19:53.157,-25.230769230769226,63.38461538461539,-0.0879120879120876,3.164835164835182,576.0,655.0,589.0
2024-10-16 19:19:53.669,-24.0,60.395604395604394,0.0,3.164835164835182,576.0,654.0,588.0
2024-10-16 19:19:54.165,-22.76923076923076,57.4945054945055,0.0,3.164835164835182,576.0,653.0,588.0
2024-10-16 19:19:54.677,-21.62637362637362,54.329670329670336,0.0,3.164835164835182,576.0,652.0,587.0
2024-10-16 19:19:55.189,-20.483516483516482,51.252747252747255,-0.0879120879120876,3.164835164835182,576.0,651.0,586.0
2024-10-16 19:19:55.685,-19.164835164835154,48.43956043956044,0.0,3.164835164835182,576.0,651.0,585.0
2024-10-16 19:19:56.197,-18.021978021978015,45.36263736263737,0.0,3.164835164835182,576.0,650.0,585.0
2024-10-16 19:19:56.694,-16.879120879120876,42.37362637362638,0.0,3.164835164835182,576.0,650.0,585.0
2024-10-16 19:19:57.205,-15.648351648351635,39.38461538461539,0.0,3.164835164835182,576.0,649.0,584.0
2024-10-16 19:19:57.717,-14.329670329670321,36.395604395604394,-0.0879120879120876,3.164835164835182,576.0,648.0,583.0
2024-10-16 19:19:58.230,-13.186813186813183,33.406593406593416,-0.0879120879120876,3.164835164835182,576.0,648.0,582.0
2024-10-16 19:19:58.726,-12.043956043956044,30.417582417582423,0.0,3.164835164835182,576.0,647.0,582.0
2024-10-16 19:19:59.238,-10.813186813186803,27.340659340659343,-0.0879120879120876,3.0769230769230944,576.0,647.0,582.0
2024-10-16 19:19:59.766,-9.670329670329664,24.439560439560438,-0.0879120879120876,3.0769230769230944,576.0,646.0,581.0
2024-10-16 19:20:00.246,-8.439560439560438,21.362637362637372,-0.0879120879120876,3.0769230769230944,576.0,646.0,581.0
2024-10-16 19:20:00.757,-7.208791208791197,18.37362637362638,0.0,3.0769230769230944,576.0,646.0,581.0
2024-10-16 19:20:01.270,-5.978021978021971,15.384615384615387,0.0,3.0769230769230944,576.0,645.0,581.0
2024-10-16 19:20:01.766,-4.835164835164832,12.395604395604394,-0.0879120879120876,3.0769230769230944,576.0,646.0,580.0
2024-10-16 19:20:02.278,-3.6043956043955916,9.582417582417591,0.0,3.0769230769230944,576.0,645.0,580.0
2024-10-16 19:20:02.790,-2.461538461538453,6.505494505494511,0.0,2.989010989011007,576.0,645.0,580.0
2024-10-16 19:20:03.301,-1.1428571428571388,3.604395604395606,-0.0879120879120876,2.989010989011007,576.0,645.0,580.0
