2024-10-16 19:49:32.523,-0.0,-0.08791208791205918,0.0,-0.0,551.0,521.0,529.0
2024-10-16 19:49:32.876,-0.0,0.0,0.0,2.901098901098905,552.0,522.0,529.0
2024-10-16 19:49:33.180,-0.0,0.0,0.0,5.890109890109898,554.0,522.0,530.0
2024-10-16 19:49:33.500,-0.0,0.0,0.0,8.967032967032978,555.0,523.0,532.0
2024-10-16 19:49:33.884,-0.0,0.0,0.0,11.868131868131869,557.0,523.0,533.0
2024-10-16 19:49:34.189,-0.0,0.0,-0.08791208791205918,14.945054945054949,558.0,523.0,534.0
2024-10-16 19:49:34.492,-0.0,0.0,0.0,17.93406593406594,559.0,524.0,535.0
2024-10-16 19:49:34.796,-0.0,0.0,0.0,20.74725274725276,560.0,524.0,536.0
2024-10-16 19:49:35.100,-0.0,0.0,0.0,23.824175824175825,562.0,524.0,537.0
2024-10-16 19:49:35.404,-0.0,0.0,-0.08791208791205918,26.901098901098905,563.0,524.0,538.0
2024-10-16 19:49:35.708,-0.0,0.0,-0.08791208791205918,29.890109890109898,564.0,525.0,539.0
2024-10-16 19:49:36.013,-0.0,0.0,0.0,32.87912087912089,565.0,525.0,539.0
2024-10-16 19:49:36.316,-0.0,0.0,-0.08791208791205918,35.86813186813187,566.0,525.0,540.0
2024-10-16 19:49:36.621,-0.0,0.0,-0.08791208791205918,38.85714285714286,567.0,525.0,540.0
2024-10-16 19:49:36.925,-0.0,0.0,-0.08791208791205918,41.846153846153854,568.0,525.0,541.0
2024-10-16 19:49:37.228,0.0879120879120876,0.0,-0.17582417582423204,44.835164835164846,570.0,526.0,541.0
2024-10-16 19:49:37.533,-0.0,0.0,-0.17582417582423204,47.824175824175825,570.0,526.0,542.0
2024-10-16 19:49:37.837,-0.0,0.0,-0.2637362637362912,50.90109890109892,570.0,526.0,542.0
2024-10-16 19:49:38.141,-0.0,0.0,-0.2637362637362912,53.8901098901099,571.0,526.0,542.0
2024-10-16 19:49:38.444,-0.0,0.0,-0.2637362637362912,56.879120879120876,571.0,526.0,542.0
2024-10-16 19:49:38.749,-0.0,0.0,-0.2637362637362912,59.86813186813188,571.0,527.0,542.0
2024-10-16 19:49:39.053,-0.0,0.0,-0.2637362637362912,62.769230769230774,571.0,527.0,542.0
2024-10-16 19:49:39.356,-0.0,0.0,-0.2637362637362912,65.84615384615387,571.0,527.0,542.0
2024-10-16 19:49:39.660,-0.0,0.0,-0.2637362637362912,68.74725274725276,571.0,527.0,541.0
2024-10-16 19:49:39.965,-0.0,0.0,-0.2637362637362912,71.73626373626374,571.0,527.0,540.0
2024-10-16 19:49:40.269,-0.0,0.0,-0.2637362637362912,74.90109890109892,571.0,527.0,540.0
2024-10-16 19:49:40.573,-0.0,0.0,-0.2637362637362912,77.80219780219781,570.0,527.0,539.0
2024-10-16 19:49:40.877,-0.0,0.0,-0.2637362637362912,80.79120879120879,569.0,527.0,538.0
2024-10-16 19:49:41.181,-0.0,0.0,-0.2637362637362912,83.7802197802198,568.0,527.0,537.0
2024-10-16 19:49:41.485,-0.0,0.0,-0.2637362637362912,86.76923076923077,567.0,528.0,536.0
2024-10-16 19:49:41.789,-0.0,0.0,-0.2637362637362912,89.75824175824175,566.0,528.0,534.0
2024-10-16 19:49:42.093,-0.0,0.0,-0.2637362637362912,92.74725274725276,564.0,528.0,532.0
2024-10-16 19:49:42.396,-0.0,0.0,-0.2637362637362912,95.64835164835165,562.0,528.0,531.0
2024-10-16 19:49:42.701,-0.0,0.0,-0.2637362637362912,98.72527472527474,560.0,528.0,529.0
2024-10-16 19:49:43.005,-0.0,0.0,-0.2637362637362912,101.8901098901099,558.0,528.0,527.0
2024-10-16 19:49:43.325,-0.0,0.0,-0.3516483516483504,104.79120879120879,556.0,528.0,525.0
2024-10-16 19:49:43.613,-0.0,0.0,-0.3516483516483504,107.69230769230771,553.0,528.0,523.0
2024-10-16 19:49:43.917,-0.0,0.0,-0.3516483516483504,110.68131868131869,551.0,527.0,521.0
2024-10-16 19:49:44.238,-0.0,0.0,-0.2637362637362912,113.67032967032966,548.0,527.0,519.0
2024-10-16 19:49:44.525,-0.0,0.0,-0.3516483516483504,116.65934065934067,547.0,527.0,517.0
2024-10-16 19:49:44.831,-0.0,0.0,-0.3516483516483504,119.64835164835165,544.0,527.0,515.0
2024-10-16 19:49:45.133,-0.0,0.0,-0.3516483516483504,122.63736263736263,542.0,527.0,513.0
2024-10-16 19:49:45.453,-0.0,0.0,-0.3516483516483504,125.62637362637363,540.0,527.0,511.0
2024-10-16 19:49:45.741,-0.0,0.0,-0.3516483516483504,128.6153846153846,537.0,527.0,509.0
2024-10-16 19:49:46.046,-0.0,0.0,-0.3516483516483504,131.60439560439562,535.0,527.0,507.0
2024-10-16 19:49:46.365,-0.0,0.0,-0.3516483516483504,134.6813186813187,533.0,527.0,505.0
2024-10-16 19:49:46.688,-0.0,0.0,-0.3516483516483504,137.58241758241758,531.0,527.0,503.0
2024-10-16 19:49:47.070,-0.0,0.0,-0.3516483516483504,140.65934065934067,528.0,527.0,501.0
2024-10-16 19:49:47.373,-0.0,0.0,-0.3516483516483504,143.56043956043956,527.0,528.0,500.0
2024-10-16 19:49:47.678,-0.0,0.0,-0.3516483516483504,146.54945054945057,524.0,528.0,498.0
2024-10-16 19:49:47.982,-0.0,0.0,-0.3516483516483504,149.62637362637363,522.0,528.0,497.0
2024-10-16 19:49:48.286,-0.0,-0.08791208791205918,-0.3516483516483504,148.74725274725276,523.0,529.0,498.0
2024-10-16 19:49:48.589,-0.0,0.0,-0.3516483516483504,147.7802197802198,524.0,529.0,498.0
2024-10-16 19:49:48.894,-0.0,-0.08791208791205918,-0.3516483516483504,146.8131868131868,525.0,529.0,499.0
2024-10-16 19:49:49.198,-0.0,0.0,-0.3516483516483504,145.84615384615387,525.0,529.0,500.0
2024-10-16 19:49:49.502,-0.0,0.0,-0.3516483516483504,144.7912087912088,527.0,529.0,500.0
2024-10-16 19:49:49.806,-0.0,0.0,-0.3516483516483504,143.73626373626374,527.0,529.0,501.0
2024-10-16 19:49:50.110,-0.0,0.0,-0.3516483516483504,142.76923076923077,528.0,529.0,501.0
2024-10-16 19:49:50.414,0.0879120879120876,0.0,-0.3516483516483504,141.8021978021978,529.0,529.0,502.0
2024-10-16 19:49:50.718,0.0879120879120876,0.0,-0.3516483516483504,140.74725274725276,529.0,529.0,503.0
2024-10-16 19:49:51.022,0.0879120879120876,0.0,-0.3516483516483504,139.86813186813188,530.0,529.0,504.0
2024-10-16 19:49:51.326,-0.0,-0.08791208791205918,-0.3516483516483504,138.8131868131868,531.0,529.0,504.0
2024-10-16 19:49:51.630,0.0879120879120876,0.0,-0.3516483516483504,137.75824175824175,532.0,529.0,505.0
2024-10-16 19:49:51.934,0.0879120879120876,-0.08791208791205918,-0.2637362637362912,136.87912087912088,533.0,529.0,506.0
2024-10-16 19:49:52.238,0.0879120879120876,0.0,-0.3516483516483504,135.82417582417582,534.0,529.0,506.0
2024-10-16 19:49:52.543,0.0879120879120876,0.0,-0.3516483516483504,134.85714285714286,534.0,528.0,507.0
2024-10-16 19:49:52.846,0.0879120879120876,0.0,-0.2637362637362912,133.8901098901099,535.0,528.0,507.0
2024-10-16 19:49:53.150,0.0879120879120876,0.0,-0.3516483516483504,132.74725274725276,536.0,528.0,508.0
2024-10-16 19:49:53.454,-0.0,0.0,-0.3516483516483504,131.86813186813188,537.0,528.0,509.0
2024-10-16 19:49:53.758,0.0879120879120876,0.0,-0.3516483516483504,130.90109890109892,538.0,528.0,509.0
2024-10-16 19:49:54.062,-0.0,0.0,-0.3516483516483504,129.84615384615384,539.0,528.0,511.0
2024-10-16 19:49:54.366,-0.0,0.0,-0.3516483516483504,128.87912087912088,540.0,528.0,511.0
2024-10-16 19:49:54.671,0.0879120879120876,0.0,-0.3516483516483504,127.82417582417582,541.0,528.0,512.0
2024-10-16 19:49:54.974,0.0879120879120876,0.0,-0.3516483516483504,126.85714285714286,541.0,528.0,513.0
2024-10-16 19:49:55.278,0.0879120879120876,0.0,-0.3516483516483504,125.8901098901099,543.0,528.0,514.0
2024-10-16 19:49:55.582,-0.0,0.0,-0.3516483516483504,124.83516483516485,543.0,528.0,514.0
2024-10-16 19:49:55.886,0.0879120879120876,0.0,-0.3516483516483504,123.86813186813188,545.0,528.0,516.0
2024-10-16 19:49:56.191,-0.0,-0.08791208791205918,-0.3516483516483504,122.90109890109892,545.0,528.0,516.0
2024-10-16 19:49:56.494,0.0879120879120876,0.0,-0.3516483516483504,121.84615384615384,546.0,528.0,517.0
2024-10-16 19:49:56.799,0.0879120879120876,0.0,-0.3516483516483504,120.87912087912088,547.0,527.0,518.0
2024-10-16 19:49:57.103,0.0879120879120876,0.0,-0.3516483516483504,119.82417582417582,548.0,527.0,518.0
2024-10-16 19:49:57.406,0.0879120879120876,0.0,-0.3516483516483504,118.85714285714286,549.0,527.0,519.0
2024-10-16 19:49:57.710,0.0879120879120876,0.0,-0.3516483516483504,117.8901098901099,549.0,527.0,520.0
2024-10-16 19:49:58.015,0.0879120879120876,0.0,-0.3516483516483504,116.83516483516485,550.0,527.0,520.0
2024-10-16 19:49:58.319,0.0879120879120876,0.0,-0.3516483516483504,115.86813186813188,551.0,527.0,521.0
2024-10-16 19:49:58.623,0.0879120879120876,0.0,-0.3516483516483504,114.90109890109892,552.0,527.0,522.0
2024-10-16 19:49:58.927,0.0879120879120876,0.0,-0.2637362637362912,113.84615384615384,553.0,527.0,523.0
2024-10-16 19:49:59.231,0.0879120879120876,0.0,-0.3516483516483504,112.87912087912088,554.0,527.0,524.0
2024-10-16 19:49:59.535,-0.0,0.0,-0.3516483516483504,111.82417582417582,555.0,527.0,524.0
2024-10-16 19:49:59.854,0.0879120879120876,0.0,-0.2637362637362912,110.94505494505495,556.0,527.0,525.0
2024-10-16 19:50:00.143,0.0879120879120876,-0.08791208791205918,-0.3516483516483504,109.8901098901099,557.0,527.0,526.0
2024-10-16 19:50:00.447,0.0879120879120876,0.0,-0.3516483516483504,108.83516483516485,557.0,527.0,527.0
2024-10-16 19:50:00.751,0.0879120879120876,0.0,-0.3516483516483504,107.86813186813188,558.0,527.0,527.0
2024-10-16 19:50:01.071,0.0879120879120876,0.0,-0.2637362637362912,106.90109890109892,559.0,527.0,528.0
2024-10-16 19:50:01.359,0.0879120879120876,0.0,-0.3516483516483504,105.84615384615384,560.0,527.0,529.0
2024-10-16 19:50:01.663,-0.0,0.0,-0.3516483516483504,104.96703296703296,560.0,527.0,530.0
2024-10-16 19:50:01.983,0.0879120879120876,0.0,-0.3516483516483504,103.91208791208791,561.0,527.0,530.0
2024-10-16 19:50:02.287,0.0879120879120876,0.0,-0.3516483516483504,102.85714285714286,561.0,526.0,531.0
2024-10-16 19:50:02.575,0.0879120879120876,0.0,-0.3516483516483504,102.06593406593407,562.0,526.0,531.0
2024-10-16 19:50:02.879,-0.0,0.0,-0.3516483516483504,100.92307692307693,563.0,526.0,532.0
2024-10-16 19:50:03.199,0.0879120879120876,0.0,-0.3516483516483504,100.04395604395606,563.0,526.0,532.0
2024-10-16 19:50:03.503,0.0879120879120876,0.0,-0.3516483516483504,99.0769230769231,564.0,526.0,533.0
2024-10-16 19:50:03.807,0.0879120879120876,0.0,-0.3516483516483504,97.93406593406593,564.0,526.0,533.0
2024-10-16 19:50:04.111,0.0879120879120876,0.0,-0.3516483516483504,96.96703296703296,565.0,526.0,534.0
2024-10-16 19:50:04.415,0.0879120879120876,0.0,-0.3516483516483504,96.0,565.0,526.0,535.0
2024-10-16 19:50:04.719,0.0879120879120876,-0.08791208791205918,-0.2637362637362912,95.03296703296704,566.0,526.0,535.0
2024-10-16 19:50:05.023,0.0879120879120876,0.0,-0.2637362637362912,94.06593406593407,566.0,525.0,535.0
2024-10-16 19:50:05.327,0.0879120879120876,0.0,-0.3516483516483504,92.92307692307693,566.0,526.0,536.0
2024-10-16 19:50:05.631,0.0879120879120876,-0.08791208791205918,-0.3516483516483504,91.95604395604397,567.0,525.0,536.0
2024-10-16 19:50:05.935,0.0879120879120876,0.0,-0.3516483516483504,90.989010989011,567.0,525.0,537.0
2024-10-16 19:50:06.239,-0.0,0.0,-0.3516483516483504,89.93406593406593,567.0,525.0,537.0
2024-10-16 19:50:06.543,0.0879120879120876,0.0,-0.3516483516483504,88.96703296703296,568.0,525.0,538.0
2024-10-16 19:50:06.847,0.0879120879120876,0.0,-0.3516483516483504,87.91208791208791,568.0,525.0,538.0
2024-10-16 19:50:07.135,0.0879120879120876,0.0,-0.3516483516483504,87.03296703296704,568.0,525.0,538.0
2024-10-16 19:50:07.456,-0.0,0.0,-0.3516483516483504,86.06593406593407,568.0,525.0,538.0
2024-10-16 19:50:07.760,0.0879120879120876,-0.08791208791205918,-0.3516483516483504,84.92307692307693,568.0,525.0,539.0
2024-10-16 19:50:08.063,0.0879120879120876,-0.08791208791205918,-0.2637362637362912,84.04395604395606,568.0,525.0,539.0
2024-10-16 19:50:08.368,0.0879120879120876,0.0,-0.3516483516483504,82.98901098901098,568.0,525.0,539.0
2024-10-16 19:50:08.672,0.0879120879120876,0.0,-0.3516483516483504,82.02197802197801,568.0,525.0,539.0
2024-10-16 19:50:08.976,0.0879120879120876,0.0,-0.3516483516483504,80.96703296703296,568.0,525.0,539.0
2024-10-16 19:50:09.280,0.0879120879120876,0.0,-0.3516483516483504,79.91208791208791,569.0,525.0,539.0
2024-10-16 19:50:09.584,0.0879120879120876,0.0,-0.3516483516483504,79.03296703296704,568.0,524.0,539.0
2024-10-16 19:50:09.887,-0.0,0.0,-0.3516483516483504,77.97802197802199,568.0,524.0,540.0
2024-10-16 19:50:10.192,0.0879120879120876,0.0,-0.3516483516483504,76.92307692307693,568.0,524.0,540.0
2024-10-16 19:50:10.496,0.0879120879120876,0.0,-0.2637362637362912,76.04395604395606,568.0,524.0,540.0
2024-10-16 19:50:10.800,0.0879120879120876,0.0,-0.3516483516483504,75.0769230769231,568.0,524.0,540.0
2024-10-16 19:50:11.104,0.0879120879120876,0.0,-0.3516483516483504,73.93406593406593,568.0,524.0,540.0
2024-10-16 19:50:11.408,0.0879120879120876,0.0,-0.3516483516483504,72.96703296703296,568.0,524.0,540.0
2024-10-16 19:50:11.712,0.0879120879120876,0.0,-0.3516483516483504,72.0,567.0,524.0,540.0
2024-10-16 19:50:12.016,0.0879120879120876,0.0,-0.3516483516483504,71.03296703296704,567.0,524.0,539.0
2024-10-16 19:50:12.320,0.0879120879120876,0.0,-0.2637362637362912,70.06593406593407,567.0,524.0,539.0
2024-10-16 19:50:12.624,0.0879120879120876,0.0,-0.2637362637362912,69.01098901098902,567.0,524.0,540.0
2024-10-16 19:50:12.928,-0.0,0.0,-0.3516483516483504,68.04395604395606,567.0,524.0,539.0
2024-10-16 19:50:13.233,0.0879120879120876,0.0,-0.3516483516483504,67.0769230769231,567.0,523.0,539.0
2024-10-16 19:50:13.536,0.0879120879120876,0.0,-0.3516483516483504,66.02197802197804,566.0,524.0,539.0
2024-10-16 19:50:13.840,0.0879120879120876,0.0,-0.3516483516483504,65.05494505494505,566.0,524.0,539.0
2024-10-16 19:50:14.144,0.0879120879120876,-0.08791208791205918,-0.3516483516483504,64.0,566.0,523.0,539.0
2024-10-16 19:50:14.448,-0.0,0.0,-0.3516483516483504,63.032967032967036,566.0,523.0,539.0
2024-10-16 19:50:14.752,-0.0,0.0,-0.3516483516483504,62.06593406593407,565.0,523.0,539.0
2024-10-16 19:50:15.072,0.0879120879120876,0.0,-0.3516483516483504,61.01098901098902,565.0,523.0,539.0
2024-10-16 19:50:15.360,0.0879120879120876,-0.08791208791205918,-0.2637362637362912,60.04395604395606,565.0,523.0,538.0
2024-10-16 19:50:15.664,0.0879120879120876,0.0,-0.2637362637362912,59.076923076923094,565.0,523.0,539.0
2024-10-16 19:50:15.968,0.0879120879120876,0.0,-0.2637362637362912,58.02197802197804,564.0,523.0,538.0
2024-10-16 19:50:16.272,-0.0,-0.08791208791205918,-0.3516483516483504,57.05494505494505,564.0,523.0,538.0
2024-10-16 19:50:16.576,0.0879120879120876,0.0,-0.2637362637362912,56.0,563.0,522.0,538.0
2024-10-16 19:50:16.881,0.0879120879120876,0.0,-0.3516483516483504,55.120879120879124,563.0,523.0,538.0
2024-10-16 19:50:17.185,0.0879120879120876,0.0,-0.3516483516483504,54.15384615384616,563.0,522.0,537.0
2024-10-16 19:50:17.488,0.0879120879120876,0.0,-0.3516483516483504,53.01098901098902,563.0,522.0,537.0
2024-10-16 19:50:17.799,0.0879120879120876,-0.08791208791205918,-0.3516483516483504,52.04395604395606,562.0,522.0,537.0
2024-10-16 19:50:18.097,0.0879120879120876,0.0,-0.3516483516483504,51.076923076923094,562.0,522.0,537.0
2024-10-16 19:50:18.401,0.0879120879120876,0.0,-0.2637362637362912,50.10989010989012,562.0,522.0,537.0
2024-10-16 19:50:18.705,0.0879120879120876,0.0,-0.2637362637362912,49.05494505494505,561.0,522.0,536.0
2024-10-16 19:50:19.009,0.0879120879120876,0.0,-0.2637362637362912,48.08791208791209,561.0,522.0,536.0
2024-10-16 19:50:19.313,0.0879120879120876,0.0,-0.2637362637362912,47.120879120879124,561.0,522.0,536.0
2024-10-16 19:50:19.617,0.0879120879120876,0.0,-0.2637362637362912,46.06593406593407,560.0,522.0,536.0
2024-10-16 19:50:19.921,0.0879120879120876,0.0,-0.2637362637362912,45.09890109890111,560.0,522.0,536.0
2024-10-16 19:50:20.224,-0.0,0.0,-0.2637362637362912,44.04395604395606,560.0,522.0,536.0
2024-10-16 19:50:20.529,0.0879120879120876,0.0,-0.2637362637362912,43.16483516483517,560.0,521.0,535.0
2024-10-16 19:50:20.833,0.0879120879120876,0.0,-0.3516483516483504,42.10989010989012,559.0,521.0,535.0
2024-10-16 19:50:21.137,0.0879120879120876,0.0,-0.2637362637362912,41.14285714285714,559.0,521.0,535.0
2024-10-16 19:50:21.441,0.0879120879120876,0.0,-0.2637362637362912,40.08791208791209,559.0,522.0,535.0
2024-10-16 19:50:21.745,0.0879120879120876,0.0,-0.2637362637362912,39.120879120879124,559.0,521.0,534.0
2024-10-16 19:50:22.049,0.0879120879120876,0.0,-0.2637362637362912,38.15384615384616,558.0,521.0,534.0
2024-10-16 19:50:22.353,0.0879120879120876,0.0,-0.3516483516483504,37.01098901098902,558.0,521.0,534.0
2024-10-16 19:50:22.657,0.0879120879120876,0.0,-0.2637362637362912,36.13186813186813,557.0,521.0,534.0
2024-10-16 19:50:22.961,0.0879120879120876,0.0,-0.2637362637362912,35.07692307692308,557.0,521.0,533.0
2024-10-16 19:50:23.265,0.0879120879120876,0.0,-0.3516483516483504,34.10989010989012,557.0,521.0,533.0
2024-10-16 19:50:23.569,0.0879120879120876,0.0,-0.2637362637362912,33.14285714285715,557.0,521.0,533.0
2024-10-16 19:50:23.889,0.0879120879120876,0.0,-0.3516483516483504,32.08791208791209,556.0,521.0,533.0
2024-10-16 19:50:24.177,0.0879120879120876,0.0,-0.2637362637362912,31.120879120879124,556.0,521.0,533.0
2024-10-16 19:50:24.481,0.0879120879120876,0.0,-0.2637362637362912,30.15384615384616,556.0,521.0,532.0
2024-10-16 19:50:24.801,0.0879120879120876,0.0,-0.2637362637362912,29.09890109890111,556.0,521.0,532.0
2024-10-16 19:50:25.105,0.0879120879120876,0.0,-0.2637362637362912,28.13186813186813,555.0,520.0,532.0
2024-10-16 19:50:25.394,0.0879120879120876,0.0,-0.2637362637362912,27.164835164835168,555.0,521.0,532.0
2024-10-16 19:50:25.714,0.0879120879120876,0.0,-0.2637362637362912,26.109890109890117,555.0,521.0,532.0
2024-10-16 19:50:26.017,0.0879120879120876,0.0,-0.2637362637362912,25.142857142857153,554.0,521.0,532.0
2024-10-16 19:50:26.321,0.0879120879120876,0.0,-0.3516483516483504,24.087912087912088,554.0,520.0,531.0
2024-10-16 19:50:26.609,0.0879120879120876,0.0,-0.3516483516483504,23.120879120879124,554.0,520.0,531.0
2024-10-16 19:50:26.913,0.0879120879120876,0.0,-0.2637362637362912,22.15384615384616,554.0,521.0,531.0
2024-10-16 19:50:27.234,0.0879120879120876,0.0,-0.2637362637362912,21.09890109890111,554.0,520.0,531.0
2024-10-16 19:50:27.537,0.0879120879120876,0.0,-0.3516483516483504,20.043956043956044,553.0,521.0,530.0
2024-10-16 19:50:27.826,-0.0,-0.08791208791205918,-0.2637362637362912,19.164835164835168,553.0,520.0,530.0
2024-10-16 19:50:28.146,0.0879120879120876,0.0,-0.2637362637362912,18.109890109890117,552.0,520.0,530.0
2024-10-16 19:50:28.450,0.0879120879120876,0.0,-0.2637362637362912,17.142857142857153,552.0,520.0,530.0
2024-10-16 19:50:28.754,0.0879120879120876,0.0,-0.2637362637362912,16.087912087912088,552.0,520.0,530.0
2024-10-16 19:50:29.057,0.0879120879120876,-0.08791208791205918,-0.2637362637362912,15.120879120879124,552.0,520.0,530.0
2024-10-16 19:50:29.362,0.0879120879120876,0.0,-0.2637362637362912,14.15384615384616,551.0,521.0,529.0
2024-10-16 19:50:29.666,0.0879120879120876,0.0,-0.3516483516483504,13.09890109890111,551.0,520.0,529.0
2024-10-16 19:50:29.970,0.0879120879120876,0.0,-0.2637362637362912,12.131868131868131,551.0,520.0,529.0
2024-10-16 19:50:30.274,0.0879120879120876,0.0,-0.2637362637362912,11.164835164835168,550.0,520.0,529.0
2024-10-16 19:50:30.578,0.0879120879120876,0.0,-0.2637362637362912,10.109890109890117,550.0,520.0,529.0
2024-10-16 19:50:30.882,0.0879120879120876,0.0,-0.2637362637362912,9.142857142857153,550.0,520.0,529.0
2024-10-16 19:50:31.186,-0.0,0.0,-0.2637362637362912,8.087912087912088,549.0,520.0,528.0
2024-10-16 19:50:31.490,0.0879120879120876,0.0,-0.2637362637362912,7.120879120879124,550.0,520.0,528.0
2024-10-16 19:50:31.794,0.0879120879120876,0.0,-0.2637362637362912,6.15384615384616,549.0,520.0,528.0
2024-10-16 19:50:32.098,0.0879120879120876,0.0,-0.2637362637362912,5.098901098901109,549.0,520.0,528.0
2024-10-16 19:50:32.402,0.0879120879120876,-0.08791208791205918,-0.3516483516483504,4.043956043956044,549.0,520.0,527.0
2024-10-16 19:50:32.706,0.0879120879120876,-0.08791208791205918,-0.2637362637362912,3.164835164835168,548.0,520.0,528.0
2024-10-16 19:50:33.010,-0.0,-0.08791208791205918,-0.2637362637362912,2.1098901098901166,548.0,520.0,527.0
2024-10-16 19:50:33.314,0.0879120879120876,-0.08791208791205918,-0.2637362637362912,1.142857142857153,548.0,520.0,527.0
2024-10-16 19:50:33.746,0.0879120879120876,-0.08791208791205918,-0.2637362637362912,1.142857142857153,548.0,520.0,527.0
2024-10-16 19:50:34.242,0.879120879120876,-0.3516483516483504,-0.2637362637362912,1.142857142857153,548.0,520.0,527.0
2024-10-16 19:50:34.754,1.8461538461538396,-0.79120879120876,-0.2637362637362912,1.142857142857153,548.0,520.0,527.0
2024-10-16 19:50:35.266,2.901098901098891,-1.1428571428571104,-0.2637362637362912,1.142857142857153,548.0,520.0,527.0
2024-10-16 19:50:35.779,3.8681318681318544,-1.5824175824176336,-0.2637362637362912,1.142857142857153,548.0,520.0,527.0
2024-10-16 19:50:36.275,4.74725274725273,-1.934065934065984,-0.2637362637362912,1.142857142857153,548.0,520.0,527.0
2024-10-16 19:50:36.786,5.890109890109869,-2.3736263736263936,-0.2637362637362912,1.142857142857153,549.0,520.0,527.0
2024-10-16 19:50:37.299,6.857142857142833,-2.725274725274744,-0.2637362637362912,1.142857142857153,549.0,520.0,527.0
2024-10-16 19:50:37.795,7.824175824175825,-3.1648351648351536,-0.2637362637362912,1.142857142857153,549.0,520.0,527.0
2024-10-16 19:50:38.307,8.879120879120876,-3.516483516483504,-0.2637362637362912,1.142857142857153,549.0,520.0,527.0
2024-10-16 19:50:38.819,9.84615384615384,-3.9560439560440273,-0.2637362637362912,1.142857142857153,549.0,520.0,526.0
2024-10-16 19:50:39.315,10.90109890109889,-4.395604395604437,-0.2637362637362912,1.142857142857153,549.0,520.0,526.0
2024-10-16 19:50:39.827,11.868131868131854,-4.747252747252787,-0.2637362637362912,1.142857142857153,550.0,520.0,526.0
2024-10-16 19:50:40.339,12.835164835164818,-5.186813186813197,-0.2637362637362912,1.142857142857153,549.0,520.0,526.0
2024-10-16 19:50:40.851,13.89010989010987,-5.538461538461547,-0.2637362637362912,1.142857142857153,550.0,520.0,526.0
2024-10-16 19:50:41.347,14.857142857142833,-5.978021978021957,-0.2637362637362912,1.142857142857153,550.0,521.0,526.0
2024-10-16 19:50:41.859,15.824175824175825,-6.329670329670307,-0.2637362637362912,1.142857142857153,550.0,520.0,526.0
2024-10-16 19:50:42.371,16.879120879120876,-6.85714285714289,-0.2637362637362912,1.142857142857153,551.0,521.0,526.0
2024-10-16 19:50:42.867,17.934065934065927,-7.120879120879181,-0.2637362637362912,1.142857142857153,550.0,520.0,525.0
2024-10-16 19:50:43.395,18.90109890109889,-7.56043956043959,-0.2637362637362912,1.142857142857153,551.0,520.0,525.0
2024-10-16 19:50:43.891,19.868131868131854,-7.912087912087941,-0.2637362637362912,1.142857142857153,551.0,521.0,526.0
2024-10-16 19:50:44.387,20.835164835164818,-8.35164835164835,-0.2637362637362912,1.142857142857153,551.0,521.0,525.0
2024-10-16 19:50:44.899,21.89010989010987,-8.79120879120876,-0.2637362637362912,1.142857142857153,551.0,521.0,525.0
2024-10-16 19:50:45.411,22.857142857142833,-9.14285714285711,-0.2637362637362912,1.142857142857153,552.0,521.0,525.0
2024-10-16 19:50:45.908,23.824175824175825,-9.582417582417634,-0.2637362637362912,1.142857142857153,552.0,521.0,525.0
2024-10-16 19:50:46.419,24.879120879120876,-9.934065934065984,-0.2637362637362912,1.142857142857153,552.0,521.0,525.0
2024-10-16 19:50:46.931,25.84615384615384,-10.373626373626394,-0.2637362637362912,1.142857142857153,552.0,521.0,525.0
2024-10-16 19:50:47.428,26.90109890109889,-10.725274725274744,-0.2637362637362912,1.142857142857153,552.0,521.0,524.0
2024-10-16 19:50:47.939,27.868131868131854,-11.164835164835154,-0.2637362637362912,1.142857142857153,553.0,521.0,524.0
2024-10-16 19:50:48.451,28.835164835164818,-11.516483516483504,-0.2637362637362912,1.142857142857153,552.0,521.0,524.0
2024-10-16 19:50:48.964,29.89010989010987,-11.956043956044027,-0.2637362637362912,1.142857142857153,553.0,521.0,524.0
2024-10-16 19:50:49.460,30.857142857142833,-12.395604395604437,-0.2637362637362912,1.142857142857153,553.0,521.0,524.0
2024-10-16 19:50:49.972,31.824175824175825,-12.747252747252787,-0.2637362637362912,1.142857142857153,553.0,521.0,524.0
2024-10-16 19:50:50.483,32.79120879120879,-13.186813186813197,-0.2637362637362912,1.142857142857153,554.0,521.0,523.0
2024-10-16 19:50:50.980,33.84615384615384,-13.538461538461547,-0.2637362637362912,1.142857142857153,554.0,521.0,523.0
2024-10-16 19:50:51.492,34.90109890109889,-13.978021978021957,-0.2637362637362912,1.142857142857153,554.0,521.0,523.0
2024-10-16 19:50:52.004,35.868131868131854,-14.329670329670307,-0.2637362637362912,1.142857142857153,555.0,521.0,523.0
2024-10-16 19:50:52.500,36.83516483516482,-14.76923076923083,-0.2637362637362912,1.142857142857153,555.0,521.0,523.0
2024-10-16 19:50:53.012,37.89010989010987,-15.12087912087918,-0.2637362637362912,1.142857142857153,555.0,521.0,522.0
2024-10-16 19:50:53.525,38.85714285714283,-15.56043956043959,-0.2637362637362912,1.142857142857153,555.0,521.0,522.0
2024-10-16 19:50:54.036,39.824175824175825,-15.91208791208794,-0.2637362637362912,1.142857142857153,555.0,521.0,522.0
2024-10-16 19:50:54.532,40.79120879120879,-16.35164835164835,-0.2637362637362912,1.142857142857153,556.0,521.0,523.0
2024-10-16 19:50:55.061,41.84615384615384,-16.79120879120876,-0.2637362637362912,1.142857142857153,556.0,521.0,523.0
2024-10-16 19:50:55.540,42.90109890109889,-17.14285714285711,-0.2637362637362912,1.142857142857153,557.0,521.0,523.0
2024-10-16 19:50:56.053,43.868131868131854,-17.582417582417634,-0.2637362637362912,1.142857142857153,557.0,521.0,522.0
2024-10-16 19:50:56.564,44.83516483516482,-17.84615384615381,-0.2637362637362912,1.142857142857153,557.0,521.0,522.0
2024-10-16 19:50:57.060,45.89010989010987,-18.373626373626394,-0.2637362637362912,1.142857142857153,558.0,522.0,522.0
2024-10-16 19:50:57.573,46.85714285714283,-18.725274725274744,-0.2637362637362912,1.142857142857153,557.0,521.0,522.0
2024-10-16 19:50:58.085,47.824175824175825,-19.164835164835154,-0.2637362637362912,1.142857142857153,558.0,521.0,522.0
2024-10-16 19:50:58.597,48.879120879120876,-19.516483516483504,-0.2637362637362912,1.142857142857153,558.0,521.0,522.0
2024-10-16 19:50:59.092,49.84615384615384,-19.956043956044027,-0.2637362637362912,1.142857142857153,558.0,522.0,521.0
2024-10-16 19:50:59.605,50.8131868131868,-20.395604395604437,-0.2637362637362912,1.142857142857153,558.0,522.0,522.0
2024-10-16 19:51:00.117,51.868131868131854,-20.747252747252787,-0.2637362637362912,1.142857142857153,559.0,522.0,521.0
2024-10-16 19:51:00.613,52.83516483516482,-21.186813186813197,-0.2637362637362912,1.142857142857153,559.0,522.0,522.0
2024-10-16 19:51:01.141,53.89010989010987,-21.538461538461547,-0.2637362637362912,1.142857142857153,559.0,522.0,521.0
2024-10-16 19:51:01.637,54.769230769230745,-21.978021978021957,-0.2637362637362912,1.142857142857153,559.0,522.0,521.0
2024-10-16 19:51:02.133,55.73626373626374,-22.329670329670307,-0.2637362637362912,1.142857142857153,559.0,522.0,521.0
2024-10-16 19:51:02.645,56.879120879120876,-22.681318681318658,-0.2637362637362912,1.142857142857153,560.0,522.0,521.0
2024-10-16 19:51:03.157,57.75824175824175,-23.20879120879124,-0.2637362637362912,1.142857142857153,560.0,522.0,521.0
2024-10-16 19:51:03.669,58.8131868131868,-23.47252747252753,-0.2637362637362912,1.142857142857153,560.0,522.0,521.0
2024-10-16 19:51:04.165,59.78021978021977,-23.91208791208794,-0.2637362637362912,1.142857142857153,561.0,522.0,520.0
2024-10-16 19:51:04.677,60.83516483516482,-24.35164835164835,-0.2637362637362912,1.142857142857153,561.0,522.0,520.0
2024-10-16 19:51:05.190,61.80219780219778,-24.79120879120876,-0.2637362637362912,1.142857142857153,561.0,522.0,520.0
2024-10-16 19:51:05.685,62.68131868131866,-25.14285714285711,-0.2637362637362912,1.142857142857153,562.0,522.0,520.0
2024-10-16 19:51:06.198,63.73626373626374,-25.582417582417634,-0.2637362637362912,1.142857142857153,561.0,522.0,520.0
2024-10-16 19:51:06.709,64.79120879120879,-25.934065934065984,-0.2637362637362912,1.142857142857153,562.0,522.0,520.0
2024-10-16 19:51:07.206,65.84615384615384,-26.373626373626394,-0.2637362637362912,1.142857142857153,562.0,522.0,520.0
2024-10-16 19:51:07.717,66.8131868131868,-26.725274725274744,-0.2637362637362912,1.142857142857153,563.0,523.0,520.0
2024-10-16 19:51:08.229,67.78021978021977,-27.164835164835154,-0.2637362637362912,1.142857142857153,563.0,523.0,520.0
2024-10-16 19:51:08.726,68.74725274725273,-27.516483516483504,-0.2637362637362912,1.142857142857153,563.0,522.0,520.0
2024-10-16 19:51:09.238,69.80219780219778,-27.956043956044027,-0.2637362637362912,1.142857142857153,563.0,522.0,520.0
2024-10-16 19:51:09.749,70.76923076923075,-28.395604395604437,-0.2637362637362912,1.142857142857153,564.0,523.0,520.0
2024-10-16 19:51:10.246,71.73626373626374,-28.747252747252787,-0.2637362637362912,1.142857142857153,564.0,523.0,520.0
2024-10-16 19:51:10.759,72.7032967032967,-29.186813186813197,-0.2637362637362912,1.142857142857153,564.0,523.0,519.0
2024-10-16 19:51:11.270,73.75824175824175,-29.538461538461547,-0.2637362637362912,1.142857142857153,565.0,523.0,520.0
2024-10-16 19:51:11.782,74.8131868131868,-29.978021978021957,-0.2637362637362912,1.142857142857153,565.0,523.0,519.0
2024-10-16 19:51:12.278,75.78021978021977,-30.329670329670307,-0.2637362637362912,1.142857142857153,565.0,523.0,519.0
2024-10-16 19:51:12.790,76.65934065934064,-30.76923076923083,-0.2637362637362912,1.142857142857153,566.0,523.0,519.0
2024-10-16 19:51:13.286,77.80219780219778,-31.12087912087918,-0.2637362637362912,1.142857142857153,566.0,523.0,519.0
2024-10-16 19:51:13.798,78.76923076923075,-31.56043956043959,-0.2637362637362912,1.142857142857153,567.0,523.0,519.0
2024-10-16 19:51:14.311,79.64835164835165,-31.91208791208794,-0.2637362637362912,1.142857142857153,567.0,523.0,519.0
2024-10-16 19:51:14.806,80.7032967032967,-32.35164835164835,-0.2637362637362912,1.142857142857153,567.0,523.0,518.0
2024-10-16 19:51:15.319,81.75824175824175,-32.79120879120876,-0.2637362637362912,1.142857142857153,568.0,524.0,518.0
2024-10-16 19:51:15.847,82.8131868131868,-33.14285714285711,-0.2637362637362912,1.142857142857153,568.0,523.0,518.0
2024-10-16 19:51:16.343,83.78021978021977,-33.582417582417634,-0.2637362637362912,1.142857142857153,568.0,524.0,518.0
2024-10-16 19:51:16.839,84.65934065934064,-33.934065934065984,-0.2637362637362912,1.142857142857153,569.0,524.0,518.0
2024-10-16 19:51:17.351,85.7142857142857,-34.373626373626394,-0.2637362637362912,1.142857142857153,569.0,524.0,518.0
2024-10-16 19:51:17.862,86.76923076923075,-34.725274725274744,-0.2637362637362912,1.142857142857153,569.0,524.0,518.0
2024-10-16 19:51:18.375,87.73626373626374,-35.164835164835154,-0.2637362637362912,1.142857142857153,570.0,524.0,517.0
2024-10-16 19:51:18.871,88.7032967032967,-35.516483516483504,-0.2637362637362912,1.142857142857153,570.0,524.0,517.0
2024-10-16 19:51:19.383,89.75824175824175,-35.95604395604403,-0.2637362637362912,1.142857142857153,571.0,524.0,518.0
2024-10-16 19:51:19.878,90.54945054945054,-36.39560439560444,-0.2637362637362912,1.142857142857153,571.0,524.0,518.0
2024-10-16 19:51:20.391,91.78021978021977,-36.74725274725279,-0.2637362637362912,1.142857142857153,571.0,524.0,517.0
2024-10-16 19:51:20.903,92.74725274725273,-37.1868131868132,-0.2637362637362912,1.142857142857153,572.0,524.0,517.0
2024-10-16 19:51:21.415,93.7142857142857,-37.53846153846155,-0.2637362637362912,1.142857142857153,572.0,524.0,517.0
2024-10-16 19:51:21.911,94.76923076923075,-37.97802197802196,-0.2637362637362912,1.142857142857153,572.0,524.0,517.0
2024-10-16 19:51:22.423,95.56043956043956,-38.32967032967031,-0.2637362637362912,1.142857142857153,573.0,525.0,517.0
2024-10-16 19:51:22.935,96.61538461538461,-38.76923076923083,-0.2637362637362912,1.142857142857153,573.0,524.0,517.0
2024-10-16 19:51:23.431,97.67032967032966,-39.12087912087918,-0.2637362637362912,1.142857142857153,573.0,524.0,517.0
2024-10-16 19:51:23.943,98.72527472527472,-39.56043956043959,-0.2637362637362912,1.142857142857153,574.0,525.0,517.0
2024-10-16 19:51:24.455,99.69230769230768,-39.91208791208794,-0.2637362637362912,1.142857142857153,574.0,524.0,517.0
2024-10-16 19:51:24.952,100.65934065934064,-40.35164835164835,-0.2637362637362912,1.142857142857153,575.0,525.0,517.0
2024-10-16 19:51:25.463,101.6263736263736,-40.79120879120876,-0.17582417582423204,1.142857142857153,575.0,525.0,517.0
2024-10-16 19:51:25.976,102.59340659340657,-41.14285714285711,-0.2637362637362912,1.142857142857153,575.0,525.0,517.0
2024-10-16 19:51:26.472,103.64835164835165,-41.582417582417634,-0.2637362637362912,1.142857142857153,576.0,525.0,517.0
2024-10-16 19:51:26.984,104.61538461538461,-41.934065934065984,-0.2637362637362912,1.142857142857153,576.0,525.0,517.0
2024-10-16 19:51:27.496,105.67032967032966,-42.373626373626394,-0.2637362637362912,1.142857142857153,577.0,525.0,516.0
2024-10-16 19:51:27.992,106.63736263736263,-42.725274725274744,-0.2637362637362912,1.142857142857153,577.0,525.0,516.0
2024-10-16 19:51:28.504,107.60439560439559,-43.164835164835154,-0.2637362637362912,1.142857142857153,578.0,525.0,516.0
2024-10-16 19:51:29.016,108.57142857142856,-43.516483516483504,-0.2637362637362912,1.142857142857153,578.0,525.0,516.0
2024-10-16 19:51:29.528,109.7142857142857,-43.95604395604403,-0.2637362637362912,1.142857142857153,579.0,525.0,516.0
2024-10-16 19:51:30.024,110.59340659340657,-44.39560439560444,-0.2637362637362912,1.142857142857153,579.0,525.0,516.0
2024-10-16 19:51:30.536,111.64835164835165,-44.65934065934073,-0.2637362637362912,1.142857142857153,580.0,525.0,515.0
2024-10-16 19:51:31.048,112.7032967032967,-45.1868131868132,-0.2637362637362912,1.142857142857153,580.0,526.0,516.0
2024-10-16 19:51:31.544,113.58241758241758,-45.53846153846155,-0.2637362637362912,1.142857142857153,580.0,526.0,515.0
2024-10-16 19:51:32.056,114.72527472527472,-45.97802197802196,-0.2637362637362912,1.142857142857153,581.0,526.0,516.0
2024-10-16 19:51:32.568,115.60439560439559,-46.32967032967031,-0.2637362637362912,1.142857142857153,582.0,526.0,515.0
2024-10-16 19:51:33.065,116.57142857142856,-46.76923076923083,-0.2637362637362912,1.142857142857153,582.0,526.0,515.0
2024-10-16 19:51:33.576,117.6263736263736,-47.12087912087918,-0.2637362637362912,1.142857142857153,582.0,526.0,515.0
2024-10-16 19:51:34.089,118.68131868131866,-47.47252747252753,-0.2637362637362912,1.142857142857153,583.0,526.0,515.0
2024-10-16 19:51:34.585,119.73626373626374,-47.91208791208794,-0.2637362637362912,1.142857142857153,583.0,526.0,515.0
2024-10-16 19:51:35.097,120.7032967032967,-48.35164835164835,-0.2637362637362912,1.142857142857153,584.0,526.0,515.0
2024-10-16 19:51:35.609,121.58241758241758,-48.79120879120876,-0.2637362637362912,1.142857142857153,585.0,526.0,514.0
2024-10-16 19:51:36.121,122.72527472527472,-49.14285714285711,-0.2637362637362912,1.142857142857153,585.0,526.0,515.0
2024-10-16 19:51:36.617,123.60439560439559,-49.582417582417634,-0.2637362637362912,1.142857142857153,585.0,526.0,514.0
2024-10-16 19:51:37.129,124.57142857142856,-49.934065934065984,-0.2637362637362912,1.142857142857153,586.0,526.0,514.0
2024-10-16 19:51:37.625,125.53846153846153,-50.373626373626394,-0.2637362637362912,1.142857142857153,587.0,526.0,514.0
2024-10-16 19:51:38.137,126.5054945054945,-50.725274725274744,-0.2637362637362912,1.142857142857153,587.0,526.0,514.0
2024-10-16 19:51:38.649,127.64835164835164,-51.164835164835154,-0.2637362637362912,1.142857142857153,588.0,526.0,514.0
2024-10-16 19:51:39.161,128.61538461538458,-51.516483516483504,-0.2637362637362912,1.142857142857153,588.0,527.0,514.0
2024-10-16 19:51:39.657,129.58241758241758,-51.95604395604403,-0.2637362637362912,1.142857142857153,588.0,526.0,514.0
2024-10-16 19:51:40.169,130.54945054945054,-52.39560439560444,-0.2637362637362912,1.142857142857153,589.0,527.0,514.0
2024-10-16 19:51:40.681,131.5164835164835,-52.74725274725279,-0.2637362637362912,1.142857142857153,589.0,527.0,513.0
2024-10-16 19:51:41.178,132.65934065934064,-53.1868131868132,-0.2637362637362912,1.142857142857153,590.0,527.0,513.0
2024-10-16 19:51:41.689,133.6263736263736,-53.53846153846155,-0.2637362637362912,1.142857142857153,591.0,527.0,513.0
2024-10-16 19:51:42.201,134.5934065934066,-53.97802197802196,-0.2637362637362912,1.142857142857153,591.0,527.0,513.0
2024-10-16 19:51:42.697,135.56043956043953,-54.32967032967031,-0.2637362637362912,1.142857142857153,592.0,527.0,513.0
2024-10-16 19:51:43.209,136.52747252747253,-54.76923076923083,-0.2637362637362912,1.142857142857153,592.0,527.0,513.0
2024-10-16 19:51:43.721,137.4945054945055,-55.12087912087918,-0.2637362637362912,1.142857142857153,592.0,527.0,513.0
2024-10-16 19:51:44.234,138.54945054945054,-55.56043956043959,-0.2637362637362912,1.142857142857153,593.0,527.0,513.0
2024-10-16 19:51:44.730,139.69230769230768,-55.82417582417588,-0.2637362637362912,1.142857142857153,593.0,528.0,513.0
2024-10-16 19:51:45.242,140.57142857142856,-56.35164835164835,-0.2637362637362912,1.142857142857153,594.0,527.0,512.0
2024-10-16 19:51:45.738,141.6263736263736,-56.79120879120876,-0.2637362637362912,1.142857142857153,594.0,528.0,512.0
2024-10-16 19:51:46.250,142.5934065934066,-57.14285714285711,-0.2637362637362912,1.142857142857153,595.0,528.0,513.0
2024-10-16 19:51:46.763,143.56043956043953,-57.582417582417634,-0.2637362637362912,1.142857142857153,596.0,528.0,512.0
2024-10-16 19:51:47.258,144.7032967032967,-57.934065934065984,-0.2637362637362912,1.142857142857153,596.0,528.0,513.0
2024-10-16 19:51:47.770,145.4945054945055,-58.373626373626394,-0.2637362637362912,1.142857142857153,596.0,528.0,513.0
2024-10-16 19:51:48.282,146.63736263736263,-58.637362637362685,-0.2637362637362912,1.142857142857153,597.0,528.0,512.0
2024-10-16 19:51:48.794,147.6043956043956,-59.164835164835154,-0.2637362637362912,1.142857142857153,598.0,528.0,512.0
2024-10-16 19:51:49.290,148.57142857142856,-59.516483516483504,-0.2637362637362912,1.142857142857153,598.0,528.0,512.0
2024-10-16 19:51:49.802,149.53846153846155,-59.95604395604403,-0.2637362637362912,1.142857142857153,599.0,528.0,511.0
2024-10-16 19:51:50.314,149.010989010989,-59.692307692307736,-0.2637362637362912,1.142857142857153,599.0,528.0,512.0
2024-10-16 19:51:50.811,148.04395604395603,-59.340659340659386,-0.2637362637362912,1.142857142857153,599.0,528.0,511.0
2024-10-16 19:51:51.338,147.16483516483515,-58.90109890109886,-0.2637362637362912,1.142857142857153,598.0,528.0,511.0
2024-10-16 19:51:51.834,146.1098901098901,-58.54945054945051,-0.2637362637362912,1.142857142857153,598.0,527.0,511.0
2024-10-16 19:51:52.330,145.14285714285714,-58.19780219780216,-0.2637362637362912,1.142857142857153,597.0,527.0,511.0
2024-10-16 19:51:52.843,144.17582417582418,-57.84615384615381,-0.2637362637362912,1.142857142857153,597.0,527.0,511.0
2024-10-16 19:51:53.355,143.12087912087912,-57.31868131868134,-0.2637362637362912,1.142857142857153,596.0,527.0,511.0
2024-10-16 19:51:53.867,142.15384615384613,-57.05494505494505,-0.2637362637362912,1.142857142857153,596.0,527.0,511.0
2024-10-16 19:51:54.363,141.010989010989,-56.52747252747258,-0.2637362637362912,1.142857142857153,595.0,527.0,511.0
2024-10-16 19:51:54.875,140.04395604395603,-56.08791208791206,-0.2637362637362912,1.142857142857153,595.0,527.0,511.0
2024-10-16 19:51:55.387,139.16483516483515,-55.73626373626371,-0.2637362637362912,1.142857142857153,594.0,527.0,511.0
2024-10-16 19:51:55.883,138.1098901098901,-55.2967032967033,-0.2637362637362912,1.142857142857153,594.0,527.0,511.0
2024-10-16 19:51:56.394,137.14285714285714,-54.94505494505495,-0.2637362637362912,1.2307692307692406,593.0,526.0,511.0
2024-10-16 19:51:56.907,136.17582417582418,-54.5934065934066,-0.2637362637362912,1.142857142857153,593.0,526.0,511.0
2024-10-16 19:51:57.403,135.12087912087912,-54.15384615384619,-0.2637362637362912,1.142857142857153,592.0,526.0,511.0
2024-10-16 19:51:57.915,134.15384615384613,-53.71428571428578,-0.2637362637362912,1.142857142857153,591.0,526.0,511.0
2024-10-16 19:51:58.428,133.09890109890108,-53.36263736263743,-0.2637362637362912,1.142857142857153,591.0,526.0,511.0
2024-10-16 19:51:58.939,132.13186813186812,-52.923076923076906,-0.2637362637362912,1.142857142857153,591.0,526.0,511.0
2024-10-16 19:51:59.435,131.16483516483515,-52.571428571428555,-0.2637362637362912,1.142857142857153,590.0,526.0,511.0
2024-10-16 19:51:59.947,130.1098901098901,-52.131868131868146,-0.2637362637362912,1.142857142857153,590.0,525.0,511.0
2024-10-16 19:52:00.443,129.14285714285714,-51.692307692307736,-0.2637362637362912,1.142857142857153,589.0,526.0,511.0
2024-10-16 19:52:00.955,128.17582417582418,-51.340659340659386,-0.2637362637362912,1.142857142857153,589.0,525.0,511.0
2024-10-16 19:52:01.467,127.12087912087911,-50.90109890109886,-0.2637362637362912,1.142857142857153,589.0,525.0,511.0
2024-10-16 19:52:01.980,126.15384615384615,-50.54945054945051,-0.2637362637362912,1.142857142857153,588.0,525.0,511.0
2024-10-16 19:52:02.475,125.18681318681318,-50.1098901098901,-0.2637362637362912,1.142857142857153,588.0,525.0,511.0
2024-10-16 19:52:02.988,124.04395604395603,-49.75824175824175,-0.2637362637362912,1.142857142857153,587.0,525.0,511.0
2024-10-16 19:52:03.500,123.16483516483515,-49.31868131868134,-0.2637362637362912,1.142857142857153,587.0,525.0,511.0
2024-10-16 19:52:03.996,122.1098901098901,-49.05494505494505,-0.2637362637362912,1.142857142857153,586.0,525.0,511.0
2024-10-16 19:52:04.508,121.14285714285714,-48.52747252747258,-0.17582417582423204,1.142857142857153,586.0,525.0,511.0
2024-10-16 19:52:05.020,120.17582417582418,-48.08791208791206,-0.2637362637362912,1.142857142857153,585.0,524.0,511.0
2024-10-16 19:52:05.516,119.12087912087912,-47.73626373626371,-0.2637362637362912,1.142857142857153,585.0,525.0,511.0
2024-10-16 19:52:06.028,118.15384615384613,-47.2967032967033,-0.2637362637362912,1.142857142857153,584.0,525.0,511.0
2024-10-16 19:52:06.540,117.09890109890108,-46.94505494505495,-0.2637362637362912,1.142857142857153,583.0,524.0,512.0
2024-10-16 19:52:07.036,116.2197802197802,-46.50549450549454,-0.2637362637362912,1.142857142857153,583.0,524.0,511.0
2024-10-16 19:52:07.548,115.25274725274724,-46.15384615384619,-0.2637362637362912,1.142857142857153,583.0,524.0,512.0
2024-10-16 19:52:08.060,114.1098901098901,-45.71428571428578,-0.2637362637362912,1.142857142857153,582.0,524.0,512.0
2024-10-16 19:52:08.556,113.14285714285714,-45.36263736263743,-0.2637362637362912,1.142857142857153,581.0,524.0,512.0
2024-10-16 19:52:09.069,112.17582417582418,-44.923076923076906,-0.2637362637362912,1.142857142857153,581.0,524.0,512.0
2024-10-16 19:52:09.580,111.12087912087912,-44.571428571428555,-0.2637362637362912,1.142857142857153,580.0,524.0,512.0
2024-10-16 19:52:10.092,110.24175824175822,-44.131868131868146,-0.2637362637362912,1.142857142857153,580.0,524.0,512.0
2024-10-16 19:52:10.589,109.18681318681317,-43.692307692307736,-0.2637362637362912,1.142857142857153,580.0,524.0,512.0
2024-10-16 19:52:11.101,108.2197802197802,-43.340659340659386,-0.2637362637362912,1.142857142857153,579.0,524.0,512.0
2024-10-16 19:52:11.612,107.16483516483515,-42.90109890109886,-0.2637362637362912,1.142857142857153,578.0,523.0,513.0
2024-10-16 19:52:12.125,106.1098901098901,-42.637362637362685,-0.2637362637362912,1.142857142857153,578.0,523.0,512.0
2024-10-16 19:52:12.621,105.23076923076923,-42.1098901098901,-0.2637362637362912,1.142857142857153,577.0,524.0,513.0
2024-10-16 19:52:13.132,104.17582417582418,-41.75824175824175,-0.2637362637362912,1.142857142857153,577.0,524.0,513.0
2024-10-16 19:52:13.628,103.12087912087912,-41.31868131868134,-0.2637362637362912,1.142857142857153,576.0,523.0,513.0
2024-10-16 19:52:14.141,102.15384615384613,-40.96703296703299,-0.2637362637362912,1.142857142857153,576.0,523.0,513.0
2024-10-16 19:52:14.653,101.09890109890108,-40.52747252747258,-0.2637362637362912,1.142857142857153,575.0,523.0,513.0
2024-10-16 19:52:15.149,100.13186813186812,-40.17582417582423,-0.2637362637362912,1.142857142857153,575.0,523.0,513.0
2024-10-16 19:52:15.661,99.16483516483515,-39.73626373626371,-0.2637362637362912,1.142857142857153,574.0,523.0,513.0
2024-10-16 19:52:16.173,98.19780219780219,-39.2967032967033,-0.2637362637362912,1.142857142857153,574.0,523.0,513.0
2024-10-16 19:52:16.685,97.23076923076923,-38.94505494505495,-0.2637362637362912,1.142857142857153,573.0,523.0,513.0
2024-10-16 19:52:17.181,96.17582417582418,-38.50549450549454,-0.2637362637362912,1.142857142857153,573.0,523.0,514.0
2024-10-16 19:52:17.709,95.12087912087912,-38.15384615384619,-0.2637362637362912,1.142857142857153,572.0,522.0,514.0
2024-10-16 19:52:18.189,94.15384615384613,-37.71428571428578,-0.2637362637362912,1.142857142857153,572.0,523.0,514.0
2024-10-16 19:52:18.701,93.18681318681317,-37.36263736263743,-0.2637362637362912,1.142857142857153,571.0,523.0,514.0
2024-10-16 19:52:19.213,92.13186813186812,-36.923076923076906,-0.2637362637362912,1.142857142857153,571.0,523.0,514.0
2024-10-16 19:52:19.725,91.16483516483515,-36.571428571428555,-0.2637362637362912,1.142857142857153,571.0,523.0,514.0
2024-10-16 19:52:20.221,90.19780219780219,-36.131868131868146,-0.2637362637362912,1.142857142857153,570.0,523.0,514.0
2024-10-16 19:52:20.733,89.14285714285714,-35.692307692307736,-0.2637362637362912,1.142857142857153,570.0,522.0,515.0
2024-10-16 19:52:21.261,88.17582417582418,-35.340659340659386,-0.2637362637362912,1.142857142857153,570.0,523.0,515.0
2024-10-16 19:52:21.742,87.12087912087912,-34.989010989011035,-0.2637362637362912,1.142857142857153,569.0,522.0,515.0
2024-10-16 19:52:22.253,86.15384615384613,-34.54945054945051,-0.2637362637362912,1.142857142857153,568.0,522.0,515.0
2024-10-16 19:52:22.766,85.09890109890108,-34.1098901098901,-0.2637362637362912,1.142857142857153,568.0,522.0,516.0
2024-10-16 19:52:23.262,84.13186813186812,-33.75824175824175,-0.2637362637362912,1.142857142857153,568.0,522.0,516.0
2024-10-16 19:52:23.774,83.25274725274724,-33.31868131868134,-0.2637362637362912,1.142857142857153,567.0,522.0,516.0
2024-10-16 19:52:24.286,82.19780219780219,-32.96703296703299,-0.2637362637362912,1.142857142857153,567.0,522.0,516.0
2024-10-16 19:52:24.798,81.23076923076923,-32.52747252747258,-0.2637362637362912,1.142857142857153,566.0,522.0,516.0
2024-10-16 19:52:25.294,80.17582417582418,-32.08791208791206,-0.2637362637362912,1.142857142857153,566.0,522.0,516.0
2024-10-16 19:52:25.806,79.20879120879121,-31.73626373626371,-0.2637362637362912,1.142857142857153,566.0,522.0,516.0
2024-10-16 19:52:26.318,78.24175824175822,-31.2967032967033,-0.2637362637362912,1.142857142857153,565.0,522.0,517.0
2024-10-16 19:52:26.814,77.18681318681317,-30.94505494505495,-0.2637362637362912,1.142857142857153,565.0,522.0,517.0
2024-10-16 19:52:27.326,76.2197802197802,-30.50549450549454,-0.2637362637362912,1.142857142857153,564.0,522.0,517.0
2024-10-16 19:52:27.822,75.25274725274724,-30.15384615384619,-0.2637362637362912,1.142857142857153,564.0,522.0,517.0
2024-10-16 19:52:28.334,74.19780219780219,-29.71428571428578,-0.2637362637362912,1.142857142857153,564.0,522.0,517.0
2024-10-16 19:52:28.846,73.31868131868131,-29.36263736263743,-0.2637362637362912,1.142857142857153,563.0,522.0,518.0
2024-10-16 19:52:29.358,72.17582417582418,-28.923076923076906,-0.2637362637362912,1.142857142857153,563.0,521.0,518.0
2024-10-16 19:52:29.870,71.20879120879121,-28.571428571428555,-0.2637362637362912,1.142857142857153,562.0,521.0,518.0
2024-10-16 19:52:30.366,70.24175824175822,-28.131868131868146,-0.2637362637362912,1.142857142857153,562.0,522.0,518.0
2024-10-16 19:52:30.879,69.18681318681317,-27.692307692307736,-0.2637362637362912,1.142857142857153,561.0,521.0,518.0
2024-10-16 19:52:31.375,68.2197802197802,-27.340659340659386,-0.2637362637362912,1.142857142857153,561.0,521.0,519.0
2024-10-16 19:52:31.887,67.25274725274724,-26.901098901098862,-0.2637362637362912,1.142857142857153,561.0,521.0,519.0
2024-10-16 19:52:32.399,66.28571428571428,-26.549450549450512,-0.2637362637362912,1.142857142857153,561.0,521.0,519.0
2024-10-16 19:52:32.895,65.31868131868131,-26.109890109890102,-0.2637362637362912,1.142857142857153,560.0,521.0,519.0
2024-10-16 19:52:33.407,64.26373626373626,-25.758241758241752,-0.2637362637362912,1.142857142857153,560.0,521.0,519.0
2024-10-16 19:52:33.919,63.2967032967033,-25.318681318681342,-0.2637362637362912,1.142857142857153,560.0,521.0,520.0
2024-10-16 19:52:34.430,62.24175824175822,-24.967032967032992,-0.2637362637362912,1.142857142857153,559.0,521.0,520.0
2024-10-16 19:52:34.927,61.274725274725256,-24.527472527472582,-0.2637362637362912,1.142857142857153,559.0,521.0,520.0
2024-10-16 19:52:35.439,60.219780219780205,-24.08791208791206,-0.2637362637362912,1.142857142857153,559.0,521.0,520.0
2024-10-16 19:52:35.951,59.34065934065933,-23.73626373626371,-0.2637362637362912,1.142857142857153,558.0,521.0,520.0
2024-10-16 19:52:36.447,58.28571428571428,-23.2967032967033,-0.2637362637362912,1.142857142857153,558.0,521.0,521.0
2024-10-16 19:52:36.975,57.230769230769226,-22.94505494505495,-0.2637362637362912,1.142857142857153,557.0,521.0,521.0
2024-10-16 19:52:37.471,56.175824175824175,-22.50549450549454,-0.2637362637362912,1.142857142857153,557.0,521.0,521.0
2024-10-16 19:52:37.967,55.2967032967033,-22.15384615384619,-0.2637362637362912,1.142857142857153,557.0,521.0,521.0
2024-10-16 19:52:38.479,54.32967032967031,-21.71428571428578,-0.2637362637362912,1.142857142857153,557.0,521.0,521.0
2024-10-16 19:52:38.992,53.274725274725256,-21.36263736263743,-0.2637362637362912,1.142857142857153,556.0,521.0,522.0
2024-10-16 19:52:39.503,52.219780219780205,-20.923076923076906,-0.2637362637362912,1.142857142857153,556.0,521.0,522.0
2024-10-16 19:52:39.999,51.428571428571416,-20.571428571428555,-0.2637362637362912,1.142857142857153,556.0,521.0,522.0
2024-10-16 19:52:40.511,50.19780219780219,-20.131868131868146,-0.2637362637362912,1.142857142857153,555.0,521.0,522.0
2024-10-16 19:52:41.024,49.230769230769226,-19.692307692307736,-0.2637362637362912,1.142857142857153,555.0,521.0,522.0
2024-10-16 19:52:41.520,48.175824175824175,-19.340659340659386,-0.2637362637362912,1.142857142857153,555.0,520.0,523.0
2024-10-16 19:52:42.032,47.2967032967033,-18.901098901098862,-0.2637362637362912,1.142857142857153,555.0,521.0,523.0
2024-10-16 19:52:42.544,46.32967032967031,-18.549450549450512,-0.2637362637362912,1.142857142857153,554.0,520.0,523.0
2024-10-16 19:52:43.039,45.274725274725256,-18.109890109890102,-0.2637362637362912,1.142857142857153,554.0,521.0,523.0
2024-10-16 19:52:43.552,44.30769230769229,-17.758241758241752,-0.2637362637362912,1.142857142857153,554.0,520.0,523.0
2024-10-16 19:52:44.064,43.34065934065933,-17.318681318681342,-0.2637362637362912,1.142857142857153,554.0,520.0,523.0
2024-10-16 19:52:44.560,42.19780219780219,-16.967032967032992,-0.2637362637362912,1.142857142857153,553.0,520.0,524.0
2024-10-16 19:52:45.072,41.318681318681314,-16.527472527472582,-0.3516483516483504,1.142857142857153,553.0,520.0,524.0
2024-10-16 19:52:45.584,40.26373626373626,-16.08791208791206,-0.2637362637362912,1.142857142857153,553.0,520.0,524.0
2024-10-16 19:52:46.080,39.2967032967033,-15.736263736263709,-0.2637362637362912,1.142857142857153,553.0,520.0,524.0
2024-10-16 19:52:46.592,38.24175824175822,-15.2967032967033,-0.2637362637362912,1.142857142857153,552.0,520.0,524.0
2024-10-16 19:52:47.104,37.362637362637344,-14.945054945054949,-0.2637362637362912,1.142857142857153,552.0,520.0,524.0
2024-10-16 19:52:47.600,36.39560439560438,-14.50549450549454,-0.2637362637362912,1.142857142857153,552.0,520.0,525.0
2024-10-16 19:52:48.112,35.516483516483504,-14.153846153846189,-0.2637362637362912,1.142857142857153,552.0,520.0,525.0
2024-10-16 19:52:48.624,34.28571428571428,-13.71428571428578,-0.2637362637362912,1.142857142857153,552.0,520.0,525.0
2024-10-16 19:52:49.136,33.318681318681314,-13.362637362637429,-0.2637362637362912,1.142857142857153,552.0,520.0,525.0
2024-10-16 19:52:49.632,32.35164835164835,-12.923076923076906,-0.2637362637362912,1.142857142857153,552.0,520.0,525.0
2024-10-16 19:52:50.144,31.384615384615387,-12.571428571428555,-0.2637362637362912,1.142857142857153,552.0,520.0,525.0
2024-10-16 19:52:50.656,30.417582417582395,-12.131868131868146,-0.2637362637362912,1.142857142857153,551.0,520.0,525.0
2024-10-16 19:52:51.153,29.362637362637344,-11.692307692307736,-0.2637362637362912,1.142857142857153,551.0,520.0,525.0
2024-10-16 19:52:51.665,28.307692307692292,-11.340659340659386,-0.2637362637362912,1.142857142857153,551.0,520.0,525.0
2024-10-16 19:52:52.176,27.34065934065933,-10.989010989011035,-0.2637362637362912,1.142857142857153,551.0,520.0,525.0
2024-10-16 19:52:52.673,26.285714285714278,-10.549450549450512,-0.2637362637362912,1.142857142857153,551.0,520.0,525.0
2024-10-16 19:52:53.184,25.230769230769226,-10.109890109890102,-0.2637362637362912,1.142857142857153,550.0,520.0,525.0
2024-10-16 19:52:53.696,24.35164835164835,-9.758241758241752,-0.2637362637362912,1.142857142857153,551.0,520.0,525.0
2024-10-16 19:52:54.192,23.384615384615387,-9.318681318681342,-0.2637362637362912,1.142857142857153,550.0,520.0,525.0
2024-10-16 19:52:54.705,22.329670329670307,-8.967032967032992,-0.2637362637362912,1.142857142857153,550.0,520.0,525.0
2024-10-16 19:52:55.217,21.274725274725256,-8.527472527472582,-0.2637362637362912,1.142857142857153,551.0,520.0,525.0
2024-10-16 19:52:55.713,20.219780219780205,-8.08791208791206,-0.2637362637362912,1.142857142857153,550.0,520.0,526.0
2024-10-16 19:52:56.225,19.34065934065933,-7.736263736263709,-0.2637362637362912,1.142857142857153,550.0,520.0,526.0
2024-10-16 19:52:56.737,18.285714285714278,-7.296703296703299,-0.2637362637362912,1.142857142857153,550.0,520.0,525.0
2024-10-16 19:52:57.249,17.230769230769226,-6.945054945054949,-0.2637362637362912,1.142857142857153,550.0,520.0,526.0
2024-10-16 19:52:57.745,16.35164835164835,-6.505494505494539,-0.2637362637362912,1.142857142857153,550.0,520.0,526.0
2024-10-16 19:52:58.257,15.384615384615387,-6.153846153846189,-0.2637362637362912,1.142857142857153,550.0,520.0,526.0
2024-10-16 19:52:58.769,14.329670329670307,-5.714285714285779,-0.2637362637362912,1.142857142857153,550.0,520.0,526.0
2024-10-16 19:52:59.265,13.362637362637344,-5.450549450549488,-0.2637362637362912,1.142857142857153,550.0,520.0,526.0
2024-10-16 19:52:59.777,12.307692307692292,-4.923076923076906,-0.2637362637362912,1.142857142857153,550.0,520.0,526.0
2024-10-16 19:53:00.289,11.340659340659329,-4.571428571428555,-0.2637362637362912,1.142857142857153,550.0,520.0,526.0
2024-10-16 19:53:00.785,10.373626373626365,-4.131868131868146,-0.2637362637362912,1.142857142857153,550.0,520.0,526.0
2024-10-16 19:53:01.297,9.318681318681314,-3.692307692307736,-0.2637362637362912,1.142857142857153,550.0,520.0,526.0
2024-10-16 19:53:01.810,8.263736263736263,-3.3406593406593856,-0.2637362637362912,1.142857142857153,549.0,520.0,526.0
2024-10-16 19:53:02.306,7.296703296703299,-2.9010989010988624,-0.2637362637362912,1.142857142857153,550.0,520.0,527.0
2024-10-16 19:53:02.818,6.417582417582395,-2.549450549450512,-0.2637362637362912,1.142857142857153,549.0,520.0,526.0
2024-10-16 19:53:03.329,5.274725274725256,-2.1098901098901024,-0.2637362637362912,1.142857142857153,549.0,520.0,526.0
2024-10-16 19:53:03.826,4.307692307692292,-1.758241758241752,-0.2637362637362912,1.142857142857153,549.0,520.0,526.0
2024-10-16 19:53:04.353,3.340659340659329,-1.3186813186813424,-0.3516483516483504,1.142857142857153,549.0,520.0,527.0
2024-10-16 19:53:04.850,2.373626373626365,-0.967032967032992,-0.2637362637362912,1.142857142857153,549.0,520.0,527.0
2024-10-16 19:53:05.362,1.318681318681314,-0.5274725274725824,-0.2637362637362912,1.142857142857153,549.0,520.0,527.0
2024-10-16 19:53:05.858,0.0879120879120876,-0.08791208791205918,-0.2637362637362912,1.142857142857153,549.0,520.0,527.0
2024-10-16 19:53:06.370,-0.2637362637362628,0.8791208791208192,-0.2637362637362912,1.142857142857153,549.0,520.0,528.0
2024-10-16 19:53:06.882,-0.6153846153846132,1.758241758241752,-0.2637362637362912,1.142857142857153,549.0,520.0,527.0
2024-10-16 19:53:07.378,-1.0549450549450796,2.9010989010988624,-0.3516483516483504,1.142857142857153,548.0,520.0,528.0
2024-10-16 19:53:07.890,-1.4945054945055176,3.780219780219795,-0.2637362637362912,1.142857142857153,548.0,520.0,528.0
2024-10-16 19:53:08.402,-1.846153846153868,4.747252747252787,-0.2637362637362912,1.142857142857153,548.0,520.0,528.0
2024-10-16 19:53:08.899,-2.285714285714306,5.890109890109898,-0.2637362637362912,1.142857142857153,548.0,520.0,529.0
2024-10-16 19:53:09.410,-2.6373626373626564,6.85714285714289,-0.2637362637362912,1.142857142857153,548.0,520.0,528.0
2024-10-16 19:53:09.923,-3.0769230769230944,7.824175824175768,-0.2637362637362912,1.142857142857153,547.0,520.0,529.0
2024-10-16 19:53:10.418,-3.428571428571445,8.87912087912082,-0.2637362637362912,1.142857142857153,547.0,520.0,529.0
2024-10-16 19:53:10.930,-3.868131868131883,9.846153846153811,-0.2637362637362912,1.142857142857153,547.0,520.0,529.0
2024-10-16 19:53:11.443,-4.307692307692321,10.901098901098862,-0.2637362637362912,1.142857142857153,547.0,520.0,530.0
2024-10-16 19:53:11.939,-4.659340659340671,11.868131868131854,-0.2637362637362912,1.142857142857153,546.0,520.0,530.0
2024-10-16 19:53:12.451,-5.098901098901109,12.835164835164846,-0.2637362637362912,1.142857142857153,546.0,521.0,530.0
2024-10-16 19:53:12.963,-5.45054945054946,13.890109890109898,-0.2637362637362912,1.142857142857153,546.0,520.0,531.0
2024-10-16 19:53:13.459,-5.890109890109926,14.85714285714289,-0.2637362637362912,1.142857142857153,546.0,520.0,531.0
2024-10-16 19:53:13.971,-6.241758241758276,15.91208791208794,-0.2637362637362912,1.142857142857153,546.0,520.0,531.0
2024-10-16 19:53:14.482,-6.681318681318686,16.87912087912082,-0.2637362637362912,1.142857142857153,545.0,520.0,531.0
2024-10-16 19:53:14.995,-7.032967032967036,17.84615384615381,-0.2637362637362912,1.142857142857153,545.0,520.0,532.0
2024-10-16 19:53:15.491,-7.472527472527503,18.901098901098862,-0.2637362637362912,1.142857142857153,545.0,520.0,532.0
2024-10-16 19:53:16.003,-7.912087912087912,19.868131868131854,-0.2637362637362912,1.142857142857153,545.0,520.0,532.0
2024-10-16 19:53:16.515,-8.263736263736263,20.835164835164846,-0.2637362637362912,1.142857142857153,544.0,520.0,532.0
2024-10-16 19:53:17.011,-8.70329670329673,21.890109890109898,-0.2637362637362912,1.142857142857153,544.0,520.0,533.0
2024-10-16 19:53:17.523,-9.05494505494508,22.769230769230717,-0.2637362637362912,1.142857142857153,544.0,520.0,533.0
2024-10-16 19:53:18.035,-9.49450549450549,23.91208791208794,-0.2637362637362912,1.142857142857153,544.0,520.0,533.0
2024-10-16 19:53:18.531,-9.84615384615384,24.79120879120876,-0.2637362637362912,1.142857142857153,544.0,520.0,534.0
2024-10-16 19:53:19.044,-10.285714285714306,25.758241758241752,-0.2637362637362912,1.142857142857153,543.0,520.0,534.0
2024-10-16 19:53:19.556,-10.637362637362656,26.901098901098862,-0.2637362637362912,1.142857142857153,543.0,520.0,534.0
2024-10-16 19:53:20.068,-11.076923076923066,27.868131868131854,-0.2637362637362912,1.142857142857153,543.0,520.0,535.0
2024-10-16 19:53:20.564,-11.428571428571416,28.747252747252787,-0.2637362637362912,1.142857142857153,543.0,520.0,535.0
2024-10-16 19:53:21.075,-11.868131868131883,29.80219780219784,-0.2637362637362912,1.142857142857153,543.0,520.0,535.0
2024-10-16 19:53:21.588,-12.307692307692292,30.769230769230717,-0.2637362637362912,1.142857142857153,542.0,520.0,536.0
2024-10-16 19:53:22.084,-12.659340659340643,31.91208791208794,-0.2637362637362912,1.142857142857153,542.0,520.0,536.0
2024-10-16 19:53:22.596,-13.09890109890111,32.87912087912082,-0.2637362637362912,1.142857142857153,542.0,520.0,537.0
2024-10-16 19:53:23.107,-13.45054945054946,33.84615384615381,-0.2637362637362912,1.142857142857153,542.0,520.0,537.0
2024-10-16 19:53:23.604,-13.890109890109926,34.8131868131868,-0.2637362637362912,1.142857142857153,542.0,520.0,537.0
2024-10-16 19:53:24.116,-14.241758241758276,35.780219780219795,-0.2637362637362912,1.142857142857153,542.0,520.0,537.0
2024-10-16 19:53:24.628,-14.681318681318686,36.74725274725279,-0.2637362637362912,1.142857142857153,542.0,520.0,537.0
2024-10-16 19:53:25.124,-15.032967032967036,37.80219780219784,-0.2637362637362912,1.142857142857153,541.0,520.0,538.0
2024-10-16 19:53:25.636,-15.472527472527503,38.76923076923072,-0.2637362637362912,1.142857142857153,541.0,520.0,538.0
2024-10-16 19:53:26.148,-15.912087912087912,39.91208791208794,-0.2637362637362912,1.142857142857153,541.0,520.0,538.0
2024-10-16 19:53:26.692,-16.263736263736263,40.79120879120876,-0.2637362637362912,1.142857142857153,541.0,520.0,539.0
2024-10-16 19:53:27.156,-16.70329670329673,41.75824175824175,-0.2637362637362912,1.142857142857153,540.0,520.0,539.0
2024-10-16 19:53:27.668,-17.05494505494508,42.8131868131868,-0.2637362637362912,1.142857142857153,540.0,520.0,539.0
2024-10-16 19:53:28.164,-17.49450549450549,43.780219780219795,930.6813186813187,-77.4065934065934,540.0,520.0,540.0
2024-10-16 19:53:28.676,-17.84615384615384,44.74725274725279,-0.2637362637362912,1.142857142857153,540.0,521.0,540.0
2024-10-16 19:53:29.188,-18.285714285714306,45.8901098901099,-0.2637362637362912,1.142857142857153,540.0,521.0,540.0
2024-10-16 19:53:29.684,-18.637362637362656,46.76923076923072,-0.2637362637362912,1.142857142857153,540.0,521.0,541.0
2024-10-16 19:53:30.197,-19.076923076923066,47.82417582417577,-0.2637362637362912,1.142857142857153,540.0,520.0,541.0
2024-10-16 19:53:30.709,-19.428571428571416,48.87912087912082,-0.2637362637362912,1.142857142857153,539.0,521.0,541.0
2024-10-16 19:53:31.221,-19.868131868131883,49.75824175824175,-0.2637362637362912,1.142857142857153,539.0,521.0,542.0
2024-10-16 19:53:31.717,-20.39560439560441,50.8131868131868,-0.3516483516483504,1.142857142857153,539.0,521.0,542.0
2024-10-16 19:53:32.229,-20.659340659340643,51.780219780219795,-0.2637362637362912,1.142857142857153,539.0,520.0,542.0
2024-10-16 19:53:32.741,-21.09890109890111,52.74725274725279,-0.2637362637362912,1.142857142857153,539.0,521.0,543.0
2024-10-16 19:53:33.236,-21.45054945054946,53.80219780219784,-0.2637362637362912,1.142857142857153,538.0,521.0,543.0
2024-10-16 19:53:33.748,-21.890109890109926,54.76923076923072,-0.2637362637362912,1.142857142857153,539.0,521.0,543.0
2024-10-16 19:53:34.261,-22.241758241758276,55.82417582417577,-0.2637362637362912,1.142857142857153,538.0,521.0,543.0
2024-10-16 19:53:34.757,-22.681318681318686,56.79120879120876,-0.2637362637362912,1.142857142857153,538.0,521.0,544.0
2024-10-16 19:53:35.269,-23.032967032967036,57.67032967032969,-0.2637362637362912,1.142857142857153,538.0,521.0,544.0
2024-10-16 19:53:35.781,-23.472527472527503,58.8131868131868,-0.2637362637362912,1.142857142857153,538.0,521.0,545.0
2024-10-16 19:53:36.277,-23.912087912087912,59.780219780219795,-0.2637362637362912,1.142857142857153,538.0,521.0,545.0
2024-10-16 19:53:36.789,-24.263736263736263,60.74725274725279,-0.2637362637362912,1.142857142857153,538.0,521.0,545.0
2024-10-16 19:53:37.301,-24.70329670329673,61.80219780219784,-0.2637362637362912,1.142857142857153,538.0,521.0,546.0
2024-10-16 19:53:37.813,-25.05494505494508,62.76923076923072,-0.2637362637362912,1.142857142857153,537.0,521.0,546.0
2024-10-16 19:53:38.309,-25.49450549450549,63.82417582417577,-0.2637362637362912,1.142857142857153,537.0,521.0,546.0
2024-10-16 19:53:38.821,-25.84615384615384,64.79120879120876,-0.2637362637362912,1.142857142857153,537.0,521.0,546.0
2024-10-16 19:53:39.334,-26.285714285714306,65.75824175824175,-0.2637362637362912,1.142857142857153,537.0,521.0,547.0
2024-10-16 19:53:39.829,-26.637362637362656,66.8131868131868,-0.2637362637362912,1.142857142857153,537.0,521.0,547.0
2024-10-16 19:53:40.342,-27.076923076923066,67.69230769230762,-0.2637362637362912,1.142857142857153,537.0,521.0,547.0
2024-10-16 19:53:40.837,-27.428571428571416,68.74725274725279,-0.2637362637362912,1.142857142857153,536.0,521.0,548.0
2024-10-16 19:53:41.349,-27.868131868131883,69.71428571428567,-0.2637362637362912,1.142857142857153,536.0,521.0,548.0
2024-10-16 19:53:41.861,-28.307692307692292,70.76923076923072,-0.2637362637362912,1.142857142857153,536.0,521.0,549.0
2024-10-16 19:53:42.374,-28.659340659340643,71.82417582417577,-0.2637362637362912,1.142857142857153,536.0,521.0,549.0
2024-10-16 19:53:42.870,-29.09890109890111,72.7032967032967,-0.2637362637362912,1.142857142857153,536.0,521.0,550.0
2024-10-16 19:53:43.381,-29.45054945054946,73.75824175824175,-0.2637362637362912,1.142857142857153,536.0,521.0,550.0
2024-10-16 19:53:43.894,-29.890109890109926,74.72527472527474,-0.2637362637362912,1.142857142857153,536.0,521.0,550.0
2024-10-16 19:53:44.389,-30.241758241758276,75.7802197802198,-0.2637362637362912,1.142857142857153,535.0,521.0,551.0
2024-10-16 19:53:44.901,-30.681318681318686,76.74725274725279,-0.2637362637362912,1.142857142857153,535.0,522.0,551.0
2024-10-16 19:53:45.414,-31.032967032967036,77.71428571428567,-0.2637362637362912,1.142857142857153,535.0,521.0,552.0
2024-10-16 19:53:45.910,-31.472527472527503,78.76923076923072,-0.2637362637362912,1.142857142857153,535.0,521.0,552.0
2024-10-16 19:53:46.422,-31.912087912087912,79.82417582417577,-0.2637362637362912,1.142857142857153,535.0,521.0,553.0
2024-10-16 19:53:46.934,-32.26373626373626,80.79120879120876,-0.2637362637362912,1.142857142857153,535.0,521.0,553.0
2024-10-16 19:53:47.446,-32.70329670329673,81.67032967032969,-0.2637362637362912,1.142857142857153,535.0,521.0,553.0
2024-10-16 19:53:47.942,-33.05494505494508,82.8131868131868,-0.2637362637362912,1.142857142857153,534.0,521.0,554.0
2024-10-16 19:53:48.454,-33.49450549450549,83.69230769230762,-0.2637362637362912,1.142857142857153,534.0,521.0,554.0
2024-10-16 19:53:48.966,-33.84615384615384,84.65934065934061,-0.2637362637362912,1.142857142857153,534.0,521.0,555.0
2024-10-16 19:53:49.465,-34.285714285714306,85.71428571428567,-0.2637362637362912,1.142857142857153,534.0,522.0,555.0
2024-10-16 19:53:49.974,-34.637362637362656,86.68131868131866,-0.2637362637362912,1.142857142857153,534.0,521.0,555.0
2024-10-16 19:53:50.486,-35.076923076923066,87.73626373626371,-0.2637362637362912,1.142857142857153,534.0,521.0,556.0
2024-10-16 19:53:50.983,-35.428571428571416,88.79120879120876,-0.2637362637362912,1.142857142857153,534.0,521.0,556.0
2024-10-16 19:53:51.494,-35.86813186813188,89.75824175824175,-0.2637362637362912,1.142857142857153,534.0,522.0,557.0
2024-10-16 19:53:52.021,-36.30769230769229,90.72527472527474,-0.2637362637362912,1.142857142857153,534.0,521.0,557.0
2024-10-16 19:53:52.503,-36.65934065934064,91.69230769230762,-0.2637362637362912,1.142857142857153,534.0,522.0,557.0
2024-10-16 19:53:53.014,-37.09890109890111,92.74725274725279,-0.2637362637362912,1.142857142857153,534.0,521.0,558.0
2024-10-16 19:53:53.527,-37.45054945054946,93.71428571428567,-0.2637362637362912,1.142857142857153,533.0,522.0,559.0
2024-10-16 19:53:54.023,-37.890109890109926,94.76923076923072,-0.2637362637362912,1.142857142857153,533.0,522.0,559.0
2024-10-16 19:53:54.535,-38.241758241758276,95.73626373626371,-0.2637362637362912,1.142857142857153,533.0,522.0,559.0
2024-10-16 19:53:55.047,-38.681318681318686,96.79120879120876,-0.2637362637362912,1.142857142857153,533.0,522.0,560.0
2024-10-16 19:53:55.559,-39.032967032967036,97.67032967032969,-0.2637362637362912,1.142857142857153,533.0,521.0,560.0
2024-10-16 19:53:56.055,-39.4725274725275,98.72527472527474,-0.2637362637362912,1.142857142857153,532.0,522.0,560.0
2024-10-16 19:53:56.567,-39.91208791208791,99.7802197802198,-0.2637362637362912,1.142857142857153,533.0,522.0,561.0
2024-10-16 19:53:57.079,-40.26373626373626,100.65934065934061,-0.2637362637362912,1.142857142857153,533.0,522.0,561.0
2024-10-16 19:53:57.575,-40.70329670329673,101.80219780219784,-0.2637362637362912,1.142857142857153,532.0,522.0,562.0
2024-10-16 19:53:58.088,-41.05494505494508,102.68131868131866,-0.2637362637362912,1.142857142857153,532.0,522.0,562.0
2024-10-16 19:53:58.599,-41.49450549450549,103.82417582417577,-0.2637362637362912,1.142857142857153,532.0,522.0,562.0
2024-10-16 19:53:59.095,-41.84615384615384,104.79120879120876,-0.2637362637362912,1.142857142857153,532.0,522.0,563.0
2024-10-16 19:53:59.607,-42.285714285714306,105.67032967032969,-0.2637362637362912,1.142857142857153,532.0,522.0,563.0
2024-10-16 19:54:00.119,-42.637362637362656,106.63736263736257,-0.2637362637362912,1.142857142857153,532.0,522.0,564.0
2024-10-16 19:54:00.632,-43.076923076923066,107.69230769230762,-0.2637362637362912,1.142857142857153,532.0,522.0,564.0
2024-10-16 19:54:01.127,-43.428571428571416,108.74725274725267,-0.2637362637362912,1.142857142857153,532.0,522.0,564.0
2024-10-16 19:54:01.639,-43.86813186813188,109.71428571428567,-0.2637362637362912,1.142857142857153,532.0,522.0,565.0
2024-10-16 19:54:02.151,-44.30769230769229,110.68131868131866,-0.2637362637362912,1.142857142857153,532.0,522.0,565.0
2024-10-16 19:54:02.648,-44.65934065934064,111.64835164835165,-0.2637362637362912,1.142857142857153,532.0,522.0,566.0
2024-10-16 19:54:03.159,-45.09890109890111,112.70329670329659,-0.2637362637362912,1.142857142857153,531.0,522.0,567.0
2024-10-16 19:54:03.656,-45.45054945054946,113.67032967032958,-0.2637362637362912,1.142857142857153,531.0,522.0,567.0
2024-10-16 19:54:04.168,-45.890109890109926,114.63736263736257,-0.2637362637362912,1.142857142857153,531.0,522.0,568.0
2024-10-16 19:54:04.679,-46.241758241758276,115.60439560439556,-0.2637362637362912,1.142857142857153,531.0,522.0,568.0
2024-10-16 19:54:05.192,-46.681318681318686,116.65934065934073,-0.2637362637362912,1.142857142857153,531.0,522.0,568.0
2024-10-16 19:54:05.688,-47.032967032967036,117.71428571428567,-0.2637362637362912,1.142857142857153,531.0,522.0,569.0
2024-10-16 19:54:06.200,-47.4725274725275,118.68131868131866,-0.2637362637362912,1.142857142857153,531.0,522.0,570.0
2024-10-16 19:54:06.712,-47.91208791208791,119.73626373626382,-0.2637362637362912,1.142857142857153,531.0,522.0,571.0
2024-10-16 19:54:07.224,-48.26373626373626,120.70329670329659,-0.2637362637362912,1.142857142857153,531.0,522.0,571.0
2024-10-16 19:54:07.721,-48.70329670329673,121.58241758241763,-0.2637362637362912,1.142857142857153,531.0,522.0,571.0
2024-10-16 19:54:08.232,-49.05494505494508,122.72527472527474,-0.2637362637362912,1.142857142857153,531.0,522.0,572.0
2024-10-16 19:54:08.744,-49.49450549450549,123.69230769230774,-0.2637362637362912,1.142857142857153,531.0,522.0,573.0
2024-10-16 19:54:09.240,-49.84615384615384,124.65934065934073,-0.2637362637362912,1.142857142857153,531.0,522.0,573.0
2024-10-16 19:54:09.753,-50.285714285714306,125.62637362637372,-0.2637362637362912,1.142857142857153,530.0,522.0,574.0
2024-10-16 19:54:10.265,-50.637362637362656,126.68131868131866,-0.2637362637362912,1.142857142857153,531.0,522.0,574.0
2024-10-16 19:54:10.760,-51.076923076923066,127.73626373626382,-0.2637362637362912,1.142857142857153,530.0,522.0,575.0
2024-10-16 19:54:11.273,-51.428571428571416,128.61538461538464,-0.2637362637362912,1.142857142857153,530.0,522.0,575.0
2024-10-16 19:54:11.784,-51.86813186813188,129.49450549450546,-0.2637362637362912,1.142857142857153,530.0,523.0,576.0
2024-10-16 19:54:12.281,-52.30769230769229,130.72527472527474,-0.2637362637362912,1.142857142857153,530.0,523.0,577.0
2024-10-16 19:54:12.793,-52.65934065934064,131.60439560439556,-0.2637362637362912,1.142857142857153,530.0,523.0,577.0
2024-10-16 19:54:13.321,-53.09890109890111,132.65934065934073,-0.2637362637362912,1.142857142857153,530.0,523.0,578.0
2024-10-16 19:54:13.801,-53.45054945054946,133.62637362637372,-0.2637362637362912,1.142857142857153,530.0,523.0,578.0
2024-10-16 19:54:14.313,-53.890109890109926,134.59340659340648,-0.2637362637362912,1.142857142857153,530.0,522.0,579.0
2024-10-16 19:54:14.825,-54.241758241758276,135.73626373626382,-0.2637362637362912,1.142857142857153,530.0,523.0,579.0
2024-10-16 19:54:15.337,-54.681318681318686,136.61538461538464,-0.2637362637362912,1.142857142857153,530.0,523.0,580.0
2024-10-16 19:54:15.833,-55.032967032967036,137.58241758241763,-0.2637362637362912,1.142857142857153,530.0,523.0,580.0
2024-10-16 19:54:16.345,-55.4725274725275,138.63736263736257,-0.2637362637362912,1.142857142857153,529.0,523.0,581.0
2024-10-16 19:54:16.841,-55.91208791208791,139.5164835164834,-0.2637362637362912,1.142857142857153,530.0,523.0,581.0
2024-10-16 19:54:17.353,-56.26373626373626,140.65934065934073,-0.2637362637362912,1.142857142857153,530.0,523.0,582.0
2024-10-16 19:54:17.866,-56.70329670329673,141.53846153846155,-0.2637362637362912,1.142857142857153,529.0,523.0,583.0
2024-10-16 19:54:18.377,-57.05494505494508,142.59340659340648,-0.2637362637362912,1.142857142857153,529.0,523.0,583.0
2024-10-16 19:54:18.889,-57.49450549450549,143.56043956043948,-0.2637362637362912,1.142857142857153,529.0,523.0,584.0
2024-10-16 19:54:19.386,-57.84615384615384,144.61538461538464,-0.2637362637362912,1.142857142857153,529.0,523.0,584.0
2024-10-16 19:54:19.898,-58.285714285714306,145.49450549450546,-0.2637362637362912,1.142857142857153,529.0,523.0,585.0
2024-10-16 19:54:20.393,-58.637362637362656,146.54945054945063,-0.2637362637362912,1.142857142857153,529.0,523.0,586.0
2024-10-16 19:54:20.905,-59.076923076923066,147.5164835164834,-0.2637362637362912,1.142857142857153,529.0,523.0,587.0
2024-10-16 19:54:21.417,-59.428571428571416,148.48351648351638,-0.2637362637362912,1.142857142857153,529.0,523.0,587.0
2024-10-16 19:54:21.914,-22.769230769230802,129.67032967032958,-0.2637362637362912,1.2307692307692406,530.0,524.0,576.0
2024-10-16 19:54:22.426,-19.60439560439559,110.94505494505495,-0.2637362637362912,1.142857142857153,531.0,522.0,565.0
2024-10-16 19:54:22.938,-19.25274725274724,92.30769230769226,-0.2637362637362912,1.142857142857153,534.0,521.0,555.0
2024-10-16 19:54:23.451,-18.81318681318683,73.93406593406587,-0.2637362637362912,1.142857142857153,536.0,520.0,548.0
2024-10-16 19:54:23.945,-18.46153846153848,55.73626373626371,-0.2637362637362912,1.142857142857153,539.0,520.0,541.0
2024-10-16 19:54:24.473,-18.021978021978015,46.68131868131866,-0.2637362637362912,1.142857142857153,541.0,520.0,539.0
2024-10-16 19:54:24.953,-17.670329670329664,44.307692307692264,-0.2637362637362912,1.142857142857153,541.0,520.0,539.0
2024-10-16 19:54:25.482,-17.14285714285714,43.076923076923094,-0.2637362637362912,1.142857142857153,541.0,520.0,539.0
2024-10-16 19:54:25.978,-16.79120879120879,42.02197802197804,-0.2637362637362912,1.142857142857153,541.0,520.0,538.0
2024-10-16 19:54:26.490,-16.35164835164838,41.05494505494505,-0.2637362637362912,1.142857142857153,541.0,520.0,538.0
2024-10-16 19:54:26.986,-16.00000000000003,40.08791208791206,-0.2637362637362912,1.142857142857153,542.0,520.0,537.0
2024-10-16 19:54:27.498,-15.648351648351678,39.03296703296701,-0.2637362637362912,1.142857142857153,542.0,520.0,537.0
2024-10-16 19:54:28.010,-15.120879120879152,38.065934065934016,-0.2637362637362912,1.142857142857153,542.0,520.0,536.0
2024-10-16 19:54:28.522,-14.769230769230802,37.010989010988965,-0.2637362637362912,1.142857142857153,542.0,520.0,536.0
2024-10-16 19:54:29.018,-14.417582417582452,36.04395604395597,-0.2637362637362912,1.142857142857153,543.0,520.0,536.0
2024-10-16 19:54:29.531,-13.978021978021985,35.076923076923094,-0.2637362637362912,1.142857142857153,543.0,520.0,536.0
2024-10-16 19:54:30.027,-13.538461538461576,34.02197802197804,-0.2637362637362912,1.142857142857153,543.0,520.0,535.0
2024-10-16 19:54:30.538,-13.186813186813225,33.05494505494505,-0.2637362637362912,1.142857142857153,543.0,520.0,535.0
2024-10-16 19:54:31.051,-12.835164835164818,32.08791208791206,-0.2637362637362912,1.142857142857153,544.0,520.0,535.0
2024-10-16 19:54:31.547,-12.395604395604408,31.032967032967008,-0.2637362637362912,1.142857142857153,544.0,520.0,534.0
2024-10-16 19:54:32.059,-11.956043956043942,30.065934065934016,-0.2637362637362912,1.142857142857153,544.0,520.0,534.0
2024-10-16 19:54:32.571,-11.516483516483532,29.010989010988965,-0.2637362637362912,1.142857142857153,544.0,520.0,534.0
2024-10-16 19:54:33.083,-11.252747252747241,28.043956043955973,-0.2637362637362912,1.142857142857153,544.0,520.0,533.0
2024-10-16 19:54:33.578,-10.813186813186832,27.164835164835154,-0.2637362637362912,1.142857142857153,544.0,520.0,533.0
2024-10-16 19:54:34.091,-10.373626373626365,26.021978021978043,-0.2637362637362912,1.142857142857153,545.0,520.0,533.0
2024-10-16 19:54:34.603,-10.021978021978015,25.05494505494505,-0.2637362637362912,1.142857142857153,545.0,520.0,532.0
2024-10-16 19:54:35.099,-9.582417582417605,24.08791208791206,-0.2637362637362912,1.142857142857153,545.0,520.0,532.0
2024-10-16 19:54:35.610,-9.230769230769255,23.032967032967008,-0.2637362637362912,1.142857142857153,545.0,520.0,532.0
2024-10-16 19:54:36.123,-8.791208791208788,22.065934065934016,-0.2637362637362912,1.142857142857153,546.0,520.0,531.0
2024-10-16 19:54:36.619,-8.351648351648379,21.010989010988965,-0.2637362637362912,1.142857142857153,546.0,520.0,531.0
2024-10-16 19:54:37.131,-8.000000000000028,20.043956043955973,-0.2637362637362912,1.142857142857153,546.0,520.0,531.0
2024-10-16 19:54:37.643,-7.560439560439562,19.076923076923094,-0.2637362637362912,1.142857142857153,546.0,520.0,531.0
2024-10-16 19:54:38.139,-7.208791208791212,18.021978021978043,-0.2637362637362912,1.142857142857153,546.0,520.0,531.0
2024-10-16 19:54:38.651,-6.769230769230802,17.05494505494505,-0.2637362637362912,1.142857142857153,546.0,520.0,530.0
2024-10-16 19:54:39.163,-6.417582417582452,16.08791208791206,-0.2637362637362912,1.142857142857153,547.0,520.0,530.0
2024-10-16 19:54:39.659,-5.978021978021985,15.032967032967008,-0.2637362637362912,1.142857142857153,547.0,520.0,530.0
2024-10-16 19:54:40.171,-5.626373626373635,14.065934065934016,-0.2637362637362912,1.142857142857153,547.0,520.0,530.0
2024-10-16 19:54:40.683,-5.274725274725284,13.010989010988965,-0.2637362637362912,1.142857142857153,547.0,520.0,529.0
2024-10-16 19:54:41.195,-4.747252747252759,12.043956043955973,-0.2637362637362912,1.142857142857153,547.0,520.0,530.0
2024-10-16 19:54:41.692,-4.483516483516496,11.076923076923094,-0.2637362637362912,1.142857142857153,547.0,520.0,529.0
2024-10-16 19:54:42.204,-4.043956043956058,10.021978021978043,-0.2637362637362912,1.142857142857153,547.0,520.0,529.0
2024-10-16 19:54:42.715,-3.60439560439562,9.054945054945051,-0.2637362637362912,1.142857142857153,547.0,520.0,530.0
2024-10-16 19:54:43.212,-3.164835164835182,8.08791208791206,-0.2637362637362912,1.142857142857153,547.0,520.0,529.0
2024-10-16 19:54:43.724,-2.8131868131868316,7.032967032967008,-0.2637362637362912,1.142857142857153,547.0,520.0,529.0
2024-10-16 19:54:44.236,-2.3736263736263936,6.065934065934016,-0.2637362637362912,1.142857142857153,547.0,520.0,529.0
2024-10-16 19:54:44.732,-2.021978021978043,5.010989010988965,-0.2637362637362912,1.142857142857153,547.0,520.0,529.0
2024-10-16 19:54:45.244,-1.5824175824176052,4.043956043955973,-0.2637362637362912,1.142857142857153,547.0,520.0,529.0
2024-10-16 19:54:45.756,-1.2307692307692548,3.0769230769230944,-0.2637362637362912,1.142857142857153,547.0,520.0,529.0
2024-10-16 19:54:46.268,-0.7912087912087884,2.021978021978043,-0.3516483516483504,1.142857142857153,547.0,520.0,529.0
2024-10-16 19:54:46.765,-0.3516483516483504,1.0549450549450512,-0.2637362637362912,1.142857142857153,547.0,520.0,529.0
2024-10-16 19:54:47.276,-0.0879120879120876,0.08791208791205918,-0.2637362637362912,1.142857142857153,548.0,520.0,529.0
2024-10-16 19:54:47.772,0.3516483516483504,-0.967032967032992,-0.2637362637362912,1.142857142857153,547.0,520.0,529.0
2024-10-16 19:54:48.284,0.7912087912087884,-1.934065934065984,-0.2637362637362912,1.142857142857153,547.0,520.0,529.0
2024-10-16 19:54:48.796,1.1428571428571388,-2.9890109890110352,-0.2637362637362912,1.142857142857153,548.0,520.0,529.0
2024-10-16 19:54:49.292,1.5824175824175768,-3.9560439560440273,-0.2637362637362912,1.142857142857153,547.0,520.0,529.0
2024-10-16 19:54:49.804,1.9340659340659272,-4.923076923076906,-0.2637362637362912,1.142857142857153,547.0,520.0,529.0
2024-10-16 19:54:50.332,2.373626373626365,-5.978021978021957,-0.2637362637362912,1.142857142857153,547.0,520.0,529.0
2024-10-16 19:54:50.856,2.813186813186803,-6.945054945054949,-0.2637362637362912,1.142857142857153,548.0,520.0,529.0
2024-10-16 19:54:51.324,3.252747252747241,-7.912087912087941,-0.2637362637362912,1.142857142857153,548.0,520.0,529.0
2024-10-16 19:54:51.837,3.516483516483504,-8.967032967032992,-0.2637362637362912,1.142857142857153,547.0,520.0,529.0
2024-10-16 19:54:52.348,3.956043956043942,-9.934065934065984,-0.2637362637362912,1.142857142857153,548.0,520.0,529.0
2024-10-16 19:54:52.844,4.39560439560438,-10.989010989011035,-0.2637362637362912,1.142857142857153,547.0,520.0,529.0
2024-10-16 19:54:53.357,4.835164835164818,-11.956043956044027,-0.2637362637362912,1.142857142857153,548.0,520.0,529.0
2024-10-16 19:54:53.869,5.186813186813168,-12.923076923076906,-0.2637362637362912,1.142857142857153,548.0,520.0,529.0
2024-10-16 19:54:54.365,5.538461538461519,-13.978021978021957,-0.3516483516483504,1.142857142857153,547.0,520.0,529.0
2024-10-16 19:54:54.877,5.978021978021957,-14.945054945054949,-0.2637362637362912,1.142857142857153,548.0,520.0,529.0
2024-10-16 19:54:55.390,6.329670329670307,-15.91208791208794,-0.2637362637362912,1.142857142857153,548.0,520.0,529.0
2024-10-16 19:54:55.902,6.769230769230745,-16.967032967032992,-0.2637362637362912,1.142857142857153,548.0,520.0,529.0
2024-10-16 19:54:56.397,7.208791208791212,-17.84615384615381,-0.2637362637362912,1.142857142857153,548.0,520.0,529.0
2024-10-16 19:54:56.909,7.560439560439562,-18.989010989011035,-0.2637362637362912,1.142857142857153,548.0,520.0,529.0
2024-10-16 19:54:57.406,8.0,-19.956043956044027,-0.2637362637362912,1.142857142857153,548.0,519.0,529.0
2024-10-16 19:54:57.917,8.35164835164835,-20.923076923076906,-0.2637362637362912,1.142857142857153,548.0,520.0,529.0
2024-10-16 19:54:58.429,8.791208791208788,-21.978021978021957,-0.2637362637362912,1.142857142857153,548.0,520.0,529.0
2024-10-16 19:54:58.942,9.230769230769226,-22.94505494505495,-0.2637362637362912,1.142857142857153,547.0,520.0,529.0
2024-10-16 19:54:59.437,9.582417582417577,-23.91208791208794,-0.2637362637362912,1.142857142857153,548.0,520.0,529.0
2024-10-16 19:54:59.950,9.934065934065927,-24.967032967032992,-0.2637362637362912,1.142857142857153,548.0,520.0,529.0
2024-10-16 19:55:00.461,10.461538461538453,-25.934065934065984,-0.2637362637362912,1.142857142857153,548.0,520.0,529.0
2024-10-16 19:55:00.957,10.813186813186803,-26.989010989011035,-0.2637362637362912,1.142857142857153,548.0,520.0,529.0
2024-10-16 19:55:01.469,11.164835164835154,-27.956043956044027,-0.2637362637362912,1.142857142857153,548.0,520.0,529.0
2024-10-16 19:55:01.998,11.516483516483504,-28.923076923076906,-0.2637362637362912,1.142857142857153,548.0,520.0,529.0
2024-10-16 19:55:02.477,11.956043956043942,-29.978021978021957,-0.2637362637362912,1.142857142857153,548.0,520.0,529.0
2024-10-16 19:55:02.989,12.39560439560438,-30.94505494505495,-0.2637362637362912,1.142857142857153,548.0,520.0,528.0
2024-10-16 19:55:03.502,12.835164835164818,-31.91208791208794,-0.2637362637362912,1.142857142857153,548.0,520.0,529.0
2024-10-16 19:55:04.014,13.186813186813168,-32.96703296703299,-0.2637362637362912,1.142857142857153,548.0,520.0,528.0
2024-10-16 19:55:04.510,13.626373626373606,-33.934065934065984,-0.2637362637362912,1.142857142857153,548.0,520.0,529.0
2024-10-16 19:55:05.022,14.065934065934044,-34.989010989011035,-0.2637362637362912,1.142857142857153,548.0,520.0,528.0
2024-10-16 19:55:05.534,14.329670329670307,-35.95604395604403,-0.2637362637362912,1.142857142857153,548.0,520.0,529.0
2024-10-16 19:55:06.030,14.857142857142833,-36.923076923076906,-0.2637362637362912,1.142857142857153,548.0,520.0,529.0
2024-10-16 19:55:06.542,15.120879120879124,-37.97802197802196,-0.2637362637362912,1.142857142857153,548.0,520.0,529.0
2024-10-16 19:55:07.054,15.560439560439562,-38.94505494505495,-0.2637362637362912,1.142857142857153,548.0,520.0,529.0
2024-10-16 19:55:07.551,16.0,-39.91208791208794,-0.2637362637362912,1.142857142857153,548.0,520.0,529.0
2024-10-16 19:55:08.062,16.35164835164835,-40.96703296703299,-0.2637362637362912,1.142857142857153,548.0,520.0,528.0
2024-10-16 19:55:08.574,16.79120879120879,-41.934065934065984,-0.2637362637362912,1.142857142857153,548.0,520.0,528.0
2024-10-16 19:55:09.070,17.14285714285714,-42.989010989011035,-0.2637362637362912,1.142857142857153,548.0,520.0,528.0
2024-10-16 19:55:09.583,17.49450549450549,-43.95604395604403,-0.2637362637362912,1.142857142857153,548.0,520.0,528.0
2024-10-16 19:55:10.095,18.021978021978015,-44.923076923076906,-0.2637362637362912,1.142857142857153,548.0,520.0,528.0
2024-10-16 19:55:10.607,18.461538461538453,-45.97802197802196,-0.2637362637362912,1.142857142857153,549.0,520.0,528.0
2024-10-16 19:55:11.103,18.725274725274716,-46.94505494505495,-0.2637362637362912,1.142857142857153,548.0,520.0,528.0
2024-10-16 19:55:11.615,19.25274725274724,-47.91208791208794,-0.2637362637362912,1.142857142857153,549.0,520.0,528.0
2024-10-16 19:55:12.111,19.516483516483504,-48.96703296703299,-0.2637362637362912,1.142857142857153,549.0,520.0,528.0
2024-10-16 19:55:12.623,19.956043956043942,-49.84615384615381,-0.2637362637362912,1.142857142857153,549.0,520.0,528.0
2024-10-16 19:55:13.135,20.39560439560438,-50.989010989011035,-0.2637362637362912,1.142857142857153,548.0,520.0,528.0
2024-10-16 19:55:13.647,20.835164835164818,-51.95604395604403,-0.2637362637362912,1.142857142857153,549.0,520.0,528.0
2024-10-16 19:55:14.143,21.18681318681317,-52.923076923076906,-0.2637362637362912,1.142857142857153,549.0,520.0,528.0
2024-10-16 19:55:14.655,21.626373626373606,-53.97802197802196,-0.2637362637362912,1.142857142857153,549.0,520.0,528.0
2024-10-16 19:55:15.167,21.978021978021957,-54.94505494505495,-0.2637362637362912,1.142857142857153,549.0,520.0,528.0
2024-10-16 19:55:15.664,22.417582417582395,-55.82417582417588,-0.2637362637362912,1.142857142857153,549.0,520.0,528.0
2024-10-16 19:55:16.175,22.857142857142833,-56.96703296703299,-0.2637362637362912,1.142857142857153,549.0,520.0,528.0
2024-10-16 19:55:16.688,23.032967032967008,-57.934065934065984,-0.2637362637362912,1.142857142857153,549.0,520.0,527.0
2024-10-16 19:55:17.184,23.64835164835165,-58.989010989011035,-0.2637362637362912,1.142857142857153,549.0,520.0,528.0
2024-10-16 19:55:17.696,23.912087912087912,-59.95604395604403,-0.2637362637362912,1.142857142857153,549.0,520.0,527.0
2024-10-16 19:55:18.208,24.35164835164835,-60.923076923076906,-0.2637362637362912,1.142857142857153,549.0,520.0,527.0
2024-10-16 19:55:18.719,24.879120879120876,-61.97802197802196,-0.2637362637362912,1.142857142857153,549.0,520.0,527.0
2024-10-16 19:55:19.216,25.230769230769226,-62.94505494505495,-0.2637362637362912,1.142857142857153,549.0,520.0,527.0
2024-10-16 19:55:19.728,25.670329670329664,-63.91208791208794,-0.2637362637362912,1.142857142857153,549.0,520.0,527.0
2024-10-16 19:55:20.239,25.934065934065927,-64.96703296703299,-0.2637362637362912,1.142857142857153,550.0,520.0,527.0
2024-10-16 19:55:20.736,26.373626373626365,-65.93406593406598,-0.2637362637362912,1.142857142857153,550.0,520.0,527.0
2024-10-16 19:55:21.248,26.725274725274716,-66.90109890109886,-0.2637362637362912,1.142857142857153,550.0,520.0,527.0
2024-10-16 19:55:21.744,27.164835164835154,-67.95604395604403,-0.2637362637362912,1.142857142857153,550.0,520.0,527.0
2024-10-16 19:55:22.256,27.60439560439559,-68.9230769230769,-0.2637362637362912,1.142857142857153,550.0,520.0,527.0
2024-10-16 19:55:22.768,28.04395604395603,-69.97802197802196,-0.2637362637362912,1.142857142857153,550.0,520.0,527.0
2024-10-16 19:55:23.281,28.483516483516468,-70.94505494505495,-0.2637362637362912,1.142857142857153,550.0,520.0,527.0
2024-10-16 19:55:23.776,28.74725274725273,-71.91208791208794,-0.2637362637362912,1.142857142857153,550.0,520.0,527.0
2024-10-16 19:55:24.288,29.18681318681317,-72.96703296703299,-0.2637362637362912,1.142857142857153,550.0,520.0,527.0
2024-10-16 19:55:24.800,29.53846153846152,-73.93406593406598,-0.2637362637362912,1.142857142857153,551.0,520.0,526.0
2024-10-16 19:55:25.296,29.978021978021957,-74.98901098901104,-0.2637362637362912,1.142857142857153,551.0,520.0,527.0
2024-10-16 19:55:25.808,30.417582417582395,-75.95604395604403,-0.2637362637362912,1.142857142857153,551.0,520.0,526.0
2024-10-16 19:55:26.320,30.769230769230745,-76.9230769230769,-0.2637362637362912,1.142857142857153,551.0,520.0,526.0
2024-10-16 19:55:26.816,31.120879120879124,-77.97802197802196,-0.2637362637362912,1.142857142857153,551.0,520.0,526.0
2024-10-16 19:55:27.328,31.560439560439562,-78.94505494505495,-0.2637362637362912,1.142857142857153,550.0,520.0,526.0
2024-10-16 19:55:27.841,31.912087912087912,-79.91208791208794,-0.2637362637362912,1.142857142857153,551.0,520.0,526.0
2024-10-16 19:55:28.337,32.43956043956044,-80.96703296703299,-0.2637362637362912,1.142857142857153,551.0,520.0,526.0
2024-10-16 19:55:28.848,32.79120879120879,-81.93406593406598,-0.2637362637362912,1.142857142857153,551.0,520.0,526.0
2024-10-16 19:55:29.361,33.14285714285714,-82.98901098901104,-0.2637362637362912,1.142857142857153,551.0,520.0,526.0
2024-10-16 19:55:29.857,33.58241758241758,-83.86813186813185,-0.2637362637362912,1.142857142857153,551.0,520.0,526.0
2024-10-16 19:55:30.368,33.93406593406593,-84.9230769230769,-0.2637362637362912,1.142857142857153,551.0,520.0,526.0
2024-10-16 19:55:30.881,34.28571428571428,-85.97802197802196,-0.2637362637362912,1.142857142857153,551.0,520.0,526.0
2024-10-16 19:55:31.393,34.725274725274716,-86.94505494505495,-0.2637362637362912,1.142857142857153,551.0,520.0,526.0
2024-10-16 19:55:31.889,35.164835164835154,-87.91208791208794,-0.2637362637362912,1.142857142857153,552.0,520.0,525.0
2024-10-16 19:55:32.401,35.516483516483504,-88.96703296703299,-0.2637362637362912,1.142857142857153,552.0,520.0,525.0
2024-10-16 19:55:32.913,35.95604395604394,-89.93406593406598,-0.2637362637362912,1.142857142857153,552.0,520.0,525.0
2024-10-16 19:55:33.409,36.39560439560438,-90.98901098901104,-0.2637362637362912,1.142857142857153,552.0,520.0,525.0
2024-10-16 19:55:33.921,36.83516483516482,-91.95604395604403,-0.2637362637362912,1.142857142857153,552.0,520.0,525.0
2024-10-16 19:55:34.433,37.18681318681317,-92.9230769230769,-0.2637362637362912,1.142857142857153,552.0,521.0,525.0
2024-10-16 19:55:34.929,37.53846153846152,-93.97802197802196,-0.2637362637362912,1.142857142857153,552.0,520.0,525.0
2024-10-16 19:55:35.441,37.97802197802196,-94.94505494505495,-0.2637362637362912,1.142857142857153,552.0,520.0,525.0
2024-10-16 19:55:35.953,38.32967032967031,-95.91208791208794,-0.2637362637362912,1.142857142857153,552.0,520.0,525.0
2024-10-16 19:55:36.466,38.769230769230745,-96.96703296703299,-0.2637362637362912,1.142857142857153,552.0,520.0,525.0
2024-10-16 19:55:36.962,39.120879120879124,-97.93406593406598,-0.2637362637362912,1.142857142857153,553.0,520.0,525.0
2024-10-16 19:55:37.473,39.56043956043956,-98.98901098901104,-0.2637362637362912,1.142857142857153,553.0,520.0,524.0
