2024-10-15 05:40:40.404,0.0879120879120876,0.0,0.0,-0.0,703.0,801.0,714.0
2024-10-15 05:40:40.756,0.0879120879120876,0.0,0.0,0.9670329670329636,703.0,801.0,714.0
2024-10-15 05:40:41.060,0.0879120879120876,0.0,0.0,1.9340659340659272,703.0,801.0,714.0
2024-10-15 05:40:41.364,0.0879120879120876,0.0,0.0,2.9890109890109926,703.0,801.0,714.0
2024-10-15 05:40:41.668,0.0879120879120876,0.0,0.0,3.956043956043956,704.0,802.0,714.0
2024-10-15 05:40:41.972,0.0879120879120876,0.0,0.0,4.92307692307692,704.0,802.0,714.0
2024-10-15 05:40:42.276,0.0879120879120876,0.0,0.0,5.978021978021971,704.0,802.0,714.0
2024-10-15 05:40:42.597,0.0879120879120876,0.0,0.0,6.857142857142847,705.0,802.0,715.0
2024-10-15 05:40:42.901,0.0879120879120876,0.0,0.0,7.912087912087912,705.0,802.0,715.0
2024-10-15 05:40:43.188,0.0879120879120876,0.0,0.0,8.967032967032964,705.0,803.0,715.0
2024-10-15 05:40:43.492,0.0879120879120876,0.0,0.0,9.934065934065927,706.0,803.0,716.0
2024-10-15 05:40:43.813,0.0879120879120876,0.0,0.0,10.901098901098905,706.0,804.0,716.0
2024-10-15 05:40:44.116,0.0879120879120876,0.0,0.0,11.956043956043956,706.0,804.0,716.0
2024-10-15 05:40:44.404,0.0879120879120876,0.0,0.0,12.835164835164832,707.0,805.0,716.0
2024-10-15 05:40:44.725,0.0879120879120876,0.0,0.0,13.978021978021971,707.0,806.0,716.0
2024-10-15 05:40:45.028,0.0879120879120876,0.0,0.0,14.857142857142847,708.0,806.0,717.0
2024-10-15 05:40:45.333,0.0879120879120876,0.0,0.0,15.912087912087912,708.0,807.0,717.0
2024-10-15 05:40:45.636,0.0879120879120876,0.0,0.0,16.967032967032964,708.0,807.0,717.0
2024-10-15 05:40:45.941,0.0879120879120876,0.0,0.0,17.934065934065927,709.0,808.0,718.0
2024-10-15 05:40:46.245,0.0879120879120876,-0.08791208791211602,0.0,18.989010989010993,709.0,808.0,718.0
2024-10-15 05:40:46.549,0.0879120879120876,0.0,0.0,19.956043956043956,710.0,809.0,718.0
2024-10-15 05:40:46.852,0.0879120879120876,0.0,0.0,20.92307692307692,710.0,809.0,718.0
2024-10-15 05:40:47.156,0.0879120879120876,0.0,0.0,21.890109890109883,710.0,810.0,719.0
2024-10-15 05:40:47.461,0.0879120879120876,0.0,0.0,22.94505494505495,710.0,811.0,719.0
2024-10-15 05:40:47.765,0.0879120879120876,0.0,0.0,23.912087912087912,711.0,812.0,719.0
2024-10-15 05:40:48.068,0.0879120879120876,0.0,0.0,24.879120879120876,711.0,812.0,720.0
2024-10-15 05:40:48.373,0.0879120879120876,0.0,0.0,25.934065934065927,712.0,813.0,721.0
2024-10-15 05:40:48.677,0.0879120879120876,0.0,0.0,26.989010989010993,713.0,814.0,721.0
2024-10-15 05:40:48.982,0.0879120879120876,0.0,0.0,27.956043956043956,713.0,815.0,721.0
2024-10-15 05:40:49.285,0.0879120879120876,0.0,0.0,28.92307692307692,714.0,815.0,722.0
2024-10-15 05:40:49.589,0.0879120879120876,0.0,0.0,29.890109890109883,714.0,816.0,722.0
2024-10-15 05:40:49.893,0.0879120879120876,0.0,0.0,30.94505494505495,715.0,816.0,723.0
2024-10-15 05:40:50.197,0.0879120879120876,0.0,0.0,31.824175824175825,715.0,817.0,723.0
2024-10-15 05:40:50.501,0.0879120879120876,0.0,0.0,32.967032967032964,716.0,818.0,723.0
2024-10-15 05:40:50.805,0.0879120879120876,0.0,0.0,33.93406593406593,716.0,819.0,724.0
2024-10-15 05:40:51.110,0.0879120879120876,0.0,0.0,34.98901098901098,716.0,819.0,724.0
2024-10-15 05:40:51.413,0.0879120879120876,0.0,0.0,35.868131868131854,717.0,820.0,725.0
2024-10-15 05:40:51.717,0.0879120879120876,0.0,0.0,36.83516483516483,717.0,821.0,725.0
2024-10-15 05:40:52.021,0.0879120879120876,0.0,0.0,37.8901098901099,718.0,821.0,725.0
2024-10-15 05:40:52.325,0.0879120879120876,0.0,0.0,38.94505494505495,718.0,822.0,725.0
2024-10-15 05:40:52.629,0.0879120879120876,0.0,0.0,39.91208791208791,719.0,822.0,726.0
2024-10-15 05:40:52.933,0.0879120879120876,0.0,0.0,40.879120879120876,719.0,823.0,726.0
2024-10-15 05:40:53.237,0.0879120879120876,0.0,0.0,41.93406593406593,719.0,824.0,727.0
2024-10-15 05:40:53.541,0.0879120879120876,0.0,0.0,42.98901098901098,720.0,825.0,727.0
2024-10-15 05:40:53.845,0.0879120879120876,0.0,0.0,43.868131868131854,720.0,825.0,727.0
2024-10-15 05:40:54.150,0.0879120879120876,0.0,0.0,44.923076923076906,721.0,826.0,728.0
2024-10-15 05:40:54.453,0.0879120879120876,0.0,0.0,45.978021978021985,721.0,827.0,728.0
2024-10-15 05:40:54.757,0.0879120879120876,0.0,0.0,46.85714285714286,721.0,827.0,729.0
2024-10-15 05:40:55.062,0.0879120879120876,0.0,0.0,47.824175824175825,722.0,828.0,729.0
2024-10-15 05:40:55.366,0.0879120879120876,0.0,0.0,48.879120879120876,722.0,829.0,729.0
2024-10-15 05:40:55.669,0.0879120879120876,0.0,0.0,49.93406593406593,722.0,829.0,730.0
2024-10-15 05:40:55.973,0.0879120879120876,0.0,0.0,50.98901098901098,723.0,830.0,730.0
2024-10-15 05:40:56.278,0.0879120879120876,0.0,0.0,51.868131868131854,723.0,831.0,731.0
2024-10-15 05:40:56.582,0.0879120879120876,0.0,0.0,52.835164835164846,724.0,831.0,731.0
2024-10-15 05:40:56.885,0.0879120879120876,0.0,0.0,53.8901098901099,724.0,832.0,731.0
2024-10-15 05:40:57.190,0.0879120879120876,0.0,0.0,54.85714285714286,725.0,833.0,732.0
2024-10-15 05:40:57.494,0.0879120879120876,0.0,0.0,55.824175824175825,725.0,834.0,732.0
2024-10-15 05:40:57.798,0.0879120879120876,0.0,0.0,56.967032967032964,725.0,834.0,732.0
2024-10-15 05:40:58.102,0.0879120879120876,0.0,0.0,57.93406593406593,726.0,835.0,733.0
2024-10-15 05:40:58.406,0.0879120879120876,0.0,0.0,58.90109890109889,726.0,836.0,733.0
2024-10-15 05:40:58.710,0.0879120879120876,0.0,0.0,59.868131868131854,727.0,837.0,734.0
2024-10-15 05:40:59.014,0.0879120879120876,0.0,0.0,60.923076923076906,727.0,837.0,734.0
2024-10-15 05:40:59.318,0.0879120879120876,0.0,0.0,61.8901098901099,727.0,838.0,735.0
2024-10-15 05:40:59.622,0.0879120879120876,0.0,0.0,62.94505494505495,728.0,839.0,735.0
2024-10-15 05:40:59.927,0.0879120879120876,0.0,0.0,63.824175824175825,728.0,839.0,735.0
2024-10-15 05:41:00.230,0.0879120879120876,0.0,0.0,64.87912087912088,729.0,840.0,736.0
2024-10-15 05:41:00.534,0.0879120879120876,0.0,0.0,65.93406593406593,729.0,841.0,736.0
2024-10-15 05:41:00.838,0.0879120879120876,0.0,0.0,66.90109890109889,729.0,842.0,736.0
2024-10-15 05:41:01.142,0.0879120879120876,0.0,0.0,67.95604395604394,730.0,842.0,737.0
2024-10-15 05:41:01.446,0.0879120879120876,0.0,0.0,68.83516483516485,730.0,843.0,737.0
2024-10-15 05:41:01.750,0.0879120879120876,0.0,0.0,69.8901098901099,731.0,844.0,738.0
2024-10-15 05:41:02.054,0.0879120879120876,0.0,0.0,70.85714285714286,732.0,845.0,738.0
2024-10-15 05:41:02.359,0.0879120879120876,0.0,0.0,72.0,732.0,846.0,739.0
2024-10-15 05:41:02.663,0.0879120879120876,0.0,0.0,72.87912087912088,733.0,847.0,739.0
2024-10-15 05:41:02.967,0.0879120879120876,0.0,0.0,73.84615384615384,733.0,847.0,739.0
2024-10-15 05:41:03.270,0.0879120879120876,0.0,0.0,74.90109890109889,733.0,848.0,740.0
2024-10-15 05:41:03.574,0.0879120879120876,0.0,0.0,75.86813186813185,734.0,849.0,740.0
2024-10-15 05:41:03.878,0.0879120879120876,0.0,0.0,76.83516483516485,734.0,849.0,741.0
2024-10-15 05:41:04.183,0.0879120879120876,0.0,0.0,77.8901098901099,735.0,850.0,741.0
2024-10-15 05:41:04.487,0.0879120879120876,0.0,0.0,78.85714285714286,735.0,851.0,742.0
2024-10-15 05:41:04.790,0.0879120879120876,0.0,0.0,79.91208791208791,735.0,852.0,742.0
2024-10-15 05:41:05.095,0.0879120879120876,0.0,0.0,80.87912087912088,736.0,852.0,742.0
2024-10-15 05:41:05.399,0.0879120879120876,0.0,0.0,81.84615384615384,736.0,853.0,743.0
2024-10-15 05:41:05.702,0.0879120879120876,0.0,0.0,82.90109890109889,736.0,854.0,743.0
2024-10-15 05:41:06.007,0.0879120879120876,0.0,0.0,83.86813186813185,737.0,855.0,744.0
2024-10-15 05:41:06.311,0.0879120879120876,0.0,0.0,84.83516483516485,737.0,856.0,744.0
2024-10-15 05:41:06.614,0.0879120879120876,0.0,0.0,85.8901098901099,738.0,856.0,744.0
2024-10-15 05:41:06.934,0.0879120879120876,0.0,0.0,86.85714285714286,738.0,857.0,745.0
2024-10-15 05:41:07.223,0.0879120879120876,0.0,0.0,87.91208791208791,739.0,858.0,745.0
2024-10-15 05:41:07.527,0.0879120879120876,0.0,0.0,88.87912087912088,739.0,859.0,746.0
2024-10-15 05:41:07.847,0.0879120879120876,0.0,0.0,89.84615384615384,739.0,859.0,746.0
2024-10-15 05:41:08.151,0.0879120879120876,0.0,0.0,90.90109890109889,740.0,860.0,747.0
2024-10-15 05:41:08.455,0.0879120879120876,0.0,0.0,91.86813186813185,740.0,861.0,747.0
2024-10-15 05:41:08.743,0.0879120879120876,0.0,0.0,92.9230769230769,741.0,862.0,747.0
2024-10-15 05:41:09.063,0.0879120879120876,0.0,0.0,93.8901098901099,741.0,863.0,748.0
2024-10-15 05:41:09.367,0.0879120879120876,0.0,0.0,94.85714285714286,741.0,863.0,748.0
2024-10-15 05:41:09.671,0.0879120879120876,0.0,0.0,95.82417582417582,742.0,865.0,749.0
2024-10-15 05:41:09.975,0.0879120879120876,0.0,0.0,96.79120879120879,742.0,865.0,749.0
2024-10-15 05:41:10.279,0.0879120879120876,0.0,0.0,97.75824175824175,743.0,866.0,749.0
2024-10-15 05:41:10.583,0.0879120879120876,0.0,0.0,98.8131868131868,743.0,867.0,750.0
2024-10-15 05:41:10.887,0.0879120879120876,0.0,0.0,99.78021978021977,743.0,868.0,750.0
2024-10-15 05:41:11.191,0.0879120879120876,0.0,0.0,100.74725274725273,744.0,869.0,751.0
2024-10-15 05:41:11.495,0.0879120879120876,0.0,0.0,101.80219780219781,745.0,869.0,751.0
2024-10-15 05:41:11.799,0.0879120879120876,0.0,0.0,102.76923076923077,745.0,870.0,751.0
2024-10-15 05:41:12.103,0.0879120879120876,0.0,0.0,103.91208791208791,745.0,870.0,752.0
2024-10-15 05:41:12.407,0.0879120879120876,0.0,0.0,104.7032967032967,746.0,870.0,752.0
2024-10-15 05:41:12.711,0.0879120879120876,0.0,0.0,105.75824175824175,746.0,870.0,752.0
2024-10-15 05:41:13.015,0.0879120879120876,0.0,0.0,106.72527472527472,747.0,870.0,753.0
2024-10-15 05:41:13.319,0.0879120879120876,0.0,0.0,107.78021978021977,748.0,870.0,753.0
2024-10-15 05:41:13.623,0.0879120879120876,0.0,0.0,108.74725274725273,748.0,870.0,754.0
2024-10-15 05:41:13.927,0.0879120879120876,0.0,0.0,109.80219780219781,748.0,870.0,754.0
2024-10-15 05:41:14.232,0.0879120879120876,0.0,0.0,110.76923076923077,748.0,870.0,754.0
2024-10-15 05:41:14.535,0.0879120879120876,0.0,0.0,111.82417582417582,749.0,870.0,755.0
2024-10-15 05:41:14.840,0.0879120879120876,0.0,0.0,112.79120879120879,749.0,870.0,755.0
2024-10-15 05:41:15.143,0.0879120879120876,0.0,0.0,113.75824175824175,749.0,870.0,756.0
2024-10-15 05:41:15.448,0.1758241758241752,0.0,0.0,114.8131868131868,750.0,870.0,756.0
2024-10-15 05:41:15.751,0.1758241758241752,0.0,0.0,115.78021978021977,750.0,870.0,756.0
2024-10-15 05:41:16.055,0.1758241758241752,0.0,0.0,116.74725274725273,750.0,870.0,757.0
2024-10-15 05:41:16.360,0.1758241758241752,0.0,0.0,117.71428571428572,751.0,870.0,757.0
2024-10-15 05:41:16.664,0.1758241758241752,0.0,0.0,118.68131868131869,751.0,870.0,758.0
2024-10-15 05:41:16.967,0.1758241758241752,0.0,0.0,119.73626373626374,752.0,870.0,758.0
2024-10-15 05:41:17.272,0.1758241758241752,0.0,0.0,120.79120879120879,752.0,870.0,758.0
2024-10-15 05:41:17.576,0.1758241758241752,0.0,0.0,121.67032967032966,753.0,870.0,759.0
2024-10-15 05:41:17.880,0.1758241758241752,0.0,0.0,122.8131868131868,753.0,870.0,759.0
2024-10-15 05:41:18.184,0.1758241758241752,0.0,0.0,123.69230769230768,755.0,869.0,761.0
2024-10-15 05:41:18.488,0.1758241758241752,0.0,0.0,124.74725274725273,745.0,868.0,753.0
2024-10-15 05:41:18.792,0.1758241758241752,0.0,0.0,125.80219780219781,736.0,867.0,744.0
2024-10-15 05:41:19.097,0.1758241758241752,0.0,0.0,126.68131868131869,736.0,867.0,743.0
2024-10-15 05:41:19.400,0.1758241758241752,0.0,0.0,127.64835164835165,735.0,867.0,743.0
2024-10-15 05:41:19.704,0.1758241758241752,0.0,0.0,128.7032967032967,737.0,867.0,744.0
2024-10-15 05:41:20.009,0.1758241758241752,0.0,0.0,129.67032967032966,738.0,867.0,745.0
2024-10-15 05:41:20.312,0.1758241758241752,0.0,0.0,130.72527472527472,737.0,867.0,745.0
2024-10-15 05:41:20.616,0.1758241758241752,0.0,0.0,131.69230769230768,738.0,867.0,746.0
2024-10-15 05:41:20.920,0.1758241758241752,0.0,0.0,132.65934065934067,739.0,867.0,746.0
2024-10-15 05:41:21.224,0.1758241758241752,0.0,0.0,133.71428571428572,744.0,867.0,751.0
2024-10-15 05:41:21.528,0.0879120879120876,0.0,0.0,134.6813186813187,743.0,867.0,750.0
2024-10-15 05:41:21.832,0.1758241758241752,0.0,0.0,135.64835164835165,745.0,867.0,752.0
2024-10-15 05:41:22.136,0.1758241758241752,0.0,0.0,136.6153846153846,744.0,867.0,750.0
2024-10-15 05:41:22.440,0.1758241758241752,0.0,0.0,137.58241758241758,744.0,867.0,750.0
2024-10-15 05:41:22.745,0.1758241758241752,0.0,0.0,138.63736263736263,745.0,867.0,752.0
2024-10-15 05:41:23.049,0.0879120879120876,0.0,0.0,139.6043956043956,748.0,867.0,754.0
2024-10-15 05:41:23.352,0.1758241758241752,0.0,0.0,140.57142857142856,749.0,868.0,756.0
2024-10-15 05:41:23.657,0.1758241758241752,0.0,0.0,141.6263736263736,750.0,868.0,757.0
2024-10-15 05:41:23.960,0.1758241758241752,0.0,0.0,142.5054945054945,747.0,867.0,753.0
2024-10-15 05:41:24.265,0.1758241758241752,0.0,0.0,143.64835164835165,747.0,867.0,753.0
2024-10-15 05:41:24.569,0.1758241758241752,0.0,0.0,144.6153846153846,747.0,867.0,754.0
2024-10-15 05:41:24.872,0.1758241758241752,0.0,0.0,145.58241758241758,747.0,867.0,753.0
2024-10-15 05:41:25.177,0.1758241758241752,0.0,0.0,146.63736263736263,747.0,867.0,754.0
2024-10-15 05:41:25.480,0.1758241758241752,0.0,-0.08791208791211602,147.6043956043956,747.0,867.0,754.0
2024-10-15 05:41:25.785,0.0879120879120876,0.0,0.0,148.4835164835165,748.0,867.0,755.0
2024-10-15 05:41:26.089,0.1758241758241752,0.0,-0.08791208791211602,149.53846153846155,748.0,867.0,754.0
2024-10-15 05:41:26.393,0.1758241758241752,0.0,0.0,148.74725274725273,747.0,867.0,754.0
2024-10-15 05:41:26.697,0.1758241758241752,0.0,0.0,147.78021978021977,746.0,867.0,753.0
2024-10-15 05:41:27.001,0.1758241758241752,0.0,-0.08791208791211602,146.9010989010989,746.0,867.0,752.0
2024-10-15 05:41:27.304,0.1758241758241752,0.0,0.0,145.75824175824175,745.0,867.0,752.0
2024-10-15 05:41:27.610,0.1758241758241752,0.0,-0.08791208791211602,144.7912087912088,744.0,867.0,751.0
2024-10-15 05:41:27.913,0.1758241758241752,0.0,-0.08791208791211602,143.82417582417582,744.0,867.0,751.0
2024-10-15 05:41:28.217,0.1758241758241752,0.0,-0.08791208791211602,142.76923076923077,743.0,867.0,750.0
2024-10-15 05:41:28.521,0.1758241758241752,0.0,-0.08791208791211602,141.80219780219778,742.0,867.0,749.0
2024-10-15 05:41:28.826,0.1758241758241752,0.0,-0.08791208791211602,140.83516483516485,742.0,867.0,749.0
2024-10-15 05:41:29.129,0.1758241758241752,0.0,-0.08791208791211602,139.86813186813185,741.0,867.0,748.0
2024-10-15 05:41:29.433,0.1758241758241752,0.0,-0.08791208791211602,138.9010989010989,741.0,867.0,748.0
2024-10-15 05:41:29.737,0.0879120879120876,0.0,-0.08791208791211602,137.84615384615384,740.0,867.0,747.0
2024-10-15 05:41:30.042,0.1758241758241752,0.0,-0.08791208791211602,136.87912087912088,739.0,867.0,746.0
2024-10-15 05:41:30.345,0.1758241758241752,0.0,-0.08791208791211602,135.9120879120879,739.0,867.0,746.0
2024-10-15 05:41:30.649,0.1758241758241752,0.0,-0.08791208791211602,134.85714285714286,739.0,867.0,746.0
2024-10-15 05:41:30.953,0.1758241758241752,0.0,-0.08791208791211602,133.8901098901099,738.0,867.0,745.0
2024-10-15 05:41:31.257,0.1758241758241752,0.0,0.0,132.83516483516485,737.0,867.0,744.0
2024-10-15 05:41:31.562,0.1758241758241752,0.0,-0.08791208791211602,131.86813186813185,737.0,867.0,744.0
2024-10-15 05:41:31.865,0.1758241758241752,0.0,-0.08791208791211602,130.9010989010989,736.0,867.0,743.0
2024-10-15 05:41:32.186,0.1758241758241752,0.0,-0.08791208791211602,129.84615384615384,736.0,867.0,743.0
2024-10-15 05:41:32.474,0.1758241758241752,0.0,0.0,128.87912087912088,735.0,867.0,742.0
2024-10-15 05:41:32.778,0.1758241758241752,0.0,0.0,127.91208791208791,735.0,867.0,742.0
2024-10-15 05:41:33.098,0.1758241758241752,0.0,-0.08791208791211602,126.94505494505495,735.0,867.0,742.0
2024-10-15 05:41:33.402,0.0879120879120876,0.0,-0.08791208791211602,125.8901098901099,734.0,867.0,741.0
2024-10-15 05:41:33.690,0.1758241758241752,0.0,-0.08791208791211602,124.83516483516485,733.0,867.0,741.0
2024-10-15 05:41:33.994,0.0879120879120876,0.0,-0.08791208791211602,123.86813186813185,733.0,867.0,740.0
2024-10-15 05:41:34.314,0.1758241758241752,0.0,-0.08791208791211602,122.90109890109889,732.0,867.0,740.0
2024-10-15 05:41:34.617,0.1758241758241752,0.0,0.0,121.93406593406593,732.0,867.0,740.0
2024-10-15 05:41:34.922,0.1758241758241752,-0.08791208791211602,0.0,120.96703296703296,732.0,867.0,739.0
2024-10-15 05:41:35.226,0.1758241758241752,0.0,0.0,119.91208791208791,731.0,867.0,739.0
2024-10-15 05:41:35.531,0.1758241758241752,0.0,-0.08791208791211602,118.85714285714286,731.0,867.0,738.0
2024-10-15 05:41:35.833,0.1758241758241752,0.0,-0.08791208791211602,117.8901098901099,730.0,867.0,737.0
2024-10-15 05:41:36.138,0.1758241758241752,0.0,0.0,116.83516483516485,729.0,867.0,737.0
2024-10-15 05:41:36.442,0.1758241758241752,0.0,-0.08791208791211602,115.86813186813185,729.0,867.0,737.0
2024-10-15 05:41:36.746,0.1758241758241752,0.0,-0.08791208791211602,114.98901098901098,729.0,867.0,737.0
2024-10-15 05:41:37.050,0.1758241758241752,0.0,-0.08791208791211602,113.84615384615384,728.0,867.0,736.0
2024-10-15 05:41:37.354,0.1758241758241752,0.0,-0.08791208791211602,112.87912087912088,727.0,866.0,735.0
2024-10-15 05:41:37.659,0.1758241758241752,0.0,-0.08791208791211602,112.0,727.0,865.0,735.0
2024-10-15 05:41:37.962,0.1758241758241752,0.0,0.0,110.94505494505495,726.0,863.0,734.0
2024-10-15 05:41:38.266,0.1758241758241752,0.0,0.0,109.97802197802199,726.0,863.0,734.0
2024-10-15 05:41:38.570,0.1758241758241752,0.0,0.0,108.83516483516485,725.0,862.0,734.0
2024-10-15 05:41:38.874,0.1758241758241752,0.0,0.0,107.86813186813185,725.0,861.0,733.0
2024-10-15 05:41:39.178,0.1758241758241752,0.0,0.0,106.98901098901098,725.0,860.0,733.0
2024-10-15 05:41:39.482,0.1758241758241752,0.0,0.0,105.84615384615384,724.0,858.0,732.0
2024-10-15 05:41:39.787,0.1758241758241752,0.0,-0.08791208791211602,104.96703296703296,724.0,857.0,732.0
2024-10-15 05:41:40.091,0.1758241758241752,0.0,-0.08791208791211602,104.0,723.0,856.0,732.0
2024-10-15 05:41:40.394,0.1758241758241752,0.0,0.0,102.94505494505495,723.0,855.0,731.0
2024-10-15 05:41:40.699,0.1758241758241752,0.0,0.0,101.97802197802199,722.0,854.0,731.0
2024-10-15 05:41:41.003,0.1758241758241752,0.0,0.0,100.9230769230769,722.0,853.0,730.0
2024-10-15 05:41:41.306,0.1758241758241752,0.0,0.0,99.95604395604394,721.0,853.0,730.0
2024-10-15 05:41:41.610,0.1758241758241752,0.0,-0.08791208791211602,98.98901098901098,720.0,851.0,729.0
2024-10-15 05:41:41.915,0.1758241758241752,0.0,-0.08791208791211602,97.93406593406593,720.0,850.0,728.0
2024-10-15 05:41:42.218,0.1758241758241752,0.0,-0.08791208791211602,96.96703296703296,719.0,849.0,728.0
2024-10-15 05:41:42.522,0.1758241758241752,0.0,0.0,96.17582417582418,719.0,848.0,728.0
2024-10-15 05:41:42.827,0.1758241758241752,0.0,0.0,95.03296703296704,718.0,847.0,727.0
2024-10-15 05:41:43.131,0.1758241758241752,0.0,0.0,94.06593406593407,718.0,846.0,727.0
2024-10-15 05:41:43.435,0.1758241758241752,0.0,0.0,93.01098901098902,717.0,845.0,726.0
2024-10-15 05:41:43.739,0.1758241758241752,0.0,-0.08791208791211602,92.04395604395603,717.0,844.0,726.0
2024-10-15 05:41:44.043,0.1758241758241752,0.0,-0.08791208791211602,91.07692307692307,716.0,843.0,725.0
2024-10-15 05:41:44.347,0.1758241758241752,0.0,-0.08791208791211602,90.1098901098901,716.0,842.0,725.0
2024-10-15 05:41:44.651,0.1758241758241752,0.0,-0.08791208791211602,89.05494505494505,716.0,841.0,724.0
2024-10-15 05:41:44.956,0.1758241758241752,0.0,-0.08791208791211602,88.17582417582418,715.0,840.0,724.0
2024-10-15 05:41:45.259,0.1758241758241752,0.0,-0.08791208791211602,87.03296703296704,714.0,839.0,723.0
2024-10-15 05:41:45.563,0.1758241758241752,0.0,0.0,86.15384615384616,714.0,838.0,723.0
2024-10-15 05:41:45.867,0.1758241758241752,0.0,-0.08791208791211602,85.01098901098902,713.0,837.0,722.0
2024-10-15 05:41:46.171,0.1758241758241752,0.0,0.0,84.04395604395603,713.0,836.0,722.0
2024-10-15 05:41:46.475,0.1758241758241752,0.0,0.0,83.16483516483515,712.0,836.0,721.0
2024-10-15 05:41:46.779,0.1758241758241752,0.0,-0.08791208791211602,82.02197802197801,712.0,834.0,721.0
2024-10-15 05:41:47.083,0.1758241758241752,0.0,0.0,81.14285714285714,711.0,833.0,720.0
2024-10-15 05:41:47.387,0.1758241758241752,0.0,0.0,80.17582417582418,711.0,833.0,720.0
2024-10-15 05:41:47.691,0.1758241758241752,0.0,0.0,79.03296703296704,710.0,832.0,719.0
2024-10-15 05:41:47.996,0.1758241758241752,0.0,0.0,78.06593406593407,710.0,831.0,719.0
2024-10-15 05:41:48.299,0.1758241758241752,0.0,0.0,77.09890109890108,709.0,829.0,718.0
2024-10-15 05:41:48.604,0.1758241758241752,0.0,0.0,76.13186813186812,709.0,829.0,718.0
2024-10-15 05:41:48.908,0.1758241758241752,0.0,0.0,75.16483516483515,708.0,828.0,718.0
2024-10-15 05:41:49.212,0.1758241758241752,0.0,0.0,74.02197802197801,707.0,827.0,717.0
2024-10-15 05:41:49.515,0.1758241758241752,0.0,0.0,73.14285714285714,707.0,826.0,717.0
2024-10-15 05:41:49.820,0.1758241758241752,0.0,0.0,72.17582417582418,706.0,825.0,716.0
2024-10-15 05:41:50.124,0.1758241758241752,0.0,0.0,71.12087912087912,706.0,824.0,716.0
2024-10-15 05:41:50.427,0.1758241758241752,0.0,0.0,70.06593406593407,705.0,823.0,715.0
2024-10-15 05:41:50.732,0.1758241758241752,0.0,0.0,69.09890109890108,705.0,822.0,714.0
2024-10-15 05:41:51.036,0.1758241758241752,0.0,0.0,68.13186813186812,704.0,821.0,714.0
2024-10-15 05:41:51.340,0.1758241758241752,0.0,0.0,67.16483516483515,704.0,820.0,714.0
2024-10-15 05:41:51.644,0.1758241758241752,0.0,0.0,66.1098901098901,704.0,820.0,713.0
2024-10-15 05:41:51.948,0.1758241758241752,0.0,0.0,65.14285714285714,703.0,819.0,713.0
2024-10-15 05:41:52.252,0.1758241758241752,0.0,-0.08791208791211602,64.0,703.0,818.0,712.0
2024-10-15 05:41:52.556,0.1758241758241752,0.0,0.0,63.120879120879124,702.0,817.0,712.0
2024-10-15 05:41:52.860,0.1758241758241752,0.0,-0.08791208791211602,62.15384615384616,702.0,816.0,711.0
2024-10-15 05:41:53.164,0.0879120879120876,0.0,-0.08791208791211602,61.09890109890108,701.0,815.0,711.0
2024-10-15 05:41:53.468,0.1758241758241752,0.0,0.0,60.04395604395603,700.0,814.0,711.0
2024-10-15 05:41:53.772,0.1758241758241752,0.0,0.0,59.164835164835154,700.0,813.0,710.0
2024-10-15 05:41:54.076,0.1758241758241752,0.0,0.0,58.1098901098901,700.0,813.0,710.0
2024-10-15 05:41:54.381,0.1758241758241752,0.0,0.0,57.14285714285714,699.0,812.0,709.0
2024-10-15 05:41:54.685,0.1758241758241752,0.0,0.0,56.08791208791209,699.0,811.0,709.0
2024-10-15 05:41:54.988,0.1758241758241752,0.0,0.0,55.120879120879124,698.0,810.0,709.0
2024-10-15 05:41:55.292,0.1758241758241752,0.0,0.0,54.06593406593407,698.0,810.0,708.0
2024-10-15 05:41:55.597,0.1758241758241752,0.0,0.0,53.09890109890108,697.0,809.0,707.0
2024-10-15 05:41:55.900,0.1758241758241752,0.0,0.0,52.131868131868146,697.0,808.0,707.0
2024-10-15 05:41:56.220,0.1758241758241752,0.0,0.0,51.164835164835154,696.0,807.0,707.0
2024-10-15 05:41:56.508,0.1758241758241752,0.0,0.0,50.1098901098901,696.0,806.0,707.0
2024-10-15 05:41:56.812,0.1758241758241752,0.0,0.0,49.14285714285714,696.0,806.0,706.0
2024-10-15 05:41:57.116,0.1758241758241752,0.0,0.0,48.08791208791209,708.0,812.0,719.0
2024-10-15 05:41:57.436,0.1758241758241752,0.0,0.0,47.120879120879124,713.0,813.0,722.0
2024-10-15 05:41:57.724,0.1758241758241752,0.0,-0.08791208791211602,46.15384615384616,709.0,811.0,719.0
2024-10-15 05:41:58.029,0.1758241758241752,0.0,0.0,45.09890109890108,718.0,814.0,727.0
2024-10-15 05:41:58.348,0.1758241758241752,0.0,0.0,44.13186813186813,709.0,810.0,719.0
2024-10-15 05:41:58.653,0.1758241758241752,0.0,0.0,43.164835164835154,709.0,809.0,718.0
2024-10-15 05:41:58.940,0.1758241758241752,0.0,0.0,42.021978021978015,710.0,809.0,719.0
2024-10-15 05:41:59.244,0.1758241758241752,0.0,-0.08791208791211602,41.14285714285714,709.0,808.0,719.0
2024-10-15 05:41:59.564,0.1758241758241752,0.0,0.0,40.08791208791209,708.0,807.0,718.0
2024-10-15 05:41:59.869,0.1758241758241752,0.0,-0.08791208791211602,39.120879120879124,707.0,807.0,717.0
2024-10-15 05:42:00.172,0.1758241758241752,0.0,0.0,38.15384615384616,713.0,809.0,722.0
2024-10-15 05:42:00.477,0.1758241758241752,0.0,0.0,37.098901098901095,709.0,806.0,719.0
2024-10-15 05:42:00.781,0.1758241758241752,0.0,0.0,36.13186813186813,707.0,805.0,717.0
2024-10-15 05:42:01.085,0.1758241758241752,-0.08791208791211602,0.0,35.164835164835154,705.0,804.0,716.0
2024-10-15 05:42:01.389,0.1758241758241752,0.0,0.0,34.1098901098901,703.0,804.0,714.0
2024-10-15 05:42:01.692,0.1758241758241752,0.0,0.0,33.14285714285714,704.0,803.0,714.0
2024-10-15 05:42:01.997,0.1758241758241752,0.0,0.0,32.08791208791209,700.0,800.0,711.0
2024-10-15 05:42:02.301,0.0879120879120876,0.0,0.0,31.120879120879124,698.0,800.0,709.0
2024-10-15 05:42:02.605,0.1758241758241752,0.0,0.0,30.153846153846146,702.0,800.0,712.0
2024-10-15 05:42:02.909,0.1758241758241752,0.0,0.0,29.098901098901095,701.0,800.0,712.0
2024-10-15 05:42:03.213,0.1758241758241752,0.0,0.0,28.13186813186813,700.0,800.0,711.0
2024-10-15 05:42:03.517,0.1758241758241752,-0.08791208791211602,0.0,27.164835164835168,700.0,799.0,710.0
2024-10-15 05:42:03.821,0.1758241758241752,0.0,0.0,26.109890109890102,698.0,798.0,709.0
2024-10-15 05:42:04.125,0.1758241758241752,0.0,0.0,25.14285714285714,698.0,797.0,709.0
2024-10-15 05:42:04.429,0.0879120879120876,0.0,0.0,24.087912087912088,697.0,797.0,709.0
2024-10-15 05:42:04.733,0.1758241758241752,0.0,0.0,23.120879120879124,695.0,796.0,707.0
2024-10-15 05:42:05.037,0.1758241758241752,0.0,-0.08791208791211602,22.153846153846146,695.0,795.0,707.0
2024-10-15 05:42:05.341,0.0879120879120876,0.0,0.0,21.098901098901095,695.0,795.0,707.0
2024-10-15 05:42:05.646,0.1758241758241752,0.0,0.0,20.13186813186813,695.0,795.0,707.0
2024-10-15 05:42:05.949,0.1758241758241752,0.0,0.0,19.164835164835168,694.0,795.0,706.0
2024-10-15 05:42:06.253,0.0879120879120876,0.0,0.0,18.109890109890102,694.0,794.0,707.0
2024-10-15 05:42:06.557,0.1758241758241752,0.0,0.0,17.14285714285714,694.0,794.0,707.0
2024-10-15 05:42:06.861,0.1758241758241752,0.0,0.0,16.087912087912088,699.0,797.0,711.0
2024-10-15 05:42:07.165,0.0879120879120876,-0.08791208791211602,0.0,15.120879120879124,692.0,793.0,705.0
2024-10-15 05:42:07.470,0.0879120879120876,0.0,-0.08791208791211602,14.153846153846146,691.0,792.0,704.0
2024-10-15 05:42:07.773,0.1758241758241752,0.0,0.0,13.098901098901095,690.0,792.0,703.0
2024-10-15 05:42:08.078,0.1758241758241752,0.0,0.0,12.131868131868131,689.0,791.0,702.0
2024-10-15 05:42:08.381,0.1758241758241752,0.0,0.0,11.164835164835168,689.0,791.0,702.0
2024-10-15 05:42:08.686,0.0879120879120876,0.0,0.0,10.109890109890102,688.0,791.0,702.0
2024-10-15 05:42:08.990,0.0879120879120876,0.0,0.0,9.142857142857139,688.0,791.0,702.0
2024-10-15 05:42:09.294,0.0879120879120876,0.0,0.0,8.087912087912088,688.0,791.0,702.0
2024-10-15 05:42:09.597,0.1758241758241752,0.0,0.0,7.120879120879124,688.0,790.0,702.0
2024-10-15 05:42:09.902,0.0879120879120876,-0.08791208791211602,0.0,6.153846153846146,688.0,790.0,702.0
2024-10-15 05:42:10.206,0.1758241758241752,0.0,0.0,5.098901098901095,687.0,790.0,701.0
2024-10-15 05:42:10.510,0.1758241758241752,0.0,0.0,4.131868131868131,687.0,790.0,701.0
2024-10-15 05:42:10.814,0.1758241758241752,-0.08791208791211602,0.0,3.164835164835168,686.0,790.0,701.0
2024-10-15 05:42:11.118,0.1758241758241752,0.0,0.0,2.1098901098901024,686.0,789.0,700.0
2024-10-15 05:42:11.422,0.0879120879120876,0.0,0.0,1.1428571428571388,686.0,790.0,700.0
2024-10-15 05:42:11.726,0.0879120879120876,0.0,0.0,1.1428571428571388,686.0,789.0,700.0
2024-10-15 05:42:12.030,0.967032967032992,0.0,0.0,1.1428571428571388,686.0,790.0,700.0
2024-10-15 05:42:12.334,1.9340659340659556,0.0,0.0,1.1428571428571388,686.0,790.0,700.0
2024-10-15 05:42:12.638,2.989010989011007,0.0,0.0,1.1428571428571388,686.0,791.0,700.0
2024-10-15 05:42:12.942,3.9560439560439704,0.0,0.0,1.1428571428571388,686.0,791.0,700.0
2024-10-15 05:42:13.246,4.923076923076934,0.0,-0.08791208791211602,1.1428571428571388,687.0,792.0,701.0
2024-10-15 05:42:13.550,5.978021978021985,0.0,0.0,1.1428571428571388,687.0,793.0,701.0
2024-10-15 05:42:13.853,6.945054945054949,0.0,0.0,1.1428571428571388,688.0,793.0,701.0
2024-10-15 05:42:14.158,7.912087912087912,0.0,0.0,1.1428571428571388,688.0,794.0,702.0
2024-10-15 05:42:14.463,8.967032967032992,0.0,0.0,1.1428571428571388,688.0,795.0,702.0
2024-10-15 05:42:14.766,9.934065934065956,0.0,0.0,1.1428571428571388,689.0,796.0,702.0
2024-10-15 05:42:15.071,10.989010989011007,0.0,0.0,1.1428571428571388,690.0,797.0,703.0
2024-10-15 05:42:15.374,11.95604395604397,0.0,0.0,1.1428571428571388,693.0,799.0,705.0
2024-10-15 05:42:15.679,12.923076923076934,0.0,0.0,1.1428571428571388,694.0,800.0,706.0
2024-10-15 05:42:15.982,13.978021978021985,0.0,0.0,1.1428571428571388,693.0,800.0,706.0
2024-10-15 05:42:16.286,14.945054945054949,0.0,0.0,1.1428571428571388,696.0,802.0,708.0
2024-10-15 05:42:16.590,15.912087912087912,0.0,0.0,1.1428571428571388,692.0,801.0,704.0
2024-10-15 05:42:16.894,16.967032967032992,0.0,0.0,1.1428571428571388,693.0,802.0,705.0
2024-10-15 05:42:17.198,17.934065934065956,0.0,0.0,1.1428571428571388,695.0,804.0,708.0
2024-10-15 05:42:17.502,18.989010989011007,0.0,0.0,1.1428571428571388,696.0,805.0,707.0
2024-10-15 05:42:17.806,19.95604395604397,0.0,0.0,1.1428571428571388,704.0,809.0,715.0
2024-10-15 05:42:18.111,20.923076923076934,0.0,0.0,1.1428571428571388,695.0,806.0,706.0
2024-10-15 05:42:18.414,21.978021978021985,-0.08791208791211602,0.0,1.1428571428571388,694.0,806.0,706.0
2024-10-15 05:42:18.718,22.94505494505495,0.0,0.0,1.1428571428571388,694.0,807.0,706.0
2024-10-15 05:42:19.023,23.912087912087912,0.0,0.0,1.1428571428571388,692.0,806.0,703.0
2024-10-15 05:42:19.327,24.967032967032992,0.0,0.0,1.1428571428571388,692.0,807.0,703.0
2024-10-15 05:42:19.630,25.934065934065956,0.0,0.0,1.1428571428571388,692.0,808.0,703.0
2024-10-15 05:42:19.935,26.989010989011007,0.0,0.0,1.1428571428571388,692.0,809.0,703.0
2024-10-15 05:42:20.239,27.95604395604397,0.0,0.0,1.1428571428571388,693.0,810.0,704.0
2024-10-15 05:42:20.542,28.923076923076934,0.0,0.0,1.1428571428571388,693.0,811.0,704.0
2024-10-15 05:42:20.847,29.978021978021985,0.0,0.0,1.1428571428571388,693.0,812.0,704.0
2024-10-15 05:42:21.151,30.94505494505495,0.0,0.0,1.1428571428571388,694.0,813.0,705.0
2024-10-15 05:42:21.471,31.912087912087912,0.0,0.0,1.1428571428571388,694.0,814.0,705.0
2024-10-15 05:42:21.759,32.96703296703299,0.0,0.0,1.1428571428571388,695.0,815.0,705.0
2024-10-15 05:42:22.063,33.934065934065956,0.0,0.0,1.1428571428571388,695.0,816.0,706.0
2024-10-15 05:42:22.367,34.98901098901101,0.0,0.0,1.1428571428571388,696.0,817.0,706.0
2024-10-15 05:42:22.671,35.95604395604397,-0.08791208791211602,0.0,1.1428571428571388,696.0,818.0,706.0
2024-10-15 05:42:22.975,36.923076923076934,0.0,0.0,1.1428571428571388,696.0,819.0,707.0
2024-10-15 05:42:23.280,37.978021978021985,0.0,0.0,1.1428571428571388,697.0,820.0,707.0
2024-10-15 05:42:23.599,38.94505494505495,0.0,0.0,1.0549450549450512,697.0,820.0,707.0
2024-10-15 05:42:23.903,39.91208791208791,0.0,0.0,1.1428571428571388,698.0,822.0,708.0
2024-10-15 05:42:24.191,40.96703296703299,0.0,0.0,1.1428571428571388,698.0,823.0,708.0
2024-10-15 05:42:24.496,41.84615384615387,0.0,0.0,1.1428571428571388,699.0,824.0,708.0
2024-10-15 05:42:24.815,42.90109890109892,-0.08791208791211602,-0.08791208791211602,1.1428571428571388,699.0,825.0,709.0
2024-10-15 05:42:25.119,43.95604395604397,0.0,0.0,1.1428571428571388,700.0,826.0,709.0
2024-10-15 05:42:25.407,44.923076923076934,0.0,0.0,1.1428571428571388,700.0,827.0,709.0
2024-10-15 05:42:25.727,45.978021978021985,0.0,0.0,1.1428571428571388,700.0,828.0,710.0
2024-10-15 05:42:26.031,46.94505494505495,0.0,0.0,1.1428571428571388,701.0,829.0,710.0
2024-10-15 05:42:26.335,47.91208791208791,0.0,0.0,1.1428571428571388,701.0,830.0,710.0
2024-10-15 05:42:26.640,48.96703296703299,0.0,0.0,1.1428571428571388,702.0,831.0,710.0
2024-10-15 05:42:26.944,49.934065934065956,0.0,0.0,1.1428571428571388,702.0,832.0,711.0
2024-10-15 05:42:27.247,50.98901098901101,0.0,0.0,1.1428571428571388,702.0,833.0,711.0
2024-10-15 05:42:27.551,51.86813186813188,-0.08791208791211602,0.0,1.1428571428571388,703.0,834.0,711.0
2024-10-15 05:42:27.856,52.923076923076934,0.0,0.0,1.1428571428571388,703.0,835.0,712.0
2024-10-15 05:42:28.160,53.978021978021985,0.0,0.0,1.1428571428571388,704.0,836.0,712.0
2024-10-15 05:42:28.463,54.85714285714286,-0.08791208791211602,0.0,1.1428571428571388,704.0,837.0,713.0
2024-10-15 05:42:28.768,55.91208791208791,0.0,0.0,1.1428571428571388,704.0,838.0,713.0
2024-10-15 05:42:29.072,56.879120879120904,0.0,0.0,1.1428571428571388,705.0,839.0,713.0
2024-10-15 05:42:29.376,57.84615384615387,0.0,-0.08791208791211602,1.1428571428571388,705.0,840.0,714.0
2024-10-15 05:42:29.680,58.90109890109892,-0.08791208791211602,0.0,1.1428571428571388,705.0,841.0,714.0
2024-10-15 05:42:29.985,59.95604395604397,0.0,-0.08791208791211602,1.1428571428571388,706.0,843.0,715.0
2024-10-15 05:42:30.289,60.923076923076934,-0.08791208791211602,0.0,1.1428571428571388,706.0,843.0,715.0
2024-10-15 05:42:30.592,61.978021978021985,0.0,0.0,1.1428571428571388,706.0,845.0,715.0
2024-10-15 05:42:30.896,62.85714285714286,0.0,0.0,1.1428571428571388,707.0,846.0,716.0
2024-10-15 05:42:31.200,63.91208791208791,0.0,0.0,1.1428571428571388,707.0,847.0,716.0
2024-10-15 05:42:31.504,64.96703296703299,0.0,-0.08791208791211602,1.1428571428571388,708.0,848.0,717.0
2024-10-15 05:42:31.808,65.84615384615387,0.0,0.0,1.1428571428571388,708.0,849.0,717.0
2024-10-15 05:42:32.113,66.989010989011,0.0,0.0,1.1428571428571388,708.0,850.0,717.0
2024-10-15 05:42:32.416,67.95604395604397,-0.08791208791211602,0.0,1.1428571428571388,709.0,851.0,718.0
2024-10-15 05:42:32.720,68.92307692307693,-0.08791208791211602,0.0,1.1428571428571388,710.0,852.0,718.0
2024-10-15 05:42:33.024,69.80219780219781,0.0,0.0,1.1428571428571388,710.0,853.0,718.0
2024-10-15 05:42:33.328,70.85714285714288,0.0,0.0,1.1428571428571388,710.0,855.0,719.0
2024-10-15 05:42:33.632,71.91208791208793,-0.08791208791211602,-0.08791208791211602,1.1428571428571388,711.0,856.0,719.0
2024-10-15 05:42:33.937,72.96703296703298,-0.08791208791211602,0.0,1.1428571428571388,711.0,857.0,720.0
2024-10-15 05:42:34.240,73.84615384615385,0.0,0.0,1.1428571428571388,711.0,858.0,720.0
2024-10-15 05:42:34.544,74.90109890109892,0.0,0.0,1.1428571428571388,712.0,860.0,721.0
2024-10-15 05:42:34.848,75.95604395604397,0.0,0.0,1.1428571428571388,712.0,861.0,721.0
2024-10-15 05:42:35.152,76.83516483516485,-0.08791208791211602,0.0,1.1428571428571388,712.0,862.0,721.0
2024-10-15 05:42:35.456,77.97802197802199,0.0,0.0,1.1428571428571388,713.0,863.0,722.0
2024-10-15 05:42:35.760,78.94505494505496,0.0,0.0,1.1428571428571388,713.0,864.0,722.0
2024-10-15 05:42:36.064,79.91208791208793,-0.08791208791211602,0.0,1.1428571428571388,714.0,865.0,723.0
2024-10-15 05:42:36.369,80.87912087912089,-0.08791208791211602,0.0,1.1428571428571388,714.0,867.0,723.0
2024-10-15 05:42:36.672,81.84615384615385,-0.08791208791211602,0.0,1.1428571428571388,715.0,867.0,724.0
2024-10-15 05:42:36.977,82.90109890109892,-0.08791208791211602,0.0,1.1428571428571388,715.0,867.0,724.0
2024-10-15 05:42:37.280,83.86813186813188,-0.08791208791211602,0.0,1.1428571428571388,715.0,868.0,725.0
2024-10-15 05:42:37.585,84.83516483516485,0.0,0.0,1.1428571428571388,716.0,868.0,725.0
2024-10-15 05:42:37.889,85.97802197802199,-0.08791208791211602,0.0,1.1428571428571388,716.0,868.0,725.0
2024-10-15 05:42:38.193,86.94505494505496,0.0,0.0,1.1428571428571388,717.0,868.0,726.0
2024-10-15 05:42:38.497,87.91208791208793,-0.08791208791211602,0.0,1.1428571428571388,717.0,868.0,726.0
2024-10-15 05:42:38.801,88.96703296703298,0.0,0.0,1.1428571428571388,717.0,867.0,727.0
2024-10-15 05:42:39.105,89.84615384615385,0.0,0.0,1.1428571428571388,718.0,867.0,727.0
2024-10-15 05:42:39.409,90.81318681318683,-0.08791208791211602,0.0,1.1428571428571388,718.0,867.0,728.0
2024-10-15 05:42:39.713,91.86813186813188,-0.08791208791211602,0.0,1.1428571428571388,718.0,867.0,728.0
2024-10-15 05:42:40.017,92.92307692307693,-0.08791208791211602,0.0,1.1428571428571388,719.0,867.0,728.0
2024-10-15 05:42:40.321,93.97802197802199,-0.08791208791211602,0.0,1.1428571428571388,719.0,867.0,729.0
2024-10-15 05:42:40.626,94.85714285714288,0.0,0.0,1.1428571428571388,720.0,867.0,730.0
2024-10-15 05:42:40.929,95.82417582417584,-0.08791208791211602,0.0,1.1428571428571388,720.0,867.0,730.0
2024-10-15 05:42:41.233,96.87912087912089,0.0,0.0,1.1428571428571388,721.0,867.0,730.0
2024-10-15 05:42:41.538,97.84615384615385,0.0,0.0,1.1428571428571388,721.0,867.0,731.0
2024-10-15 05:42:41.842,98.90109890109892,0.0,0.0,1.1428571428571388,721.0,867.0,731.0
2024-10-15 05:42:42.146,99.95604395604397,-0.08791208791211602,0.0,1.1428571428571388,722.0,867.0,732.0
2024-10-15 05:42:42.450,100.83516483516485,0.0,0.0,1.1428571428571388,722.0,867.0,732.0
2024-10-15 05:42:42.753,101.8901098901099,0.0,0.0,1.1428571428571388,723.0,867.0,732.0
2024-10-15 05:42:43.058,102.85714285714288,0.0,0.0,1.1428571428571388,723.0,868.0,733.0
2024-10-15 05:42:43.361,103.82417582417584,-0.08791208791211602,0.0,1.1428571428571388,723.0,867.0,734.0
2024-10-15 05:42:43.665,104.87912087912089,-0.08791208791211602,0.0,1.1428571428571388,724.0,867.0,734.0
2024-10-15 05:42:43.969,105.84615384615385,-0.08791208791211602,0.0,1.1428571428571388,724.0,867.0,734.0
2024-10-15 05:42:44.274,106.90109890109892,-0.08791208791211602,0.0,1.1428571428571388,725.0,867.0,735.0
2024-10-15 05:42:44.577,107.86813186813188,-0.08791208791211602,0.0,1.1428571428571388,725.0,867.0,735.0
2024-10-15 05:42:44.881,108.83516483516485,0.0,0.0,1.1428571428571388,726.0,867.0,736.0
2024-10-15 05:42:45.185,109.8901098901099,-0.08791208791211602,0.0,1.1428571428571388,726.0,867.0,736.0
2024-10-15 05:42:45.490,110.94505494505496,0.0,0.0,1.1428571428571388,726.0,867.0,737.0
2024-10-15 05:42:45.794,111.82417582417584,0.0,0.0,1.1428571428571388,727.0,867.0,737.0
2024-10-15 05:42:46.097,112.87912087912089,-0.08791208791211602,0.0,1.1428571428571388,727.0,867.0,737.0
2024-10-15 05:42:46.401,113.93406593406594,-0.08791208791211602,0.0,1.1428571428571388,728.0,867.0,738.0
2024-10-15 05:42:46.721,114.90109890109892,-0.08791208791211602,0.0,1.1428571428571388,728.0,867.0,739.0
2024-10-15 05:42:47.010,115.86813186813188,-0.08791208791211602,0.0,1.1428571428571388,728.0,867.0,739.0
2024-10-15 05:42:47.313,116.83516483516485,0.0,0.0,1.1428571428571388,729.0,867.0,740.0
2024-10-15 05:42:47.618,117.8901098901099,0.0,0.0,1.1428571428571388,729.0,867.0,740.0
2024-10-15 05:42:47.938,118.85714285714288,-0.08791208791211602,0.0,1.1428571428571388,729.0,867.0,741.0
2024-10-15 05:42:48.227,119.82417582417584,0.0,0.0,1.1428571428571388,730.0,867.0,741.0
2024-10-15 05:42:48.529,120.96703296703298,-0.08791208791211602,0.0,1.1428571428571388,730.0,867.0,742.0
2024-10-15 05:42:48.850,121.84615384615385,-0.08791208791211602,-0.08791208791211602,1.1428571428571388,731.0,867.0,742.0
2024-10-15 05:42:49.154,122.90109890109892,-0.08791208791211602,0.0,1.1428571428571388,731.0,867.0,743.0
2024-10-15 05:42:49.458,123.86813186813188,-0.08791208791211602,0.0,1.1428571428571388,732.0,867.0,743.0
2024-10-15 05:42:49.745,124.83516483516485,-0.08791208791211602,0.0,1.1428571428571388,732.0,867.0,744.0
2024-10-15 05:42:50.066,125.8901098901099,0.0,0.0,1.1428571428571388,732.0,867.0,744.0
2024-10-15 05:42:50.370,126.76923076923079,0.0,0.0,1.1428571428571388,733.0,867.0,745.0
2024-10-15 05:42:50.674,127.82417582417584,-0.08791208791211602,0.0,1.1428571428571388,733.0,867.0,745.0
2024-10-15 05:42:50.978,128.87912087912088,-0.08791208791211602,0.0,1.1428571428571388,733.0,867.0,746.0
2024-10-15 05:42:51.282,129.84615384615387,-0.08791208791211602,0.0,1.1428571428571388,734.0,867.0,747.0
2024-10-15 05:42:51.586,130.90109890109892,-0.08791208791211602,0.0,1.1428571428571388,734.0,867.0,747.0
2024-10-15 05:42:51.890,131.7802197802198,-0.08791208791211602,0.0,1.1428571428571388,734.0,867.0,747.0
2024-10-15 05:42:52.194,132.83516483516485,-0.08791208791211602,0.0,1.1428571428571388,734.0,867.0,748.0
2024-10-15 05:42:52.498,133.8901098901099,-0.08791208791211602,0.0,1.1428571428571388,735.0,867.0,748.0
2024-10-15 05:42:52.802,134.85714285714286,-0.08791208791211602,0.0,1.1428571428571388,735.0,867.0,749.0
2024-10-15 05:42:53.106,135.73626373626377,-0.08791208791211602,0.0,1.1428571428571388,735.0,867.0,750.0
2024-10-15 05:42:53.410,136.87912087912088,0.0,0.0,1.1428571428571388,736.0,867.0,750.0
2024-10-15 05:42:53.715,137.84615384615387,0.0,0.0,1.1428571428571388,736.0,867.0,751.0
2024-10-15 05:42:54.019,138.90109890109892,-0.08791208791211602,0.0,1.1428571428571388,736.0,867.0,751.0
2024-10-15 05:42:54.322,139.86813186813188,-0.08791208791211602,0.0,1.1428571428571388,737.0,867.0,752.0
2024-10-15 05:42:54.626,140.83516483516485,-0.08791208791211602,0.0,1.1428571428571388,737.0,867.0,752.0
2024-10-15 05:42:54.930,141.8901098901099,-0.08791208791211602,0.0,1.1428571428571388,737.0,867.0,753.0
2024-10-15 05:42:55.234,142.85714285714286,-0.08791208791211602,0.0,1.1428571428571388,737.0,867.0,754.0
2024-10-15 05:42:55.538,143.82417582417582,-0.08791208791211602,0.0,1.1428571428571388,737.0,867.0,754.0
2024-10-15 05:42:55.842,144.8791208791209,-0.08791208791211602,0.0,1.1428571428571388,738.0,868.0,755.0
2024-10-15 05:42:56.162,145.84615384615387,-0.08791208791211602,0.0,1.1428571428571388,738.0,867.0,755.0
2024-10-15 05:42:56.546,146.90109890109892,-0.08791208791211602,0.0,1.1428571428571388,738.0,867.0,756.0
2024-10-15 05:42:56.850,147.7802197802198,-0.08791208791211602,0.0,1.1428571428571388,738.0,867.0,756.0
2024-10-15 05:42:57.154,148.83516483516485,-0.08791208791211602,0.0,1.1428571428571388,739.0,867.0,757.0
2024-10-15 05:42:57.458,149.8901098901099,0.0,0.0,1.1428571428571388,739.0,867.0,757.0
2024-10-15 05:42:57.762,149.01098901098902,-0.08791208791211602,0.0,1.1428571428571388,738.0,867.0,757.0
2024-10-15 05:42:58.067,147.95604395604397,0.0,0.0,1.1428571428571388,738.0,867.0,757.0
2024-10-15 05:42:58.371,146.989010989011,-0.08791208791211602,0.0,1.1428571428571388,737.0,867.0,756.0
2024-10-15 05:42:58.675,145.93406593406596,-0.08791208791211602,0.0,1.1428571428571388,737.0,867.0,756.0
2024-10-15 05:42:58.978,144.96703296703296,-0.08791208791211602,0.0,1.1428571428571388,736.0,867.0,755.0
2024-10-15 05:42:59.283,144.0,-0.08791208791211602,0.0,1.1428571428571388,736.0,867.0,754.0
2024-10-15 05:42:59.586,143.03296703296704,0.0,0.0,1.1428571428571388,736.0,867.0,754.0
2024-10-15 05:42:59.891,142.06593406593407,-0.08791208791211602,0.0,1.1428571428571388,735.0,867.0,753.0
2024-10-15 05:43:00.195,141.01098901098902,-0.08791208791211602,0.0,1.1428571428571388,735.0,867.0,753.0
2024-10-15 05:43:00.499,140.04395604395606,-0.08791208791211602,0.0,1.1428571428571388,734.0,867.0,752.0
2024-10-15 05:43:00.803,139.0769230769231,-0.08791208791211602,0.0,1.1428571428571388,734.0,867.0,752.0
2024-10-15 05:43:01.107,138.02197802197804,-0.08791208791211602,0.0,1.1428571428571388,733.0,867.0,751.0
2024-10-15 05:43:01.411,137.05494505494505,-0.08791208791211602,0.0,1.1428571428571388,733.0,867.0,751.0
2024-10-15 05:43:01.715,135.91208791208794,-0.08791208791211602,0.0,1.1428571428571388,732.0,867.0,750.0
2024-10-15 05:43:02.020,134.94505494505495,-0.08791208791211602,0.0,1.1428571428571388,732.0,867.0,749.0
2024-10-15 05:43:02.323,134.06593406593407,0.0,0.0,1.1428571428571388,732.0,867.0,749.0
2024-10-15 05:43:02.627,133.01098901098902,-0.08791208791211602,0.0,1.1428571428571388,732.0,867.0,748.0
2024-10-15 05:43:02.931,132.13186813186815,-0.08791208791211602,0.0,1.1428571428571388,731.0,867.0,748.0
2024-10-15 05:43:03.235,131.0769230769231,-0.08791208791211602,0.0,1.1428571428571388,731.0,867.0,747.0
2024-10-15 05:43:03.539,130.02197802197804,-0.08791208791211602,0.0,1.1428571428571388,730.0,867.0,747.0
2024-10-15 05:43:03.844,129.05494505494505,-0.08791208791211602,0.0,1.1428571428571388,730.0,867.0,746.0
2024-10-15 05:43:04.147,128.0,-0.08791208791211602,0.0,1.0549450549450512,729.0,867.0,746.0
2024-10-15 05:43:04.451,127.03296703296705,0.0,0.0,1.1428571428571388,729.0,867.0,745.0
2024-10-15 05:43:04.755,126.06593406593407,-0.08791208791211602,0.0,1.1428571428571388,729.0,867.0,745.0
2024-10-15 05:43:05.075,125.01098901098902,-0.08791208791211602,0.0,1.1428571428571388,728.0,867.0,744.0
2024-10-15 05:43:05.363,124.04395604395606,-0.08791208791211602,0.0,1.1428571428571388,728.0,867.0,743.0
2024-10-15 05:43:05.683,123.0769230769231,0.0,0.0,1.1428571428571388,727.0,867.0,743.0
2024-10-15 05:43:05.987,122.02197802197803,-0.08791208791211602,0.0,1.0549450549450512,727.0,867.0,743.0
2024-10-15 05:43:06.291,121.05494505494507,-0.08791208791211602,0.0,1.1428571428571388,726.0,867.0,742.0
2024-10-15 05:43:06.580,120.00000000000001,-0.08791208791211602,-0.08791208791211602,1.1428571428571388,726.0,867.0,741.0
2024-10-15 05:43:06.900,119.03296703296705,-0.08791208791211602,0.0,1.1428571428571388,725.0,867.0,741.0
2024-10-15 05:43:07.204,118.06593406593407,0.0,0.0,1.1428571428571388,725.0,867.0,740.0
2024-10-15 05:43:07.492,117.01098901098902,-0.08791208791211602,0.0,1.1428571428571388,724.0,867.0,740.0
2024-10-15 05:43:07.795,116.04395604395606,-0.08791208791211602,0.0,1.1428571428571388,724.0,867.0,739.0
2024-10-15 05:43:08.116,115.0769230769231,-0.08791208791211602,0.0,1.1428571428571388,724.0,867.0,739.0
2024-10-15 05:43:08.419,114.10989010989012,0.0,0.0,1.1428571428571388,723.0,867.0,739.0
2024-10-15 05:43:08.724,113.05494505494507,-0.08791208791211602,0.0,1.1428571428571388,723.0,867.0,738.0
2024-10-15 05:43:09.027,112.00000000000001,-0.08791208791211602,0.0,1.1428571428571388,722.0,867.0,737.0
2024-10-15 05:43:09.331,111.03296703296705,-0.08791208791211602,0.0,1.1428571428571388,722.0,867.0,737.0
2024-10-15 05:43:09.635,110.06593406593407,-0.08791208791211602,-0.08791208791211602,1.1428571428571388,721.0,867.0,736.0
2024-10-15 05:43:09.940,109.01098901098902,-0.08791208791211602,0.0,1.1428571428571388,721.0,867.0,736.0
2024-10-15 05:43:10.244,108.13186813186815,-0.08791208791211602,0.0,1.1428571428571388,720.0,867.0,735.0
2024-10-15 05:43:10.548,107.0769230769231,0.0,0.0,1.1428571428571388,720.0,867.0,735.0
2024-10-15 05:43:10.851,106.10989010989012,0.0,0.0,1.1428571428571388,720.0,867.0,734.0
2024-10-15 05:43:11.156,105.14285714285715,-0.08791208791211602,0.0,1.1428571428571388,719.0,867.0,734.0
2024-10-15 05:43:11.460,104.00000000000001,-0.08791208791211602,0.0,1.1428571428571388,719.0,867.0,733.0
2024-10-15 05:43:11.763,103.12087912087914,0.0,0.0,1.1428571428571388,718.0,867.0,732.0
2024-10-15 05:43:12.068,102.15384615384616,0.0,0.0,1.1428571428571388,718.0,867.0,732.0
2024-10-15 05:43:12.372,101.09890109890111,-0.08791208791211602,0.0,1.1428571428571388,717.0,867.0,732.0
2024-10-15 05:43:12.676,100.04395604395606,0.0,0.0,1.1428571428571388,717.0,867.0,731.0
2024-10-15 05:43:12.980,99.16483516483518,-0.08791208791211602,0.0,1.1428571428571388,716.0,867.0,731.0
2024-10-15 05:43:13.284,98.1978021978022,-0.08791208791211602,0.0,1.1428571428571388,716.0,868.0,730.0
2024-10-15 05:43:13.588,97.14285714285715,-0.08791208791211602,0.0,1.1428571428571388,716.0,867.0,729.0
2024-10-15 05:43:13.892,96.0879120879121,-0.08791208791211602,0.0,1.1428571428571388,715.0,867.0,729.0
2024-10-15 05:43:14.196,95.12087912087914,-0.08791208791211602,0.0,1.1428571428571388,715.0,868.0,729.0
2024-10-15 05:43:14.500,94.15384615384616,-0.08791208791211602,0.0,1.1428571428571388,714.0,868.0,728.0
2024-10-15 05:43:14.804,93.09890109890111,0.0,0.0,1.1428571428571388,714.0,868.0,727.0
2024-10-15 05:43:15.109,92.13186813186815,-0.08791208791211602,0.0,1.1428571428571388,714.0,868.0,727.0
2024-10-15 05:43:15.412,91.16483516483518,-0.08791208791211602,0.0,1.1428571428571388,713.0,868.0,727.0
2024-10-15 05:43:15.716,90.10989010989012,-0.08791208791211602,0.0,1.1428571428571388,713.0,868.0,726.0
2024-10-15 05:43:16.020,89.14285714285715,-0.08791208791211602,0.0,1.1428571428571388,712.0,868.0,726.0
2024-10-15 05:43:16.324,88.00000000000001,-0.08791208791211602,0.0,1.1428571428571388,712.0,866.0,725.0
2024-10-15 05:43:16.628,87.12087912087914,-0.08791208791211602,0.0,1.1428571428571388,711.0,865.0,725.0
2024-10-15 05:43:16.932,86.15384615384616,0.0,-0.08791208791211602,1.1428571428571388,711.0,864.0,724.0
2024-10-15 05:43:17.236,85.09890109890111,-0.08791208791211602,0.0,1.1428571428571388,711.0,863.0,724.0
2024-10-15 05:43:17.541,84.13186813186815,-0.08791208791211602,-0.08791208791211602,1.1428571428571388,710.0,862.0,723.0
2024-10-15 05:43:17.844,83.16483516483518,-0.08791208791211602,0.0,1.1428571428571388,710.0,860.0,723.0
2024-10-15 05:43:18.148,82.10989010989012,-0.08791208791211602,0.0,1.1428571428571388,709.0,859.0,722.0
2024-10-15 05:43:18.453,81.05494505494507,-0.08791208791211602,0.0,1.1428571428571388,709.0,857.0,722.0
2024-10-15 05:43:18.757,80.0879120879121,-0.08791208791211602,0.0,1.1428571428571388,709.0,856.0,721.0
2024-10-15 05:43:19.061,79.12087912087914,-0.08791208791211602,0.0,1.1428571428571388,708.0,855.0,721.0
2024-10-15 05:43:19.365,78.15384615384616,-0.08791208791211602,0.0,1.1428571428571388,708.0,853.0,720.0
2024-10-15 05:43:19.669,77.09890109890111,-0.08791208791211602,0.0,1.1428571428571388,707.0,852.0,720.0
2024-10-15 05:43:19.973,76.04395604395606,0.0,0.0,1.1428571428571388,707.0,851.0,719.0
2024-10-15 05:43:20.277,75.16483516483518,-0.08791208791211602,-0.08791208791211602,1.1428571428571388,707.0,849.0,719.0
2024-10-15 05:43:20.581,74.10989010989012,-0.08791208791211602,0.0,1.1428571428571388,706.0,848.0,718.0
2024-10-15 05:43:20.885,73.14285714285715,-0.08791208791211602,0.0,1.1428571428571388,705.0,847.0,718.0
2024-10-15 05:43:21.189,72.0879120879121,-0.08791208791211602,0.0,1.1428571428571388,705.0,846.0,717.0
2024-10-15 05:43:21.494,71.12087912087914,-0.08791208791211602,0.0,1.1428571428571388,704.0,845.0,717.0
2024-10-15 05:43:21.797,70.15384615384616,-0.08791208791211602,0.0,1.1428571428571388,704.0,843.0,716.0
2024-10-15 05:43:22.101,69.09890109890111,-0.08791208791211602,0.0,1.1428571428571388,704.0,842.0,716.0
2024-10-15 05:43:22.405,68.13186813186815,-0.08791208791211602,0.0,1.1428571428571388,703.0,841.0,716.0
2024-10-15 05:43:22.709,67.16483516483518,-0.08791208791211602,0.0,1.1428571428571388,703.0,840.0,715.0
2024-10-15 05:43:23.014,66.10989010989013,0.0,0.0,1.1428571428571388,703.0,839.0,715.0
2024-10-15 05:43:23.318,65.14285714285717,-0.08791208791211602,0.0,1.1428571428571388,702.0,838.0,714.0
2024-10-15 05:43:23.621,64.08791208791209,-0.08791208791211602,0.0,1.1428571428571388,702.0,836.0,714.0
2024-10-15 05:43:23.925,63.120879120879124,-0.08791208791211602,0.0,1.1428571428571388,702.0,835.0,713.0
2024-10-15 05:43:24.229,62.15384615384616,0.0,0.0,1.1428571428571388,701.0,834.0,713.0
2024-10-15 05:43:24.534,61.09890109890111,0.0,0.0,1.1428571428571388,701.0,833.0,712.0
2024-10-15 05:43:24.837,60.131868131868146,-0.08791208791211602,0.0,1.1428571428571388,700.0,832.0,712.0
2024-10-15 05:43:25.142,59.16483516483518,-0.08791208791211602,0.0,1.1428571428571388,700.0,831.0,712.0
2024-10-15 05:43:25.445,58.10989010989013,-0.08791208791211602,0.0,1.1428571428571388,700.0,830.0,711.0
2024-10-15 05:43:25.749,57.14285714285717,-0.08791208791211602,0.0,1.1428571428571388,699.0,829.0,711.0
2024-10-15 05:43:26.053,56.08791208791209,0.0,0.0,1.1428571428571388,699.0,827.0,710.0
2024-10-15 05:43:26.358,55.120879120879124,-0.08791208791211602,0.0,1.1428571428571388,698.0,826.0,709.0
2024-10-15 05:43:26.661,54.15384615384616,-0.08791208791211602,0.0,1.1428571428571388,698.0,825.0,709.0
2024-10-15 05:43:26.966,53.09890109890111,-0.08791208791211602,0.0,1.1428571428571388,697.0,824.0,709.0
2024-10-15 05:43:27.270,52.131868131868146,-0.08791208791211602,0.0,1.1428571428571388,697.0,823.0,708.0
2024-10-15 05:43:27.574,51.16483516483518,-0.08791208791211602,0.0,1.1428571428571388,697.0,822.0,708.0
2024-10-15 05:43:27.877,50.10989010989013,-0.08791208791211602,0.0,1.1428571428571388,696.0,821.0,707.0
2024-10-15 05:43:28.182,49.14285714285717,-0.08791208791211602,0.0,1.1428571428571388,696.0,820.0,707.0
2024-10-15 05:43:28.486,48.08791208791209,-0.08791208791211602,0.0,1.1428571428571388,695.0,819.0,707.0
2024-10-15 05:43:28.806,47.120879120879124,0.0,0.0,1.1428571428571388,695.0,818.0,706.0
2024-10-15 05:43:29.093,46.15384615384616,-0.08791208791211602,0.0,1.1428571428571388,695.0,817.0,706.0
2024-10-15 05:43:29.398,45.09890109890111,-0.08791208791211602,0.0,1.1428571428571388,694.0,815.0,705.0
2024-10-15 05:43:29.702,44.131868131868146,-0.08791208791211602,0.0,1.1428571428571388,694.0,815.0,705.0
2024-10-15 05:43:30.022,43.16483516483518,0.0,0.0,1.1428571428571388,694.0,814.0,705.0
2024-10-15 05:43:30.326,42.10989010989013,-0.08791208791211602,0.0,1.1428571428571388,693.0,813.0,704.0
2024-10-15 05:43:30.614,41.14285714285717,-0.08791208791211602,-0.08791208791211602,1.1428571428571388,693.0,812.0,704.0
2024-10-15 05:43:30.934,40.08791208791209,-0.08791208791211602,0.0,1.1428571428571388,692.0,810.0,703.0
2024-10-15 05:43:31.239,39.120879120879124,0.0,0.0,1.1428571428571388,692.0,810.0,703.0
2024-10-15 05:43:31.542,38.15384615384616,0.0,0.0,1.1428571428571388,692.0,809.0,703.0
2024-10-15 05:43:31.830,37.09890109890111,-0.08791208791211602,0.0,1.1428571428571388,691.0,808.0,702.0
2024-10-15 05:43:32.151,36.04395604395606,0.0,0.0,1.1428571428571388,691.0,807.0,702.0
2024-10-15 05:43:32.454,35.16483516483518,-0.08791208791211602,0.0,1.0549450549450512,691.0,806.0,702.0
2024-10-15 05:43:32.759,34.10989010989013,-0.08791208791211602,0.0,1.1428571428571388,690.0,805.0,701.0
2024-10-15 05:43:33.046,33.14285714285717,0.0,0.0,1.1428571428571388,690.0,804.0,701.0
2024-10-15 05:43:33.367,32.08791208791209,-0.08791208791211602,0.0,1.0549450549450512,689.0,804.0,701.0
2024-10-15 05:43:33.670,31.120879120879124,0.0,0.0,1.1428571428571388,689.0,802.0,700.0
2024-10-15 05:43:33.975,30.15384615384616,0.0,0.0,1.1428571428571388,689.0,801.0,700.0
2024-10-15 05:43:34.278,29.09890109890111,0.0,0.0,1.0549450549450512,688.0,801.0,699.0
2024-10-15 05:43:34.582,28.131868131868146,-0.08791208791211602,0.0,1.0549450549450512,688.0,800.0,699.0
2024-10-15 05:43:34.886,27.164835164835182,-0.08791208791211602,0.0,1.0549450549450512,688.0,799.0,699.0
2024-10-15 05:43:35.191,26.10989010989013,-0.08791208791211602,0.0,1.1428571428571388,687.0,799.0,698.0
2024-10-15 05:43:35.494,25.142857142857167,-0.08791208791211602,0.0,1.0549450549450512,687.0,798.0,698.0
2024-10-15 05:43:35.798,24.087912087912088,-0.08791208791211602,0.0,1.0549450549450512,686.0,797.0,698.0
2024-10-15 05:43:36.103,23.120879120879124,0.0,0.0,1.0549450549450512,686.0,796.0,698.0
2024-10-15 05:43:36.406,22.15384615384616,0.0,0.0,1.0549450549450512,686.0,796.0,697.0
2024-10-15 05:43:36.711,21.09890109890111,0.0,0.0,1.0549450549450512,686.0,795.0,697.0
2024-10-15 05:43:37.014,20.131868131868146,-0.08791208791211602,0.0,1.0549450549450512,685.0,795.0,697.0
2024-10-15 05:43:37.319,19.164835164835182,0.0,0.0,1.0549450549450512,685.0,794.0,697.0
2024-10-15 05:43:37.623,18.10989010989013,-0.08791208791211602,0.0,1.0549450549450512,685.0,793.0,697.0
2024-10-15 05:43:37.926,17.142857142857167,0.0,0.0,1.0549450549450512,684.0,793.0,696.0
2024-10-15 05:43:38.231,16.087912087912088,0.0,0.0,1.0549450549450512,684.0,792.0,696.0
2024-10-15 05:43:38.535,15.120879120879124,-0.08791208791211602,0.0,1.0549450549450512,684.0,792.0,696.0
2024-10-15 05:43:38.839,14.15384615384616,0.0,-0.08791208791211602,1.0549450549450512,684.0,791.0,695.0
2024-10-15 05:43:39.143,13.09890109890111,0.0,0.0,1.0549450549450512,683.0,791.0,696.0
2024-10-15 05:43:39.447,12.131868131868146,0.0,0.0,1.0549450549450512,683.0,790.0,695.0
2024-10-15 05:43:39.751,11.164835164835182,0.0,0.0,1.0549450549450512,683.0,790.0,695.0
2024-10-15 05:43:40.055,10.10989010989013,-0.08791208791211602,0.0,1.0549450549450512,683.0,789.0,695.0
2024-10-15 05:43:40.359,9.142857142857167,-0.08791208791211602,0.0,1.0549450549450512,683.0,789.0,695.0
2024-10-15 05:43:40.663,8.087912087912088,-0.08791208791211602,0.0,1.0549450549450512,682.0,789.0,695.0
2024-10-15 05:43:40.967,7.120879120879124,-0.08791208791211602,0.0,1.0549450549450512,682.0,788.0,695.0
2024-10-15 05:43:41.272,6.15384615384616,-0.08791208791211602,0.0,1.0549450549450512,682.0,788.0,695.0
2024-10-15 05:43:41.575,5.098901098901109,0.0,0.0,1.0549450549450512,682.0,788.0,694.0
2024-10-15 05:43:41.879,4.131868131868146,-0.08791208791211602,0.0,1.0549450549450512,682.0,787.0,694.0
2024-10-15 05:43:42.183,3.164835164835182,-0.08791208791211602,0.0,1.0549450549450512,681.0,787.0,694.0
2024-10-15 05:43:42.487,2.109890109890131,-0.08791208791211602,0.0,1.0549450549450512,681.0,787.0,694.0
2024-10-15 05:43:42.791,1.1428571428571672,0.0,0.0,1.0549450549450512,681.0,787.0,694.0
2024-10-15 05:43:43.095,1.1428571428571672,0.0,0.0,1.0549450549450512,681.0,786.0,694.0
2024-10-15 05:43:43.399,1.0549450549450796,0.879120879120876,0.0,1.0549450549450512,681.0,787.0,694.0
2024-10-15 05:43:43.704,1.1428571428571672,1.8461538461538112,0.0,1.0549450549450512,681.0,787.0,695.0
2024-10-15 05:43:44.008,1.1428571428571672,2.9010989010988624,0.0,1.0549450549450512,681.0,787.0,695.0
2024-10-15 05:43:44.311,1.0549450549450796,3.8681318681318544,0.0,1.0549450549450512,681.0,787.0,695.0
2024-10-15 05:43:44.615,1.1428571428571672,4.835164835164846,0.0,1.0549450549450512,681.0,788.0,695.0
2024-10-15 05:43:44.920,1.1428571428571672,5.890109890109898,0.0,1.0549450549450512,681.0,788.0,696.0
2024-10-15 05:43:45.224,1.1428571428571672,6.857142857142833,0.0,1.0549450549450512,681.0,788.0,696.0
2024-10-15 05:43:45.527,1.1428571428571672,7.912087912087884,-0.08791208791211602,1.0549450549450512,681.0,789.0,696.0
2024-10-15 05:43:45.832,1.0549450549450796,8.879120879120876,0.0,1.0549450549450512,681.0,789.0,697.0
2024-10-15 05:43:46.135,1.0549450549450796,9.846153846153811,0.0,1.0549450549450512,681.0,790.0,697.0
2024-10-15 05:43:46.439,1.1428571428571672,10.813186813186803,0.0,1.0549450549450512,681.0,791.0,698.0
2024-10-15 05:43:46.743,1.1428571428571672,11.868131868131854,0.0,1.0549450549450512,681.0,791.0,698.0
2024-10-15 05:43:47.048,1.0549450549450796,12.835164835164846,0.0,1.0549450549450512,681.0,792.0,699.0
2024-10-15 05:43:47.352,1.1428571428571672,13.890109890109898,0.0,1.0549450549450512,682.0,793.0,699.0
2024-10-15 05:43:47.656,1.1428571428571672,14.857142857142833,0.0,1.0549450549450512,682.0,794.0,700.0
2024-10-15 05:43:47.959,1.1428571428571672,15.912087912087884,0.0,1.0549450549450512,682.0,795.0,700.0
2024-10-15 05:43:48.264,1.1428571428571672,16.879120879120876,0.0,1.0549450549450512,683.0,796.0,701.0
2024-10-15 05:43:48.568,1.0549450549450796,17.84615384615381,0.0,1.0549450549450512,682.0,796.0,701.0
2024-10-15 05:43:48.872,1.0549450549450796,18.901098901098862,0.0,1.0549450549450512,682.0,797.0,702.0
2024-10-15 05:43:49.176,1.1428571428571672,19.868131868131854,0.0,1.0549450549450512,683.0,798.0,703.0
2024-10-15 05:43:49.480,1.1428571428571672,20.835164835164846,0.0,1.0549450549450512,683.0,799.0,703.0
2024-10-15 05:43:49.784,1.1428571428571672,21.890109890109898,0.0,1.0549450549450512,683.0,800.0,704.0
2024-10-15 05:43:50.088,1.0549450549450796,22.857142857142833,0.0,1.0549450549450512,684.0,801.0,704.0
2024-10-15 05:43:50.392,1.0549450549450796,23.912087912087884,0.0,1.0549450549450512,684.0,802.0,704.0
2024-10-15 05:43:50.696,1.0549450549450796,24.879120879120876,0.0,1.0549450549450512,684.0,803.0,705.0
2024-10-15 05:43:51.000,1.1428571428571672,25.84615384615381,0.0,1.0549450549450512,684.0,804.0,706.0
2024-10-15 05:43:51.305,1.0549450549450796,26.901098901098862,0.0,1.0549450549450512,685.0,806.0,706.0
2024-10-15 05:43:51.608,1.0549450549450796,27.868131868131854,0.0,1.0549450549450512,685.0,807.0,707.0
2024-10-15 05:43:51.912,1.1428571428571672,28.74725274725273,0.0,1.0549450549450512,685.0,808.0,708.0
2024-10-15 05:43:52.216,1.1428571428571672,29.890109890109898,0.0,1.0549450549450512,686.0,809.0,708.0
2024-10-15 05:43:52.521,1.0549450549450796,30.857142857142833,0.0,1.0549450549450512,686.0,810.0,709.0
2024-10-15 05:43:52.824,1.1428571428571672,31.912087912087884,0.0,1.0549450549450512,686.0,812.0,709.0
2024-10-15 05:43:53.128,1.1428571428571672,32.79120879120876,0.0,1.0549450549450512,687.0,813.0,710.0
2024-10-15 05:43:53.432,1.1428571428571672,33.84615384615381,0.0,1.0549450549450512,687.0,813.0,710.0
2024-10-15 05:43:53.736,1.1428571428571672,34.90109890109886,0.0,1.0549450549450512,687.0,815.0,711.0
2024-10-15 05:43:54.056,1.0549450549450796,35.78021978021974,0.0,1.0549450549450512,688.0,816.0,712.0
2024-10-15 05:43:54.344,1.0549450549450796,36.74725274725273,0.0,1.0549450549450512,688.0,817.0,712.0
2024-10-15 05:43:54.649,1.1428571428571672,37.8901098901099,0.0,1.0549450549450512,688.0,818.0,713.0
2024-10-15 05:43:54.953,1.1428571428571672,38.85714285714283,0.0,1.0549450549450512,689.0,820.0,713.0
2024-10-15 05:43:55.272,1.0549450549450796,39.824175824175825,0.0,1.0549450549450512,689.0,820.0,714.0
2024-10-15 05:43:55.576,1.0549450549450796,40.879120879120876,0.0,1.1428571428571388,690.0,822.0,715.0
2024-10-15 05:43:55.864,1.0549450549450796,41.84615384615381,0.0,1.0549450549450512,690.0,823.0,715.0
2024-10-15 05:43:56.184,1.0549450549450796,42.90109890109886,0.0,1.0549450549450512,691.0,824.0,716.0
2024-10-15 05:43:56.489,1.0549450549450796,43.868131868131854,0.0,1.0549450549450512,691.0,825.0,716.0
2024-10-15 05:43:56.792,1.1428571428571672,44.835164835164846,0.0,1.0549450549450512,691.0,827.0,717.0
2024-10-15 05:43:57.081,1.0549450549450796,45.80219780219778,0.0,1.0549450549450512,691.0,828.0,717.0
2024-10-15 05:43:57.401,1.1428571428571672,46.85714285714283,0.0,1.1428571428571388,692.0,829.0,718.0
2024-10-15 05:43:57.705,1.1428571428571672,47.912087912087884,0.0,1.0549450549450512,692.0,830.0,718.0
2024-10-15 05:43:58.008,1.1428571428571672,48.879120879120876,0.0,1.0549450549450512,692.0,832.0,719.0
2024-10-15 05:43:58.297,1.0549450549450796,49.75824175824175,0.0,1.1428571428571388,693.0,833.0,720.0
2024-10-15 05:43:58.617,1.0549450549450796,50.8131868131868,-0.08791208791211602,1.0549450549450512,693.0,834.0,720.0
2024-10-15 05:43:58.921,1.0549450549450796,51.78021978021974,0.0,1.0549450549450512,693.0,835.0,721.0
2024-10-15 05:43:59.209,1.0549450549450796,52.74725274725273,0.0,1.0549450549450512,693.0,833.0,720.0
2024-10-15 05:43:59.530,1.1428571428571672,53.80219780219778,0.0,1.0549450549450512,693.0,833.0,720.0
2024-10-15 05:43:59.833,1.0549450549450796,54.769230769230774,0.0,1.0549450549450512,693.0,834.0,720.0
2024-10-15 05:44:00.137,1.1428571428571672,55.912087912087884,0.0,1.0549450549450512,693.0,834.0,720.0
2024-10-15 05:44:00.441,1.0549450549450796,56.879120879120876,-0.08791208791211602,1.0549450549450512,693.0,835.0,721.0
2024-10-15 05:44:00.745,1.0549450549450796,57.84615384615381,0.0,1.0549450549450512,694.0,836.0,721.0
2024-10-15 05:44:01.050,1.1428571428571672,58.90109890109886,0.0,1.0549450549450512,694.0,838.0,722.0
2024-10-15 05:44:01.353,1.0549450549450796,59.78021978021974,0.0,1.0549450549450512,694.0,839.0,723.0
2024-10-15 05:44:01.657,1.1428571428571672,60.835164835164846,0.0,1.0549450549450512,695.0,840.0,724.0
2024-10-15 05:44:01.961,1.0549450549450796,61.80219780219778,0.0,1.1428571428571388,695.0,842.0,724.0
2024-10-15 05:44:02.265,1.0549450549450796,62.85714285714283,0.0,1.0549450549450512,695.0,843.0,725.0
2024-10-15 05:44:02.569,1.0549450549450796,63.912087912087884,0.0,1.1428571428571388,696.0,844.0,725.0
2024-10-15 05:44:02.873,1.0549450549450796,64.79120879120876,0.0,1.0549450549450512,696.0,846.0,726.0
2024-10-15 05:44:03.177,1.0549450549450796,65.75824175824175,0.0,1.0549450549450512,696.0,848.0,727.0
2024-10-15 05:44:03.482,1.0549450549450796,66.90109890109886,0.0,1.0549450549450512,697.0,849.0,728.0
2024-10-15 05:44:03.785,1.1428571428571672,67.78021978021974,0.0,1.0549450549450512,697.0,851.0,728.0
2024-10-15 05:44:04.090,1.0549450549450796,68.83516483516485,0.0,1.0549450549450512,698.0,852.0,729.0
2024-10-15 05:44:04.394,1.0549450549450796,69.8901098901099,0.0,1.1428571428571388,698.0,854.0,730.0
2024-10-15 05:44:04.698,1.0549450549450796,70.76923076923077,0.0,1.0549450549450512,698.0,855.0,730.0
2024-10-15 05:44:05.002,1.0549450549450796,71.91208791208788,0.0,1.1428571428571388,699.0,856.0,731.0
2024-10-15 05:44:05.305,1.0549450549450796,72.79120879120876,0.0,1.1428571428571388,699.0,858.0,731.0
2024-10-15 05:44:05.609,1.0549450549450796,73.75824175824175,0.0,1.0549450549450512,699.0,859.0,732.0
2024-10-15 05:44:05.914,1.1428571428571672,74.8131868131868,0.0,1.1428571428571388,700.0,860.0,733.0
2024-10-15 05:44:06.217,1.0549450549450796,75.78021978021974,0.0,1.1428571428571388,700.0,861.0,733.0
2024-10-15 05:44:06.522,1.0549450549450796,76.74725274725273,0.0,1.0549450549450512,701.0,863.0,734.0
2024-10-15 05:44:06.826,1.0549450549450796,77.8901098901099,0.0,1.0549450549450512,701.0,864.0,735.0
2024-10-15 05:44:07.130,1.0549450549450796,78.85714285714283,0.0,1.1428571428571388,701.0,865.0,735.0
2024-10-15 05:44:07.434,1.0549450549450796,79.82417582417582,0.0,1.0549450549450512,702.0,866.0,735.0
2024-10-15 05:44:07.738,1.0549450549450796,80.79120879120876,0.0,1.0549450549450512,702.0,868.0,736.0
2024-10-15 05:44:08.042,1.0549450549450796,81.84615384615381,0.0,1.0549450549450512,702.0,868.0,737.0
2024-10-15 05:44:08.346,1.0549450549450796,82.90109890109886,0.0,1.0549450549450512,703.0,868.0,737.0
2024-10-15 05:44:08.650,1.0549450549450796,83.86813186813185,0.0,1.1428571428571388,704.0,868.0,738.0
2024-10-15 05:44:08.954,1.0549450549450796,84.74725274725273,0.0,1.0549450549450512,704.0,868.0,739.0
2024-10-15 05:44:09.258,1.0549450549450796,85.80219780219778,0.0,1.0549450549450512,704.0,868.0,739.0
2024-10-15 05:44:09.562,1.1428571428571672,86.76923076923077,0.0,1.0549450549450512,704.0,868.0,740.0
2024-10-15 05:44:09.866,1.0549450549450796,87.91208791208788,0.0,1.0549450549450512,705.0,868.0,740.0
2024-10-15 05:44:10.170,1.0549450549450796,88.79120879120876,0.0,1.0549450549450512,706.0,868.0,741.0
2024-10-15 05:44:10.474,1.1428571428571672,89.75824175824175,0.0,1.0549450549450512,706.0,868.0,741.0
2024-10-15 05:44:10.778,1.0549450549450796,90.8131868131868,0.0,1.0549450549450512,706.0,867.0,742.0
2024-10-15 05:44:11.083,1.1428571428571672,91.78021978021974,0.0,1.0549450549450512,707.0,868.0,743.0
2024-10-15 05:44:11.387,1.0549450549450796,92.74725274725273,0.0,1.0549450549450512,707.0,867.0,743.0
2024-10-15 05:44:11.690,1.0549450549450796,93.80219780219778,0.0,1.0549450549450512,708.0,868.0,744.0
2024-10-15 05:44:11.994,1.0549450549450796,94.76923076923077,0.0,1.0549450549450512,708.0,868.0,744.0
2024-10-15 05:44:12.299,1.1428571428571672,95.82417582417582,-0.08791208791211602,1.1428571428571388,709.0,868.0,745.0
2024-10-15 05:44:12.603,1.1428571428571672,96.79120879120876,0.0,1.0549450549450512,709.0,867.0,745.0
2024-10-15 05:44:12.906,1.0549450549450796,97.75824175824175,0.0,1.1428571428571388,709.0,867.0,746.0
2024-10-15 05:44:13.210,1.0549450549450796,98.8131868131868,0.0,1.0549450549450512,710.0,867.0,747.0
2024-10-15 05:44:13.514,1.0549450549450796,99.78021978021974,0.0,1.1428571428571388,710.0,868.0,747.0
2024-10-15 05:44:13.818,1.0549450549450796,100.74725274725273,0.0,1.0549450549450512,710.0,867.0,747.0
2024-10-15 05:44:14.123,1.0549450549450796,101.80219780219778,-0.08791208791211602,1.1428571428571388,711.0,867.0,748.0
2024-10-15 05:44:14.426,1.0549450549450796,102.76923076923077,0.0,1.0549450549450512,712.0,867.0,748.0
2024-10-15 05:44:14.731,1.0549450549450796,103.82417582417582,0.0,1.1428571428571388,712.0,867.0,749.0
2024-10-15 05:44:15.035,1.0549450549450796,104.79120879120876,0.0,1.0549450549450512,713.0,867.0,749.0
2024-10-15 05:44:15.339,1.1428571428571672,105.75824175824175,0.0,1.0549450549450512,713.0,867.0,750.0
2024-10-15 05:44:15.642,1.0549450549450796,106.8131868131868,0.0,1.1428571428571388,714.0,867.0,750.0
2024-10-15 05:44:15.947,1.0549450549450796,107.69230769230768,0.0,1.1428571428571388,714.0,867.0,751.0
2024-10-15 05:44:16.251,1.0549450549450796,108.74725274725273,0.0,1.0549450549450512,715.0,867.0,751.0
2024-10-15 05:44:16.555,1.0549450549450796,109.80219780219778,0.0,1.1428571428571388,715.0,867.0,752.0
2024-10-15 05:44:16.859,1.0549450549450796,110.76923076923077,0.0,1.0549450549450512,716.0,868.0,752.0
2024-10-15 05:44:17.162,1.0549450549450796,111.82417582417582,0.0,1.1428571428571388,716.0,867.0,753.0
2024-10-15 05:44:17.467,1.0549450549450796,112.7032967032967,0.0,1.0549450549450512,717.0,867.0,753.0
2024-10-15 05:44:17.771,1.0549450549450796,113.75824175824175,0.0,1.1428571428571388,717.0,867.0,754.0
2024-10-15 05:44:18.075,1.0549450549450796,114.8131868131868,0.0,1.1428571428571388,718.0,868.0,754.0
2024-10-15 05:44:18.379,1.0549450549450796,115.69230769230768,0.0,1.0549450549450512,718.0,867.0,755.0
2024-10-15 05:44:18.683,1.1428571428571672,116.65934065934067,0.0,1.0549450549450512,719.0,867.0,755.0
2024-10-15 05:44:18.987,1.0549450549450796,117.80219780219778,0.0,1.1428571428571388,719.0,867.0,756.0
2024-10-15 05:44:19.292,1.0549450549450796,118.68131868131866,0.0,1.1428571428571388,720.0,867.0,756.0
2024-10-15 05:44:19.595,1.0549450549450796,119.82417582417582,0.0,1.0549450549450512,720.0,867.0,757.0
2024-10-15 05:44:19.899,1.0549450549450796,120.7032967032967,0.0,1.1428571428571388,721.0,867.0,757.0
2024-10-15 05:44:20.204,1.0549450549450796,121.75824175824175,0.0,1.1428571428571388,721.0,868.0,758.0
2024-10-15 05:44:20.523,1.0549450549450796,122.8131868131868,0.0,1.1428571428571388,722.0,867.0,758.0
2024-10-15 05:44:20.811,1.0549450549450796,123.78021978021974,0.0,1.1428571428571388,722.0,867.0,759.0
2024-10-15 05:44:21.115,1.0549450549450796,124.65934065934067,0.0,1.0549450549450512,723.0,867.0,759.0
2024-10-15 05:44:21.419,1.0549450549450796,125.80219780219778,0.0,1.1428571428571388,723.0,867.0,760.0
2024-10-15 05:44:21.740,1.0549450549450796,126.76923076923077,0.0,1.0549450549450512,724.0,868.0,761.0
2024-10-15 05:44:22.027,1.0549450549450796,127.82417582417582,0.0,1.1428571428571388,725.0,867.0,760.0
2024-10-15 05:44:22.347,1.0549450549450796,128.79120879120876,0.0,1.0549450549450512,725.0,867.0,761.0
2024-10-15 05:44:22.652,1.0549450549450796,129.67032967032964,0.0,1.1428571428571388,725.0,868.0,762.0
2024-10-15 05:44:22.955,1.0549450549450796,130.8131868131868,0.0,1.0549450549450512,726.0,867.0,762.0
2024-10-15 05:44:23.259,1.0549450549450796,131.69230769230768,0.0,1.1428571428571388,726.0,867.0,762.0
2024-10-15 05:44:23.564,1.0549450549450796,132.74725274725273,-0.08791208791211602,1.1428571428571388,727.0,867.0,763.0
2024-10-15 05:44:23.868,1.0549450549450796,133.80219780219778,0.0,1.1428571428571388,728.0,867.0,763.0
2024-10-15 05:44:24.172,1.0549450549450796,134.76923076923077,0.0,1.0549450549450512,728.0,867.0,763.0
2024-10-15 05:44:24.475,1.0549450549450796,135.7362637362637,0.0,1.1428571428571388,729.0,867.0,764.0
2024-10-15 05:44:24.780,1.0549450549450796,136.7032967032967,0.0,1.1428571428571388,729.0,867.0,764.0
2024-10-15 05:44:25.084,1.0549450549450796,137.67032967032964,0.0,1.0549450549450512,730.0,867.0,765.0
2024-10-15 05:44:25.388,1.0549450549450796,138.63736263736263,0.0,1.1428571428571388,730.0,867.0,765.0
2024-10-15 05:44:25.691,1.0549450549450796,139.69230769230768,0.0,1.1428571428571388,731.0,867.0,766.0
2024-10-15 05:44:25.995,1.0549450549450796,140.65934065934067,0.0,1.1428571428571388,731.0,867.0,766.0
2024-10-15 05:44:26.300,1.0549450549450796,141.71428571428572,0.0,1.1428571428571388,732.0,867.0,767.0
2024-10-15 05:44:26.605,1.0549450549450796,142.68131868131866,0.0,1.0549450549450512,732.0,867.0,767.0
2024-10-15 05:44:26.908,1.0549450549450796,143.7362637362637,0.0,1.0549450549450512,733.0,867.0,767.0
2024-10-15 05:44:27.212,1.0549450549450796,144.7032967032967,0.0,1.0549450549450512,733.0,867.0,768.0
2024-10-15 05:44:27.516,1.0549450549450796,145.75824175824175,0.0,1.1428571428571388,734.0,867.0,768.0
2024-10-15 05:44:27.820,1.0549450549450796,146.7252747252747,0.0,1.0549450549450512,735.0,867.0,768.0
2024-10-15 05:44:28.124,1.0549450549450796,147.69230769230768,0.0,1.0549450549450512,735.0,867.0,769.0
2024-10-15 05:44:28.428,1.0549450549450796,148.65934065934067,0.0,1.0549450549450512,736.0,867.0,769.0
2024-10-15 05:44:28.732,0.967032967032992,149.71428571428572,0.0,1.0549450549450512,736.0,868.0,769.0
2024-10-15 05:44:29.036,0.967032967032992,148.83516483516485,0.0,1.1428571428571388,736.0,867.0,769.0
2024-10-15 05:44:29.341,1.0549450549450796,147.86813186813185,0.0,1.1428571428571388,736.0,867.0,768.0
2024-10-15 05:44:29.644,0.967032967032992,146.90109890109886,0.0,1.0549450549450512,735.0,867.0,768.0
2024-10-15 05:44:29.948,0.967032967032992,145.8461538461538,-0.08791208791211602,1.0549450549450512,734.0,867.0,768.0
2024-10-15 05:44:30.252,0.967032967032992,144.87912087912088,0.0,1.0549450549450512,734.0,867.0,767.0
2024-10-15 05:44:30.557,0.967032967032992,143.91208791208788,0.0,1.0549450549450512,733.0,867.0,767.0
2024-10-15 05:44:30.860,0.967032967032992,142.85714285714283,0.0,1.0549450549450512,733.0,868.0,766.0
2024-10-15 05:44:31.164,0.967032967032992,141.97802197802196,0.0,1.0549450549450512,732.0,867.0,766.0
2024-10-15 05:44:31.469,1.0549450549450796,140.83516483516485,0.0,1.0549450549450512,731.0,867.0,765.0
2024-10-15 05:44:31.773,1.0549450549450796,139.86813186813185,0.0,1.0549450549450512,731.0,867.0,765.0
2024-10-15 05:44:32.076,0.967032967032992,138.98901098901098,0.0,1.0549450549450512,730.0,867.0,764.0
2024-10-15 05:44:32.380,0.967032967032992,137.8461538461538,0.0,1.0549450549450512,730.0,867.0,764.0
2024-10-15 05:44:32.684,0.967032967032992,136.96703296703294,0.0,1.1428571428571388,730.0,867.0,763.0
2024-10-15 05:44:32.989,0.967032967032992,135.91208791208788,-0.08791208791211602,1.1428571428571388,729.0,867.0,762.0
2024-10-15 05:44:33.292,0.967032967032992,134.94505494505495,0.0,1.0549450549450512,729.0,867.0,762.0
2024-10-15 05:44:33.597,0.967032967032992,133.97802197802196,0.0,1.0549450549450512,728.0,867.0,761.0
2024-10-15 05:44:33.900,0.967032967032992,132.83516483516485,0.0,1.1428571428571388,727.0,867.0,760.0
2024-10-15 05:44:34.204,0.967032967032992,131.9560439560439,0.0,1.1428571428571388,727.0,868.0,760.0
2024-10-15 05:44:34.508,0.967032967032992,130.98901098901098,0.0,1.0549450549450512,727.0,868.0,760.0
2024-10-15 05:44:34.813,0.967032967032992,129.93406593406593,0.0,1.0549450549450512,726.0,867.0,759.0
2024-10-15 05:44:35.117,0.967032967032992,128.96703296703294,0.0,1.1428571428571388,725.0,867.0,758.0
2024-10-15 05:44:35.421,0.967032967032992,128.0,0.0,1.0549450549450512,725.0,867.0,757.0
2024-10-15 05:44:35.725,0.967032967032992,126.94505494505495,0.0,1.0549450549450512,724.0,867.0,757.0
2024-10-15 05:44:36.029,0.967032967032992,125.8901098901099,0.0,1.0549450549450512,724.0,867.0,756.0
2024-10-15 05:44:36.333,0.967032967032992,124.9230769230769,0.0,1.0549450549450512,723.0,867.0,756.0
2024-10-15 05:44:36.637,0.967032967032992,123.95604395604391,0.0,1.1428571428571388,723.0,867.0,755.0
2024-10-15 05:44:36.941,0.967032967032992,122.98901098901098,0.0,1.0549450549450512,722.0,867.0,755.0
2024-10-15 05:44:37.245,0.967032967032992,121.93406593406593,0.0,1.0549450549450512,722.0,867.0,754.0
2024-10-15 05:44:37.549,0.967032967032992,120.96703296703294,0.0,1.0549450549450512,721.0,867.0,753.0
2024-10-15 05:44:37.854,0.967032967032992,120.0,0.0,1.1428571428571388,721.0,867.0,753.0
2024-10-15 05:44:38.157,0.967032967032992,118.94505494505495,0.0,1.1428571428571388,720.0,867.0,752.0
2024-10-15 05:44:38.461,0.967032967032992,117.97802197802196,0.0,1.1428571428571388,720.0,867.0,752.0
2024-10-15 05:44:38.781,0.967032967032992,116.9230769230769,0.0,1.0549450549450512,719.0,867.0,751.0
2024-10-15 05:44:39.069,0.967032967032992,115.95604395604391,0.0,1.0549450549450512,719.0,868.0,750.0
2024-10-15 05:44:39.373,0.967032967032992,114.98901098901098,-0.08791208791211602,1.0549450549450512,719.0,868.0,750.0
2024-10-15 05:44:39.677,0.967032967032992,113.93406593406593,0.0,1.0549450549450512,718.0,867.0,749.0
2024-10-15 05:44:39.981,0.967032967032992,112.96703296703294,0.0,1.1428571428571388,718.0,867.0,749.0
2024-10-15 05:44:40.285,1.0549450549450796,112.08791208791206,0.0,1.0549450549450512,717.0,867.0,748.0
2024-10-15 05:44:40.589,0.967032967032992,110.94505494505495,0.0,1.0549450549450512,717.0,867.0,748.0
2024-10-15 05:44:40.893,0.967032967032992,109.97802197802196,0.0,1.0549450549450512,716.0,867.0,747.0
2024-10-15 05:44:41.197,0.967032967032992,108.9230769230769,0.0,1.1428571428571388,716.0,867.0,746.0
2024-10-15 05:44:41.501,0.967032967032992,107.95604395604391,-0.08791208791211602,1.1428571428571388,715.0,867.0,746.0
2024-10-15 05:44:41.805,0.967032967032992,107.07692307692304,0.0,1.1428571428571388,715.0,867.0,745.0
2024-10-15 05:44:42.109,0.967032967032992,105.93406593406593,0.0,1.0549450549450512,714.0,867.0,745.0
2024-10-15 05:44:42.413,0.967032967032992,105.05494505494505,0.0,1.0549450549450512,714.0,867.0,744.0
2024-10-15 05:44:42.717,0.967032967032992,104.0,0.0,1.1428571428571388,713.0,867.0,743.0
2024-10-15 05:44:43.021,0.967032967032992,102.94505494505495,0.0,1.1428571428571388,713.0,868.0,743.0
2024-10-15 05:44:43.325,0.967032967032992,101.97802197802196,0.0,1.0549450549450512,712.0,867.0,742.0
2024-10-15 05:44:43.629,0.967032967032992,100.9230769230769,0.0,1.1428571428571388,712.0,867.0,742.0
2024-10-15 05:44:43.934,0.967032967032992,100.04395604395603,0.0,1.1428571428571388,711.0,868.0,741.0
2024-10-15 05:44:44.237,0.967032967032992,98.98901098901098,0.0,1.0549450549450512,711.0,868.0,740.0
2024-10-15 05:44:44.541,0.967032967032992,98.02197802197799,0.0,1.1428571428571388,710.0,867.0,740.0
2024-10-15 05:44:44.845,0.967032967032992,96.96703296703294,0.0,1.1428571428571388,710.0,867.0,740.0
2024-10-15 05:44:45.150,0.967032967032992,96.0,0.0,1.1428571428571388,709.0,867.0,739.0
2024-10-15 05:44:45.453,0.967032967032992,95.03296703296701,-0.08791208791211602,1.1428571428571388,709.0,868.0,739.0
2024-10-15 05:44:45.773,0.967032967032992,94.06593406593407,0.0,1.0549450549450512,708.0,867.0,738.0
2024-10-15 05:44:46.062,0.967032967032992,93.01098901098902,0.0,1.1428571428571388,708.0,867.0,737.0
2024-10-15 05:44:46.365,0.967032967032992,91.95604395604391,0.0,1.1428571428571388,708.0,868.0,737.0
2024-10-15 05:44:46.669,0.967032967032992,91.07692307692304,0.0,1.0549450549450512,707.0,868.0,736.0
2024-10-15 05:44:46.989,1.0549450549450796,89.93406593406593,0.0,1.0549450549450512,707.0,868.0,735.0
2024-10-15 05:44:47.278,0.967032967032992,89.05494505494505,0.0,1.0549450549450512,706.0,867.0,735.0
2024-10-15 05:44:47.582,0.967032967032992,88.0,0.0,1.0549450549450512,706.0,868.0,734.0
2024-10-15 05:44:47.902,0.967032967032992,86.94505494505495,0.0,1.1428571428571388,706.0,868.0,734.0
2024-10-15 05:44:48.206,0.967032967032992,86.06593406593407,0.0,1.0549450549450512,705.0,867.0,733.0
2024-10-15 05:44:48.494,1.0549450549450796,84.9230769230769,0.0,1.1428571428571388,704.0,866.0,733.0
2024-10-15 05:44:48.814,0.967032967032992,84.04395604395603,0.0,1.1428571428571388,704.0,865.0,732.0
2024-10-15 05:44:49.118,0.967032967032992,82.98901098901098,0.0,1.1428571428571388,704.0,864.0,732.0
2024-10-15 05:44:49.422,0.967032967032992,82.02197802197799,0.0,1.1428571428571388,704.0,862.0,731.0
2024-10-15 05:44:49.727,1.0549450549450796,81.05494505494505,0.0,1.0549450549450512,703.0,861.0,730.0
2024-10-15 05:44:50.015,0.967032967032992,80.08791208791206,0.0,1.0549450549450512,703.0,859.0,730.0
2024-10-15 05:44:50.335,0.967032967032992,79.03296703296701,0.0,1.0549450549450512,702.0,858.0,729.0
2024-10-15 05:44:50.638,0.967032967032992,77.97802197802196,0.0,1.1428571428571388,702.0,856.0,729.0
2024-10-15 05:44:50.942,0.967032967032992,77.01098901098902,0.0,1.1428571428571388,701.0,855.0,728.0
2024-10-15 05:44:51.247,0.967032967032992,76.04395604395603,0.0,1.0549450549450512,701.0,854.0,728.0
2024-10-15 05:44:51.551,0.967032967032992,75.07692307692304,-0.08791208791211602,1.0549450549450512,700.0,853.0,727.0
2024-10-15 05:44:51.854,0.967032967032992,74.02197802197799,0.0,1.0549450549450512,700.0,851.0,726.0
2024-10-15 05:44:52.158,0.967032967032992,73.05494505494505,0.0,1.0549450549450512,700.0,850.0,726.0
2024-10-15 05:44:52.462,0.967032967032992,72.08791208791206,0.0,1.1428571428571388,699.0,849.0,725.0
2024-10-15 05:44:52.767,0.967032967032992,71.03296703296701,0.0,1.1428571428571388,699.0,847.0,725.0
2024-10-15 05:44:53.071,0.967032967032992,70.06593406593407,0.0,1.0549450549450512,698.0,846.0,724.0
2024-10-15 05:44:53.374,0.967032967032992,69.01098901098902,0.0,1.0549450549450512,698.0,844.0,724.0
2024-10-15 05:44:53.679,0.967032967032992,68.04395604395603,0.0,1.0549450549450512,697.0,843.0,723.0
2024-10-15 05:44:53.983,0.967032967032992,67.07692307692304,0.0,1.0549450549450512,697.0,842.0,722.0
2024-10-15 05:44:54.287,0.967032967032992,66.02197802197799,0.0,1.1428571428571388,697.0,840.0,722.0
2024-10-15 05:44:54.606,0.967032967032992,65.05494505494505,0.0,1.0549450549450512,696.0,839.0,721.0
2024-10-15 05:44:54.990,0.967032967032992,64.08791208791206,0.0,1.0549450549450512,696.0,838.0,721.0
2024-10-15 05:44:55.295,0.967032967032992,63.03296703296701,0.0,1.0549450549450512,695.0,837.0,720.0
2024-10-15 05:44:55.598,0.967032967032992,62.06593406593407,0.0,1.1428571428571388,695.0,835.0,720.0
2024-10-15 05:44:55.903,0.967032967032992,61.01098901098902,0.0,1.0549450549450512,695.0,834.0,719.0
2024-10-15 05:44:56.206,0.967032967032992,60.04395604395603,0.0,1.0549450549450512,694.0,833.0,719.0
2024-10-15 05:44:56.510,0.967032967032992,59.07692307692304,0.0,1.0549450549450512,694.0,832.0,718.0
2024-10-15 05:44:56.815,0.967032967032992,58.021978021977986,0.0,1.0549450549450512,694.0,831.0,718.0
2024-10-15 05:44:57.119,0.967032967032992,57.05494505494505,0.0,1.0549450549450512,693.0,829.0,717.0
2024-10-15 05:44:57.423,0.967032967032992,56.08791208791206,0.0,1.0549450549450512,693.0,828.0,716.0
2024-10-15 05:44:57.727,0.967032967032992,55.03296703296701,0.0,1.0549450549450512,692.0,827.0,716.0
2024-10-15 05:44:58.031,0.967032967032992,54.06593406593407,0.0,1.0549450549450512,692.0,826.0,715.0
2024-10-15 05:44:58.335,0.967032967032992,53.01098901098902,0.0,1.0549450549450512,692.0,824.0,715.0
2024-10-15 05:44:58.640,0.967032967032992,52.04395604395603,0.0,1.0549450549450512,692.0,823.0,714.0
2024-10-15 05:44:58.943,0.967032967032992,51.07692307692304,0.0,1.0549450549450512,691.0,822.0,714.0
2024-10-15 05:44:59.247,0.967032967032992,50.021978021977986,0.0,1.0549450549450512,691.0,821.0,713.0
2024-10-15 05:44:59.551,1.0549450549450796,49.05494505494505,0.0,1.0549450549450512,691.0,820.0,713.0
2024-10-15 05:44:59.855,0.967032967032992,48.08791208791206,0.0,1.0549450549450512,690.0,819.0,712.0
2024-10-15 05:45:00.159,0.967032967032992,47.03296703296701,-0.08791208791211602,1.0549450549450512,690.0,817.0,711.0
2024-10-15 05:45:00.463,0.967032967032992,46.06593406593407,0.0,1.0549450549450512,690.0,816.0,711.0
2024-10-15 05:45:00.767,0.967032967032992,45.01098901098902,0.0,1.0549450549450512,690.0,815.0,710.0
2024-10-15 05:45:01.071,0.967032967032992,44.04395604395603,-0.08791208791211602,1.0549450549450512,689.0,814.0,710.0
2024-10-15 05:45:01.375,0.967032967032992,43.07692307692304,0.0,1.0549450549450512,689.0,813.0,709.0
2024-10-15 05:45:01.679,1.0549450549450796,42.021978021977986,0.0,1.0549450549450512,688.0,812.0,708.0
2024-10-15 05:45:01.984,0.967032967032992,41.05494505494505,0.0,1.0549450549450512,688.0,810.0,708.0
2024-10-15 05:45:02.288,0.967032967032992,40.08791208791206,0.0,1.0549450549450512,688.0,810.0,708.0
2024-10-15 05:45:02.607,0.967032967032992,39.03296703296701,0.0,1.0549450549450512,688.0,809.0,707.0
2024-10-15 05:45:02.911,0.967032967032992,38.06593406593407,0.0,1.0549450549450512,687.0,808.0,707.0
2024-10-15 05:45:03.200,0.967032967032992,37.01098901098902,0.0,1.0549450549450512,687.0,806.0,706.0
2024-10-15 05:45:03.504,1.0549450549450796,36.04395604395603,0.0,1.0549450549450512,687.0,806.0,706.0
2024-10-15 05:45:03.824,0.967032967032992,35.07692307692304,0.0,1.0549450549450512,686.0,805.0,706.0
2024-10-15 05:45:04.112,0.967032967032992,34.021978021977986,0.0,1.0549450549450512,686.0,804.0,705.0
2024-10-15 05:45:04.416,1.0549450549450796,33.05494505494505,0.0,1.0549450549450512,686.0,803.0,704.0
2024-10-15 05:45:04.736,0.967032967032992,32.08791208791206,0.0,1.0549450549450512,685.0,803.0,704.0
2024-10-15 05:45:05.039,0.967032967032992,31.032967032967008,0.0,1.0549450549450512,686.0,802.0,704.0
2024-10-15 05:45:05.344,0.967032967032992,30.065934065934073,0.0,1.0549450549450512,685.0,801.0,703.0
2024-10-15 05:45:05.648,1.0549450549450796,29.01098901098902,0.0,1.0549450549450512,685.0,800.0,703.0
2024-10-15 05:45:05.952,1.0549450549450796,28.04395604395603,0.0,1.0549450549450512,684.0,799.0,703.0
2024-10-15 05:45:06.256,1.0549450549450796,27.076923076923038,0.0,1.0549450549450512,684.0,799.0,702.0
2024-10-15 05:45:06.560,1.0549450549450796,26.021978021977986,0.0,1.0549450549450512,684.0,798.0,702.0
2024-10-15 05:45:06.864,1.0549450549450796,25.05494505494505,0.0,1.0549450549450512,684.0,797.0,701.0
2024-10-15 05:45:07.168,0.967032967032992,24.08791208791206,0.0,1.0549450549450512,684.0,797.0,701.0
2024-10-15 05:45:07.472,1.0549450549450796,23.032967032967008,0.0,1.0549450549450512,684.0,796.0,701.0
2024-10-15 05:45:07.776,1.0549450549450796,22.065934065934073,0.0,1.0549450549450512,684.0,795.0,700.0
2024-10-15 05:45:08.081,1.0549450549450796,21.01098901098902,-0.08791208791211602,1.0549450549450512,683.0,794.0,700.0
2024-10-15 05:45:08.384,1.0549450549450796,20.04395604395603,0.0,1.0549450549450512,683.0,794.0,699.0
2024-10-15 05:45:08.689,1.0549450549450796,19.076923076923038,0.0,1.0549450549450512,683.0,793.0,699.0
2024-10-15 05:45:08.992,1.0549450549450796,18.021978021977986,0.0,1.0549450549450512,683.0,793.0,699.0
2024-10-15 05:45:09.297,1.0549450549450796,17.05494505494505,-0.08791208791211602,1.0549450549450512,682.0,792.0,698.0
2024-10-15 05:45:09.600,1.0549450549450796,16.08791208791206,0.0,1.0549450549450512,683.0,791.0,698.0
2024-10-15 05:45:09.904,1.0549450549450796,15.032967032967008,0.0,1.0549450549450512,682.0,791.0,698.0
2024-10-15 05:45:10.209,1.0549450549450796,14.065934065934073,0.0,1.0549450549450512,682.0,791.0,697.0
2024-10-15 05:45:10.513,0.967032967032992,13.010989010989022,0.0,1.0549450549450512,682.0,790.0,697.0
2024-10-15 05:45:10.817,1.0549450549450796,12.04395604395603,0.0,1.0549450549450512,683.0,790.0,697.0
2024-10-15 05:45:11.121,1.0549450549450796,11.076923076923038,0.0,1.0549450549450512,682.0,789.0,697.0
2024-10-15 05:45:11.425,1.0549450549450796,10.021978021977986,0.0,1.0549450549450512,682.0,789.0,696.0
2024-10-15 05:45:11.729,1.0549450549450796,9.054945054945051,0.0,1.0549450549450512,682.0,789.0,696.0
2024-10-15 05:45:12.033,1.0549450549450796,8.08791208791206,0.0,1.0549450549450512,682.0,788.0,696.0
2024-10-15 05:45:12.337,1.0549450549450796,7.032967032967008,0.0,1.0549450549450512,682.0,788.0,696.0
2024-10-15 05:45:12.640,1.0549450549450796,6.065934065934073,0.0,1.0549450549450512,682.0,788.0,696.0
2024-10-15 05:45:12.945,1.0549450549450796,5.010989010989022,0.0,1.0549450549450512,682.0,788.0,695.0
2024-10-15 05:45:13.249,1.0549450549450796,4.04395604395603,0.0,1.0549450549450512,682.0,788.0,695.0
2024-10-15 05:45:13.553,1.0549450549450796,3.0769230769230376,0.0,1.0549450549450512,682.0,787.0,695.0
2024-10-15 05:45:13.856,1.0549450549450796,2.0219780219779864,0.0,1.0549450549450512,682.0,787.0,695.0
2024-10-15 05:45:14.162,1.0549450549450796,1.0549450549450512,0.0,1.0549450549450512,682.0,787.0,695.0
