2024-11-06 21:52:54.379,-0.08791208791194549,0.0,0.0,-0.0,338.0,861.0,289.0
2024-11-06 21:52:54.714,-0.0,0.0,0.0,0.8791208791208192,338.0,861.0,289.0
2024-11-06 21:52:55.003,-0.0,0.0,0.0,1.8461538461538112,338.0,862.0,289.0
2024-11-06 21:52:55.307,-0.0,0.0,-0.08791208791217286,2.9010989010987487,338.0,863.0,288.0
2024-11-06 21:52:55.627,-0.0,0.0,-0.08791208791217286,3.8681318681317407,337.0,864.0,288.0
2024-11-06 21:52:55.915,-0.0,0.0,0.0,4.835164835164733,337.0,864.0,288.0
2024-11-06 21:52:56.219,-0.0,0.0,0.0,5.890109890109898,337.0,865.0,287.0
2024-11-06 21:52:56.539,-0.0,-0.08791208791194549,0.0,6.857142857142662,336.0,867.0,287.0
2024-11-06 21:52:56.843,-0.0,0.0,0.0,7.912087912087827,336.0,868.0,286.0
2024-11-06 21:52:57.131,-0.0,0.0,-0.08791208791217286,8.87912087912082,336.0,869.0,285.0
2024-11-06 21:52:57.435,-0.0,0.0,0.0,9.846153846153811,336.0,870.0,285.0
2024-11-06 21:52:57.755,-0.0,0.0,-0.08791208791217286,10.901098901098749,335.0,872.0,284.0
2024-11-06 21:52:58.059,-0.0,0.0,0.0,11.86813186813174,335.0,873.0,283.0
2024-11-06 21:52:58.364,-0.0,0.0,0.0,12.835164835164733,334.0,875.0,283.0
2024-11-06 21:52:58.667,-0.0,0.0,0.0,13.890109890109898,334.0,876.0,282.0
2024-11-06 21:52:58.971,-0.0,0.0,0.0,14.857142857142662,333.0,878.0,281.0
2024-11-06 21:52:59.275,-0.0,0.0,0.0,15.912087912087827,333.0,880.0,280.0
2024-11-06 21:52:59.579,-0.08791208791194549,0.0,0.0,16.87912087912082,332.0,881.0,279.0
2024-11-06 21:52:59.884,-0.0,0.0,0.0,17.84615384615381,331.0,882.0,279.0
2024-11-06 21:53:00.187,-0.0,0.0,0.0,18.813186813186803,331.0,883.0,278.0
2024-11-06 21:53:00.492,-0.0,0.0,0.0,19.86813186813174,331.0,885.0,277.0
2024-11-06 21:53:00.796,-0.0,0.0,0.0,20.835164835164733,330.0,886.0,277.0
2024-11-06 21:53:01.100,-0.0,0.0,0.0,21.890109890109898,330.0,888.0,276.0
2024-11-06 21:53:01.404,-0.0,0.0,0.0,22.769230769230717,329.0,889.0,275.0
2024-11-06 21:53:01.708,-0.0,0.0,0.0,23.912087912087827,329.0,890.0,274.0
2024-11-06 21:53:02.012,-0.0,0.0,0.0,24.791208791208646,328.0,892.0,274.0
2024-11-06 21:53:02.316,-0.0,0.0,0.0,25.75824175824164,328.0,894.0,273.0
2024-11-06 21:53:02.620,-0.0,0.0,0.0,26.813186813186803,328.0,895.0,273.0
2024-11-06 21:53:02.924,-0.0,0.0,0.0,27.780219780219795,327.0,896.0,272.0
2024-11-06 21:53:03.228,-0.0,0.0,0.0,28.835164835164733,326.0,898.0,271.0
2024-11-06 21:53:03.532,-0.0,0.0,0.0,29.802197802197725,326.0,900.0,271.0
2024-11-06 21:53:03.836,-0.0,0.0,0.0,30.857142857142662,326.0,901.0,270.0
2024-11-06 21:53:04.140,-0.0,0.0,0.0,31.824175824175654,326.0,902.0,269.0
2024-11-06 21:53:04.444,-0.0,0.0,0.0,32.87912087912082,325.0,904.0,268.0
2024-11-06 21:53:04.748,-0.0,0.0,0.0,33.84615384615381,325.0,905.0,268.0
2024-11-06 21:53:05.052,-0.0,0.0,0.0,34.90109890109875,324.0,907.0,267.0
2024-11-06 21:53:05.356,-0.0,0.0,0.0,35.780219780219795,323.0,908.0,267.0
2024-11-06 21:53:05.660,-0.0,0.0,0.0,36.83516483516473,323.0,910.0,266.0
2024-11-06 21:53:05.965,-0.0,0.0,0.0,37.8901098901099,323.0,911.0,266.0
2024-11-06 21:53:06.269,-0.0,0.0,-0.08791208791217286,38.76923076923072,322.0,913.0,265.0
2024-11-06 21:53:06.572,-0.0,0.0,-0.08791208791217286,39.91208791208783,322.0,914.0,264.0
2024-11-06 21:53:06.877,-0.0,0.0,0.0,40.87912087912082,322.0,916.0,264.0
2024-11-06 21:53:07.181,-0.08791208791194549,0.0,0.0,41.84615384615381,321.0,917.0,263.0
2024-11-06 21:53:07.485,-0.0,0.0,0.0,42.90109890109875,321.0,918.0,263.0
2024-11-06 21:53:07.789,-0.0,0.0,0.0,43.86813186813174,320.0,920.0,262.0
2024-11-06 21:53:08.093,-0.08791208791194549,0.0,0.0,44.83516483516473,320.0,921.0,261.0
2024-11-06 21:53:08.397,-0.0,0.0,0.0,45.802197802197725,320.0,923.0,261.0
2024-11-06 21:53:08.701,-0.0,0.0,0.0,46.76923076923072,319.0,924.0,260.0
2024-11-06 21:53:09.005,-0.0,0.0,0.0,47.91208791208783,319.0,925.0,260.0
2024-11-06 21:53:09.310,-0.0,0.0,0.0,48.87912087912082,318.0,926.0,259.0
2024-11-06 21:53:09.613,-0.0,0.0,0.0,49.75824175824164,318.0,927.0,259.0
2024-11-06 21:53:09.917,-0.0,0.0,0.0,50.8131868131868,317.0,929.0,258.0
2024-11-06 21:53:10.222,-0.0,0.0,0.0,51.86813186813174,317.0,930.0,257.0
2024-11-06 21:53:10.525,-0.0,0.0,-0.08791208791217286,52.74725274725256,316.0,932.0,257.0
2024-11-06 21:53:10.830,-0.0,0.0,0.0,53.802197802197725,316.0,933.0,256.0
2024-11-06 21:53:11.133,-0.0,0.0,0.0,54.85714285714266,316.0,935.0,255.0
2024-11-06 21:53:11.438,-0.0,0.0,0.0,55.824175824175654,315.0,936.0,255.0
2024-11-06 21:53:11.742,-0.0,0.0,0.0,56.87912087912082,315.0,938.0,255.0
2024-11-06 21:53:12.046,-0.0,0.0,-0.08791208791217286,57.84615384615381,314.0,939.0,254.0
2024-11-06 21:53:12.350,-0.0,0.0,0.0,58.8131868131868,314.0,940.0,253.0
2024-11-06 21:53:12.654,-0.0,0.0,0.0,59.86813186813174,313.0,942.0,253.0
2024-11-06 21:53:12.958,-0.0,0.0,0.0,60.74725274725256,313.0,943.0,252.0
2024-11-06 21:53:13.262,-0.0,0.0,0.0,61.802197802197725,313.0,945.0,252.0
2024-11-06 21:53:13.566,-0.0,0.0,0.0,62.76923076923072,312.0,946.0,251.0
2024-11-06 21:53:13.870,-0.0,0.0,-0.08791208791217286,63.91208791208783,312.0,948.0,251.0
2024-11-06 21:53:14.174,-0.0,0.0,-0.08791208791217286,64.79120879120865,312.0,949.0,251.0
2024-11-06 21:53:14.479,-0.0,0.0,-0.17582417582434573,65.84615384615381,311.0,951.0,250.0
2024-11-06 21:53:14.782,-0.0,0.0,-0.17582417582434573,66.90109890109875,310.0,952.0,249.0
2024-11-06 21:53:15.086,-0.0,0.0,-0.17582417582434573,67.7802197802198,310.0,953.0,248.0
2024-11-06 21:53:15.390,-0.08791208791194549,0.0,-0.17582417582434573,68.74725274725256,310.0,955.0,248.0
2024-11-06 21:53:15.694,-0.0,0.0,-0.17582417582434573,69.80219780219772,309.0,956.0,247.0
2024-11-06 21:53:15.999,-0.0,0.0,-0.17582417582434573,70.76923076923072,309.0,958.0,247.0
2024-11-06 21:53:16.318,-0.0,0.0,-0.17582417582434573,71.82417582417565,309.0,959.0,247.0
2024-11-06 21:53:16.606,-0.0,0.0,-0.17582417582434573,72.79120879120865,309.0,960.0,246.0
2024-11-06 21:53:16.910,-0.0,0.0,-0.17582417582434573,73.75824175824164,308.0,962.0,246.0
2024-11-06 21:53:17.214,-0.0,0.0,-0.17582417582434573,74.8131868131868,308.0,963.0,245.0
2024-11-06 21:53:17.519,-0.0,0.0,-0.17582417582434573,75.7802197802198,307.0,965.0,244.0
2024-11-06 21:53:17.823,-0.0,0.0,-0.17582417582434573,76.74725274725256,307.0,966.0,244.0
2024-11-06 21:53:18.126,-0.0,0.0,-0.17582417582434573,77.80219780219772,306.0,967.0,243.0
2024-11-06 21:53:18.431,-0.08791208791194549,0.0,-0.2637362637365186,78.76923076923072,306.0,969.0,243.0
2024-11-06 21:53:18.735,-0.0,0.0,-0.17582417582434573,79.73626373626371,305.0,970.0,242.0
2024-11-06 21:53:19.039,-0.0,0.0,-0.17582417582434573,80.79120879120865,305.0,971.0,242.0
2024-11-06 21:53:19.343,-0.0,0.0,-0.2637362637365186,81.75824175824164,305.0,973.0,241.0
2024-11-06 21:53:19.647,-0.0,0.0,-0.2637362637365186,82.8131868131868,305.0,974.0,241.0
2024-11-06 21:53:19.951,-0.0,0.0,-0.2637362637365186,83.7802197802198,304.0,975.0,240.0
2024-11-06 21:53:20.255,-0.0,0.0,-0.17582417582434573,84.74725274725256,304.0,976.0,240.0
2024-11-06 21:53:20.559,-0.0,0.0,-0.17582417582434573,85.80219780219772,304.0,977.0,240.0
2024-11-06 21:53:20.864,-0.0,0.0,-0.2637362637365186,86.76923076923072,303.0,979.0,239.0
2024-11-06 21:53:21.167,-0.0,0.0,-0.17582417582434573,87.82417582417565,303.0,980.0,238.0
2024-11-06 21:53:21.487,-0.0,0.0,-0.2637362637365186,88.79120879120865,303.0,981.0,238.0
2024-11-06 21:53:21.791,-0.0,0.0,-0.2637362637365186,89.75824175824164,302.0,983.0,237.0
2024-11-06 21:53:22.079,-0.0,0.0,-0.2637362637365186,90.8131868131868,302.0,983.0,237.0
2024-11-06 21:53:22.383,-0.0,0.0,-0.2637362637365186,91.7802197802198,301.0,984.0,237.0
2024-11-06 21:53:22.703,-0.0,0.0,-0.2637362637365186,92.74725274725256,302.0,985.0,237.0
2024-11-06 21:53:23.007,-0.0,0.0,-0.2637362637365186,93.80219780219772,301.0,986.0,236.0
2024-11-06 21:53:23.312,-0.0,0.0,-0.2637362637365186,94.76923076923072,301.0,988.0,236.0
2024-11-06 21:53:23.599,-0.0,0.0,-0.2637362637365186,95.82417582417565,301.0,989.0,236.0
2024-11-06 21:53:23.920,-0.0,0.0,-0.2637362637365186,96.79120879120865,301.0,990.0,235.0
2024-11-06 21:53:24.224,-0.0,0.0,-0.2637362637365186,97.67032967032947,301.0,991.0,235.0
2024-11-06 21:53:24.528,-0.0,0.0,-0.2637362637365186,98.8131868131868,300.0,992.0,235.0
2024-11-06 21:53:24.832,-0.0,0.0,-0.2637362637365186,99.7802197802198,300.0,993.0,234.0
2024-11-06 21:53:25.136,-0.0,0.0,-0.2637362637365186,100.74725274725256,299.0,994.0,234.0
2024-11-06 21:53:25.439,-0.0,0.0,-0.2637362637365186,101.80219780219772,300.0,995.0,234.0
2024-11-06 21:53:25.728,-0.0,0.0,-0.2637362637365186,102.76923076923072,299.0,995.0,234.0
2024-11-06 21:53:26.048,-0.0,0.0,-0.2637362637365186,103.82417582417565,299.0,996.0,233.0
2024-11-06 21:53:26.352,-0.0,0.0,-0.2637362637365186,104.7032967032967,299.0,997.0,234.0
2024-11-06 21:53:26.656,-0.0,0.0,-0.2637362637365186,105.75824175824164,299.0,998.0,233.0
2024-11-06 21:53:26.960,-0.0,0.0,-0.2637362637365186,106.72527472527463,299.0,998.0,233.0
2024-11-06 21:53:27.264,-0.0,0.0,-0.2637362637365186,107.7802197802198,299.0,999.0,233.0
2024-11-06 21:53:27.568,-0.0,0.0,-0.2637362637365186,108.74725274725256,298.0,1000.0,232.0
2024-11-06 21:53:27.872,-0.0,0.0,-0.2637362637365186,109.71428571428555,298.0,1001.0,233.0
2024-11-06 21:53:28.177,-0.0,0.0,-0.2637362637365186,110.68131868131854,298.0,1001.0,232.0
2024-11-06 21:53:28.480,-0.0,0.0,-0.2637362637365186,111.82417582417565,298.0,1002.0,232.0
2024-11-06 21:53:28.785,-0.0,0.0,-0.2637362637365186,112.79120879120865,299.0,1003.0,232.0
2024-11-06 21:53:29.089,-0.0,0.0,-0.2637362637365186,113.75824175824164,298.0,1003.0,232.0
2024-11-06 21:53:29.393,-0.0,0.0,-0.35164835164869146,114.72527472527463,298.0,1003.0,232.0
2024-11-06 21:53:29.696,-0.0,0.0,-0.2637362637365186,115.69230769230762,298.0,1004.0,232.0
2024-11-06 21:53:30.000,-0.0,0.0,-0.2637362637365186,116.74725274725256,299.0,1004.0,232.0
2024-11-06 21:53:30.305,-0.0,0.0,-0.2637362637365186,117.71428571428555,299.0,1005.0,232.0
2024-11-06 21:53:30.609,-0.0,0.0,-0.2637362637365186,118.68131868131854,299.0,1005.0,233.0
2024-11-06 21:53:30.913,-0.0,0.0,-0.2637362637365186,119.82417582417565,299.0,1005.0,233.0
2024-11-06 21:53:31.217,-0.0,0.0,-0.2637362637365186,120.7032967032967,299.0,1005.0,233.0
2024-11-06 21:53:31.521,-0.0,0.0,-0.2637362637365186,121.67032967032947,299.0,1005.0,234.0
2024-11-06 21:53:31.825,-0.0,0.0,-0.2637362637365186,122.72527472527463,299.0,1005.0,234.0
2024-11-06 21:53:32.129,-0.0,0.0,-0.2637362637365186,123.69230769230762,300.0,1005.0,234.0
2024-11-06 21:53:32.433,-0.0,0.0,-0.2637362637365186,124.65934065934061,300.0,1005.0,235.0
2024-11-06 21:53:32.737,-0.0,0.0,-0.2637362637365186,125.71428571428555,300.0,1005.0,235.0
2024-11-06 21:53:33.041,-0.0,0.0,-0.2637362637365186,126.68131868131854,301.0,1005.0,235.0
2024-11-06 21:53:33.345,-0.0,0.0,-0.2637362637365186,127.73626373626371,302.0,1004.0,236.0
2024-11-06 21:53:33.649,-0.0,0.0,-0.2637362637365186,128.7032967032967,302.0,1003.0,237.0
2024-11-06 21:53:33.954,-0.0,0.0,-0.2637362637365186,129.67032967032947,303.0,1004.0,237.0
2024-11-06 21:53:34.257,-0.0,0.0,-0.2637362637365186,130.72527472527463,303.0,1003.0,238.0
2024-11-06 21:53:34.562,-0.0,0.0,-0.2637362637365186,131.60439560439545,304.0,1002.0,238.0
2024-11-06 21:53:34.865,-0.0,0.0,-0.35164835164869146,132.65934065934061,304.0,1002.0,239.0
2024-11-06 21:53:35.170,-0.0,0.0,-0.2637362637365186,133.71428571428555,304.0,1001.0,239.0
2024-11-06 21:53:35.474,-0.0,0.0,-0.2637362637365186,134.68131868131854,305.0,1001.0,240.0
2024-11-06 21:53:35.777,-0.08791208791194549,0.0,-0.2637362637365186,135.7362637362637,305.0,1000.0,241.0
2024-11-06 21:53:36.082,-0.0,0.0,-0.2637362637365186,136.7032967032967,306.0,999.0,241.0
2024-11-06 21:53:36.385,-0.0,0.0,-0.2637362637365186,137.67032967032947,306.0,999.0,242.0
2024-11-06 21:53:36.689,-0.0,0.0,-0.2637362637365186,138.63736263736246,307.0,998.0,242.0
2024-11-06 21:53:36.994,-0.0,0.0,-0.2637362637365186,139.69230769230762,308.0,997.0,243.0
2024-11-06 21:53:37.298,-0.0,0.0,-0.2637362637365186,140.57142857142844,308.0,996.0,244.0
2024-11-06 21:53:37.602,-0.0,0.0,-0.2637362637365186,141.71428571428555,309.0,995.0,245.0
2024-11-06 21:53:37.906,-0.0,0.0,-0.2637362637365186,142.68131868131854,309.0,994.0,246.0
2024-11-06 21:53:38.211,-0.0,0.0,-0.2637362637365186,143.7362637362637,310.0,993.0,247.0
2024-11-06 21:53:38.515,-0.08791208791194549,0.0,-0.2637362637365186,144.61538461538453,311.0,992.0,247.0
2024-11-06 21:53:38.818,-0.0,0.0,-0.2637362637365186,145.58241758241752,312.0,990.0,249.0
2024-11-06 21:53:39.122,-0.0,0.0,-0.2637362637365186,146.63736263736246,313.0,989.0,250.0
2024-11-06 21:53:39.426,-0.0,0.0,-0.35164835164869146,147.60439560439545,314.0,988.0,250.0
2024-11-06 21:53:39.730,-0.0,0.0,-0.2637362637365186,148.4835164835165,315.0,986.0,251.0
2024-11-06 21:53:40.034,-0.0,0.0,-0.2637362637365186,149.6263736263736,315.0,985.0,252.0
2024-11-06 21:53:40.338,-0.0,0.0,-0.2637362637365186,148.83516483516473,315.0,985.0,252.0
2024-11-06 21:53:40.642,-0.0,0.0,-0.2637362637365186,147.86813186813174,314.0,985.0,251.0
2024-11-06 21:53:40.947,-0.0,0.0,-0.2637362637365186,146.90109890109875,314.0,987.0,251.0
2024-11-06 21:53:41.250,-0.0,0.0,-0.2637362637365186,145.75824175824164,313.0,987.0,250.0
2024-11-06 21:53:41.555,-0.0,0.0,-0.2637362637365186,144.79120879120865,312.0,988.0,249.0
2024-11-06 21:53:41.859,-0.0,0.0,-0.2637362637365186,143.91208791208783,312.0,989.0,248.0
2024-11-06 21:53:42.162,-0.0,0.0,-0.2637362637365186,142.76923076923072,311.0,990.0,247.0
2024-11-06 21:53:42.467,-0.0,0.0,-0.2637362637365186,141.8901098901099,310.0,991.0,246.0
2024-11-06 21:53:42.771,-0.0,0.0,-0.2637362637365186,140.83516483516473,309.0,991.0,246.0
2024-11-06 21:53:43.075,-0.0,0.0,-0.2637362637365186,139.86813186813174,309.0,992.0,245.0
2024-11-06 21:53:43.379,-0.0,0.0,-0.2637362637365186,138.90109890109875,308.0,993.0,244.0
2024-11-06 21:53:43.683,-0.0,0.0,-0.2637362637365186,137.8461538461538,307.0,993.0,243.0
2024-11-06 21:53:43.987,-0.0,0.0,-0.2637362637365186,136.79120879120865,307.0,994.0,243.0
2024-11-06 21:53:44.291,-0.0,0.0,-0.2637362637365186,135.91208791208783,306.0,994.0,242.0
2024-11-06 21:53:44.595,-0.08791208791194549,0.0,-0.2637362637365186,134.85714285714266,306.0,995.0,241.0
2024-11-06 21:53:44.899,-0.0,0.0,-0.2637362637365186,133.8901098901099,305.0,995.0,241.0
2024-11-06 21:53:45.219,-0.0,0.0,-0.2637362637365186,132.83516483516473,305.0,995.0,240.0
2024-11-06 21:53:45.507,-0.0,0.0,-0.2637362637365186,131.7802197802198,304.0,995.0,240.0
2024-11-06 21:53:45.811,-0.0,0.0,-0.2637362637365186,130.90109890109875,304.0,996.0,239.0
2024-11-06 21:53:46.131,-0.0,0.0,-0.2637362637365186,129.8461538461538,304.0,996.0,239.0
2024-11-06 21:53:46.435,-0.0,0.0,-0.2637362637365186,128.87912087912082,303.0,996.0,238.0
2024-11-06 21:53:46.723,-0.0,0.0,-0.2637362637365186,127.91208791208783,303.0,996.0,238.0
2024-11-06 21:53:47.028,-0.0,0.0,-0.2637362637365186,126.85714285714266,302.0,996.0,237.0
2024-11-06 21:53:47.348,-0.0,0.0,-0.2637362637365186,125.97802197802184,302.0,995.0,237.0
2024-11-06 21:53:47.652,-0.0,0.0,-0.35164835164869146,124.83516483516473,302.0,995.0,237.0
2024-11-06 21:53:47.940,-0.0,0.0,-0.2637362637365186,123.95604395604391,302.0,995.0,237.0
2024-11-06 21:53:48.244,-0.0,0.0,-0.35164835164869146,122.90109890109875,302.0,995.0,237.0
2024-11-06 21:53:48.564,-0.0,0.0,-0.2637362637365186,121.84615384615381,302.0,994.0,236.0
2024-11-06 21:53:48.868,-0.0,0.0,-0.2637362637365186,120.87912087912082,301.0,994.0,236.0
2024-11-06 21:53:49.172,-0.0,0.0,-0.2637362637365186,119.91208791208783,301.0,993.0,236.0
2024-11-06 21:53:49.476,-0.0,0.0,-0.2637362637365186,118.85714285714266,301.0,993.0,236.0
2024-11-06 21:53:49.780,-0.0,0.0,-0.2637362637365186,117.8901098901099,301.0,992.0,236.0
2024-11-06 21:53:50.084,-0.0,0.0,-0.2637362637365186,116.9230769230769,301.0,992.0,236.0
2024-11-06 21:53:50.388,-0.0,0.0,-0.2637362637365186,115.86813186813174,301.0,991.0,236.0
2024-11-06 21:53:50.692,-0.0,0.08791208791217286,-0.2637362637365186,114.90109890109875,301.0,990.0,236.0
2024-11-06 21:53:50.996,-0.0,0.0,-0.35164835164869146,113.93406593406576,301.0,989.0,237.0
2024-11-06 21:53:51.300,-0.0,0.0,-0.2637362637365186,112.87912087912082,301.0,988.0,236.0
2024-11-06 21:53:51.604,-0.0,0.0,-0.2637362637365186,111.91208791208783,301.0,987.0,237.0
2024-11-06 21:53:51.908,-0.0,0.0,-0.2637362637365186,110.85714285714266,301.0,986.0,237.0
2024-11-06 21:53:52.212,-0.0,0.0,-0.2637362637365186,109.97802197802184,301.0,985.0,237.0
2024-11-06 21:53:52.516,-0.0,0.0,-0.2637362637365186,108.9230769230769,301.0,984.0,237.0
2024-11-06 21:53:52.820,-0.0,0.0,-0.2637362637365186,107.95604395604391,302.0,983.0,238.0
2024-11-06 21:53:53.125,-0.0,0.0,-0.2637362637365186,106.98901098901092,302.0,981.0,238.0
2024-11-06 21:53:53.429,-0.0,0.0,-0.2637362637365186,105.93406593406576,303.0,980.0,238.0
2024-11-06 21:53:53.732,-0.0,0.0,-0.35164835164869146,104.96703296703276,303.0,979.0,239.0
2024-11-06 21:53:54.037,-0.0,0.0,-0.2637362637365186,104.0,303.0,977.0,240.0
2024-11-06 21:53:54.341,-0.0,0.0,-0.2637362637365186,102.94505494505484,303.0,976.0,240.0
2024-11-06 21:53:54.645,-0.0,0.0,-0.2637362637365186,101.97802197802184,303.0,975.0,240.0
2024-11-06 21:53:54.949,-0.0,0.0,-0.2637362637365186,100.9230769230769,304.0,973.0,241.0
2024-11-06 21:53:55.253,-0.0,0.0,-0.2637362637365186,99.95604395604391,304.0,972.0,241.0
2024-11-06 21:53:55.557,-0.0,0.0,-0.2637362637365186,98.98901098901092,304.0,970.0,242.0
2024-11-06 21:53:55.861,-0.0,0.0,-0.2637362637365186,98.02197802197793,305.0,968.0,242.0
2024-11-06 21:53:56.165,-0.08791208791194549,0.0,-0.2637362637365186,96.96703296703276,305.0,967.0,243.0
2024-11-06 21:53:56.469,-0.0,0.0,-0.2637362637365186,96.0,306.0,965.0,244.0
2024-11-06 21:53:56.773,-0.0,0.0,-0.2637362637365186,94.94505494505484,306.0,964.0,244.0
2024-11-06 21:53:57.077,-0.0,0.0,-0.2637362637365186,93.97802197802184,307.0,962.0,245.0
2024-11-06 21:53:57.381,-0.0,0.0,-0.2637362637365186,92.9230769230769,307.0,960.0,246.0
2024-11-06 21:53:57.685,-0.0,0.0,-0.2637362637365186,91.95604395604391,307.0,959.0,246.0
2024-11-06 21:53:57.989,-0.0,0.0,-0.2637362637365186,90.98901098901092,308.0,957.0,247.0
2024-11-06 21:53:58.293,-0.0,0.0,-0.2637362637365186,90.02197802197793,309.0,955.0,248.0
2024-11-06 21:53:58.598,-0.0,0.0,-0.2637362637365186,88.96703296703276,309.0,954.0,248.0
2024-11-06 21:53:58.901,-0.0,0.0,-0.2637362637365186,88.0,310.0,952.0,248.0
2024-11-06 21:53:59.205,-0.0,0.0,-0.2637362637365186,87.03296703296701,310.0,950.0,249.0
2024-11-06 21:53:59.510,-0.0,0.0,-0.35164835164869146,86.06593406593402,311.0,949.0,250.0
2024-11-06 21:53:59.814,-0.0,0.0,-0.2637362637365186,84.9230769230769,311.0,947.0,251.0
2024-11-06 21:54:00.117,-0.0,0.0,-0.2637362637365186,84.04395604395586,312.0,945.0,252.0
2024-11-06 21:54:00.422,-0.0,0.0,-0.2637362637365186,82.98901098901092,312.0,943.0,252.0
2024-11-06 21:54:00.726,-0.0,0.0,-0.2637362637365186,81.93406593406576,313.0,942.0,253.0
2024-11-06 21:54:01.030,-0.0,0.0,-0.2637362637365186,81.05494505494494,313.0,940.0,253.0
2024-11-06 21:54:01.334,-0.0,0.0,-0.2637362637365186,80.08791208791195,314.0,939.0,254.0
2024-11-06 21:54:01.638,-0.0,0.0,-0.2637362637365186,78.94505494505484,314.0,937.0,255.0
2024-11-06 21:54:01.942,-0.0,0.0,-0.2637362637365186,78.06593406593402,315.0,936.0,255.0
2024-11-06 21:54:02.246,-0.0,0.0,-0.2637362637365186,77.01098901098885,315.0,934.0,256.0
2024-11-06 21:54:02.550,-0.0,0.0,-0.2637362637365186,76.04395604395586,316.0,932.0,256.0
2024-11-06 21:54:02.854,-0.0,0.0,-0.2637362637365186,75.0769230769231,316.0,931.0,257.0
2024-11-06 21:54:03.158,-0.0,0.0,-0.2637362637365186,74.02197802197793,317.0,929.0,258.0
2024-11-06 21:54:03.462,-0.0,0.0,-0.2637362637365186,73.05494505494494,317.0,928.0,259.0
2024-11-06 21:54:03.766,-0.0,0.0,-0.2637362637365186,72.08791208791195,318.0,927.0,259.0
2024-11-06 21:54:04.070,-0.0,0.0,-0.2637362637365186,71.03296703296701,318.0,925.0,260.0
2024-11-06 21:54:04.374,-0.0,0.0,-0.2637362637365186,69.97802197802184,319.0,923.0,261.0
2024-11-06 21:54:04.678,-0.0,0.0,-0.2637362637365186,69.01098901098885,319.0,922.0,261.0
2024-11-06 21:54:04.983,-0.0,0.0,-0.2637362637365186,68.04395604395586,319.0,920.0,262.0
2024-11-06 21:54:05.286,-0.0,0.0,-0.2637362637365186,67.0769230769231,320.0,919.0,263.0
2024-11-06 21:54:05.590,-0.0,0.0,-0.2637362637365186,66.02197802197793,320.0,917.0,263.0
2024-11-06 21:54:05.895,-0.08791208791194549,0.0,-0.2637362637365186,65.05494505494494,321.0,916.0,263.0
2024-11-06 21:54:06.198,-0.0,0.0,-0.2637362637365186,64.08791208791195,321.0,914.0,264.0
2024-11-06 21:54:06.502,-0.0,0.0,-0.2637362637365186,63.03296703296701,322.0,913.0,265.0
2024-11-06 21:54:06.807,-0.0,0.0,-0.2637362637365186,62.065934065934016,323.0,911.0,265.0
2024-11-06 21:54:07.111,-0.0,0.08791208791217286,-0.35164835164869146,61.01098901098885,323.0,909.0,266.0
2024-11-06 21:54:07.415,-0.0,0.0,-0.2637362637365186,60.04395604395586,324.0,908.0,267.0
2024-11-06 21:54:07.719,-0.0,0.0,-0.2637362637365186,59.076923076923094,324.0,906.0,268.0
2024-11-06 21:54:08.023,-0.0,0.0,-0.2637362637365186,58.02197802197793,324.0,905.0,268.0
2024-11-06 21:54:08.327,-0.0,0.0,-0.2637362637365186,57.05494505494494,325.0,903.0,269.0
2024-11-06 21:54:08.631,-0.0,0.0,-0.2637362637365186,56.087912087911945,325.0,902.0,270.0
2024-11-06 21:54:08.935,-0.0,0.08791208791217286,-0.2637362637365186,55.03296703296701,326.0,901.0,270.0
2024-11-06 21:54:09.239,-0.0,0.0,-0.2637362637365186,54.065934065934016,326.0,899.0,271.0
2024-11-06 21:54:09.543,-0.0,0.0,-0.2637362637365186,53.01098901098885,326.0,897.0,272.0
2024-11-06 21:54:09.847,-0.0,0.0,-0.2637362637365186,52.04395604395586,327.0,895.0,273.0
2024-11-06 21:54:10.151,-0.0,0.0,-0.2637362637365186,51.076923076923094,328.0,894.0,273.0
2024-11-06 21:54:10.455,-0.0,0.0,-0.2637362637365186,50.02197802197793,328.0,893.0,274.0
2024-11-06 21:54:10.759,-0.0,0.0,-0.2637362637365186,49.05494505494494,329.0,891.0,274.0
2024-11-06 21:54:11.065,-0.0,0.0,-0.2637362637365186,48.087912087911945,329.0,890.0,276.0
2024-11-06 21:54:11.384,-0.0,0.0,-0.2637362637365186,47.03296703296701,330.0,888.0,276.0
2024-11-06 21:54:11.672,-0.0,0.0,-0.2637362637365186,46.065934065934016,330.0,887.0,276.0
2024-11-06 21:54:11.976,-0.0,0.0,-0.2637362637365186,45.01098901098885,330.0,886.0,278.0
2024-11-06 21:54:12.296,-0.0,0.0,-0.2637362637365186,44.04395604395586,330.0,884.0,278.0
2024-11-06 21:54:12.600,-0.0,0.0,-0.2637362637365186,43.076923076923094,331.0,883.0,279.0
2024-11-06 21:54:12.904,-0.0,0.0,-0.2637362637365186,42.02197802197793,331.0,882.0,279.0
2024-11-06 21:54:13.192,-0.0,0.0,-0.2637362637365186,41.05494505494494,332.0,880.0,280.0
2024-11-06 21:54:13.512,-0.0,0.0,-0.2637362637365186,40.087912087911945,332.0,879.0,281.0
2024-11-06 21:54:13.816,-0.0,0.0,-0.2637362637365186,39.03296703296701,333.0,877.0,281.0
2024-11-06 21:54:14.104,-0.0,0.0,-0.2637362637365186,38.065934065934016,333.0,876.0,282.0
2024-11-06 21:54:14.424,-0.0,0.0,-0.2637362637365186,37.01098901098885,334.0,875.0,283.0
2024-11-06 21:54:14.728,-0.0,0.0,-0.2637362637365186,36.04395604395586,334.0,874.0,282.0
2024-11-06 21:54:15.032,-0.0,0.0,-0.2637362637365186,35.076923076923094,334.0,872.0,284.0
2024-11-06 21:54:15.337,-0.0,0.0,-0.2637362637365186,34.02197802197793,335.0,872.0,284.0
2024-11-06 21:54:15.640,-0.0,-0.08791208791194549,-0.2637362637365186,33.05494505494494,335.0,870.0,285.0
2024-11-06 21:54:15.944,-0.0,0.0,-0.2637362637365186,32.087912087911945,335.0,869.0,285.0
2024-11-06 21:54:16.249,-0.0,0.0,-0.2637362637365186,31.032967032967008,336.0,868.0,286.0
2024-11-06 21:54:16.536,-0.0,0.0,-0.2637362637365186,30.065934065934016,336.0,867.0,286.0
2024-11-06 21:54:16.857,-0.0,0.0,-0.2637362637365186,29.01098901098885,336.0,866.0,287.0
2024-11-06 21:54:17.160,-0.0,0.0,-0.2637362637365186,28.04395604395586,336.0,866.0,287.0
2024-11-06 21:54:17.464,-0.0,0.0,-0.2637362637365186,27.076923076923094,337.0,864.0,287.0
2024-11-06 21:54:17.769,-0.0,0.0,-0.2637362637365186,26.02197802197793,337.0,864.0,288.0
2024-11-06 21:54:18.073,-0.0,0.0,-0.2637362637365186,25.054945054944938,337.0,863.0,288.0
2024-11-06 21:54:18.377,-0.0,0.0,-0.2637362637365186,24.087912087911945,338.0,862.0,288.0
2024-11-06 21:54:18.681,-0.0,0.0,-0.2637362637365186,23.032967032967008,338.0,862.0,289.0
2024-11-06 21:54:18.985,-0.0,-0.08791208791194549,-0.2637362637365186,22.065934065934016,338.0,861.0,289.0
2024-11-06 21:54:19.289,-0.0,0.0,-0.2637362637365186,21.01098901098885,338.0,861.0,289.0
2024-11-06 21:54:19.593,-0.0,0.0,-0.2637362637365186,20.04395604395586,339.0,860.0,289.0
2024-11-06 21:54:19.897,-0.0,0.0,-0.2637362637365186,18.98901098901092,338.0,860.0,290.0
2024-11-06 21:54:20.201,-0.0,0.0,-0.2637362637365186,18.02197802197793,339.0,859.0,290.0
2024-11-06 21:54:20.505,-0.0,0.0,-0.2637362637365186,17.054945054944938,339.0,859.0,290.0
2024-11-06 21:54:20.809,-0.0,-0.08791208791194549,-0.2637362637365186,16.087912087911945,339.0,859.0,290.0
2024-11-06 21:54:21.113,-0.0,0.0,-0.2637362637365186,15.032967032967008,339.0,859.0,290.0
2024-11-06 21:54:21.417,-0.0,0.0,-0.2637362637365186,14.065934065934016,339.0,859.0,290.0
2024-11-06 21:54:21.721,-0.08791208791194549,0.0,-0.2637362637365186,13.010989010988851,339.0,859.0,290.0
2024-11-06 21:54:22.026,-0.0,0.0,-0.2637362637365186,12.043956043955859,339.0,858.0,290.0
2024-11-06 21:54:22.330,-0.0,0.0,-0.2637362637365186,11.076923076923094,339.0,859.0,290.0
2024-11-06 21:54:22.633,-0.0,0.0,-0.2637362637365186,10.02197802197793,339.0,858.0,290.0
2024-11-06 21:54:22.938,-0.0,0.0,-0.35164835164869146,9.054945054944938,339.0,858.0,290.0
2024-11-06 21:54:23.242,-0.0,0.0,-0.2637362637365186,8.175824175824118,339.0,858.0,290.0
2024-11-06 21:54:23.545,-0.0,0.0,-0.2637362637365186,7.032967032967008,339.0,858.0,291.0
2024-11-06 21:54:23.850,-0.0,0.0,-0.2637362637365186,6.065934065934016,339.0,859.0,290.0
2024-11-06 21:54:24.154,-0.0,0.0,-0.2637362637365186,5.098901098901024,340.0,858.0,290.0
2024-11-06 21:54:24.458,-0.0,0.0,-0.2637362637365186,4.043956043955859,339.0,858.0,291.0
2024-11-06 21:54:24.762,-0.0,0.0,-0.2637362637365186,3.0769230769230944,339.0,858.0,291.0
2024-11-06 21:54:25.066,-0.0,0.0,-0.2637362637365186,2.0219780219779295,339.0,858.0,290.0
2024-11-06 21:54:25.370,-0.0,0.0,-0.2637362637365186,1.0549450549449375,339.0,858.0,291.0
2024-11-06 21:54:25.802,-0.0,0.0,-0.2637362637365186,1.0549450549449375,339.0,858.0,291.0
2024-11-06 21:54:26.314,0.8791208791208192,-0.3516483516482367,-0.2637362637365186,1.0549450549449375,339.0,858.0,290.0
2024-11-06 21:54:26.810,1.8461538461538112,-0.7912087912086463,-0.2637362637365186,1.0549450549449375,340.0,858.0,290.0
2024-11-06 21:54:27.322,2.813186813186803,-1.1428571428571104,-0.2637362637365186,1.0549450549449375,340.0,858.0,289.0
2024-11-06 21:54:27.834,3.780219780219795,-1.58241758241752,-0.2637362637365186,1.0549450549449375,340.0,859.0,289.0
2024-11-06 21:54:28.330,4.747252747252787,-1.9340659340657567,-0.2637362637365186,1.0549450549449375,340.0,859.0,289.0
2024-11-06 21:54:28.842,5.802197802197725,-2.2857142857142208,-0.2637362637365186,1.0549450549449375,340.0,859.0,288.0
2024-11-06 21:54:29.355,6.769230769230717,-2.7252747252746303,-0.2637362637365186,1.0549450549449375,341.0,859.0,288.0
2024-11-06 21:54:29.851,7.824175824175882,-3.16483516483504,-0.2637362637365186,1.0549450549449375,341.0,859.0,288.0
2024-11-06 21:54:30.362,8.7032967032967,-3.516483516483504,-0.2637362637365186,1.0549450549449375,341.0,859.0,287.0
2024-11-06 21:54:30.874,9.758241758241866,-3.9560439560439136,-0.2637362637365186,1.0549450549449375,341.0,859.0,287.0
2024-11-06 21:54:31.387,10.813186813186803,-4.395604395604323,-0.2637362637365186,1.0549450549449375,341.0,860.0,286.0
2024-11-06 21:54:31.883,11.868131868131968,-4.74725274725256,-0.2637362637365186,1.0549450549449375,341.0,860.0,286.0
2024-11-06 21:54:32.395,12.747252747252787,-5.098901098901024,-0.2637362637365186,1.0549450549449375,342.0,860.0,286.0
2024-11-06 21:54:32.907,13.802197802197725,-5.5384615384614335,-0.2637362637365186,1.0549450549449375,342.0,860.0,286.0
2024-11-06 21:54:33.403,14.769230769230717,-5.978021978021843,-0.2637362637365186,1.0549450549449375,342.0,861.0,285.0
2024-11-06 21:54:33.915,15.736263736263709,-6.329670329670307,-0.2637362637365186,1.0549450549449375,343.0,860.0,284.0
2024-11-06 21:54:34.412,16.791208791208874,-6.769230769230717,-0.2637362637365186,1.0549450549449375,343.0,860.0,284.0
2024-11-06 21:54:34.924,17.758241758241866,-7.1208791208789535,-0.2637362637365186,1.0549450549449375,343.0,861.0,284.0
2024-11-06 21:54:35.435,18.813186813186803,-7.560439560439363,-0.2637362637365186,1.0549450549449375,343.0,861.0,283.0
2024-11-06 21:54:35.948,19.780219780219795,-7.912087912087827,-0.2637362637365186,1.0549450549449375,343.0,861.0,282.0
2024-11-06 21:54:36.444,20.747252747252787,-8.351648351648237,-0.2637362637365186,1.0549450549449375,344.0,861.0,282.0
2024-11-06 21:54:36.955,21.802197802197725,-8.791208791208646,-0.2637362637365186,1.1428571428571104,344.0,862.0,282.0
2024-11-06 21:54:37.468,22.769230769230717,-9.14285714285711,-0.2637362637365186,1.0549450549449375,344.0,861.0,282.0
2024-11-06 21:54:37.964,23.82417582417588,-9.58241758241752,-0.2637362637365186,1.0549450549449375,344.0,862.0,281.0
2024-11-06 21:54:38.476,24.791208791208874,-9.934065934065757,-0.2637362637365186,1.0549450549449375,345.0,862.0,280.0
2024-11-06 21:54:38.988,25.758241758241866,-10.373626373626166,-0.2637362637365186,1.1428571428571104,345.0,862.0,280.0
2024-11-06 21:54:39.484,26.813186813186803,-10.72527472527463,-0.2637362637365186,1.0549450549449375,345.0,862.0,279.0
2024-11-06 21:54:39.996,27.780219780219795,-11.16483516483504,-0.2637362637365186,1.1428571428571104,346.0,862.0,279.0
2024-11-06 21:54:40.509,28.747252747252787,-11.516483516483504,-0.2637362637365186,1.0549450549449375,346.0,862.0,278.0
2024-11-06 21:54:41.021,29.71428571428578,-11.956043956043914,-0.2637362637365186,1.0549450549449375,346.0,863.0,278.0
2024-11-06 21:54:41.517,30.769230769230717,-12.395604395604323,-0.2637362637365186,1.0549450549449375,346.0,863.0,277.0
2024-11-06 21:54:42.029,31.82417582417588,-12.74725274725256,-0.2637362637365186,1.0549450549449375,346.0,863.0,277.0
2024-11-06 21:54:42.541,32.791208791208874,-13.186813186813197,-0.2637362637365186,1.0549450549449375,347.0,863.0,276.0
2024-11-06 21:54:43.037,33.758241758241866,-13.538461538461434,-0.2637362637365186,1.0549450549449375,347.0,864.0,276.0
2024-11-06 21:54:43.549,34.72527472527486,-13.978021978021843,-0.2637362637365186,1.0549450549449375,347.0,864.0,275.0
2024-11-06 21:54:44.061,35.780219780219795,-14.329670329670307,-0.2637362637365186,1.0549450549449375,347.0,864.0,274.0
2024-11-06 21:54:44.557,36.74725274725279,-14.769230769230717,-0.2637362637365186,1.0549450549449375,347.0,865.0,274.0
2024-11-06 21:54:45.069,37.71428571428578,-15.032967032967008,-0.2637362637365186,1.0549450549449375,347.0,865.0,274.0
2024-11-06 21:54:45.581,38.76923076923072,-15.560439560439363,-0.2637362637365186,1.1428571428571104,347.0,865.0,273.0
2024-11-06 21:54:46.078,39.82417582417588,-15.912087912087827,-0.2637362637365186,1.0549450549449375,347.0,866.0,272.0
2024-11-06 21:54:46.590,40.791208791208874,-16.351648351648237,-0.2637362637365186,1.0549450549449375,348.0,866.0,272.0
2024-11-06 21:54:47.102,41.67032967032969,-16.791208791208646,-0.2637362637365186,1.0549450549449375,348.0,866.0,271.0
2024-11-06 21:54:47.598,42.72527472527486,-17.14285714285711,-0.2637362637365186,1.0549450549449375,348.0,867.0,271.0
2024-11-06 21:54:48.110,43.69230769230762,-17.58241758241752,-0.2637362637365186,1.0549450549449375,348.0,867.0,270.0
2024-11-06 21:54:48.622,44.74725274725279,-17.934065934065757,-0.2637362637365186,1.1428571428571104,348.0,867.0,269.0
2024-11-06 21:54:49.134,45.71428571428578,-18.373626373626166,-0.2637362637365186,1.0549450549449375,349.0,868.0,269.0
2024-11-06 21:54:49.630,46.68131868131877,-18.72527472527463,-0.2637362637365186,1.0549450549449375,349.0,868.0,268.0
2024-11-06 21:54:50.142,47.73626373626371,-19.16483516483504,-0.2637362637365186,1.0549450549449375,349.0,869.0,267.0
2024-11-06 21:54:50.654,48.791208791208874,-19.516483516483504,-0.2637362637365186,1.0549450549449375,349.0,869.0,267.0
2024-11-06 21:54:51.150,49.67032967032969,-19.956043956043914,-0.2637362637365186,1.0549450549449375,349.0,870.0,266.0
2024-11-06 21:54:51.662,50.72527472527486,-20.395604395604323,-0.2637362637365186,1.0549450549449375,349.0,870.0,266.0
2024-11-06 21:54:52.158,51.69230769230762,-20.659340659340614,-0.2637362637365186,1.0549450549449375,349.0,870.0,265.0
2024-11-06 21:54:52.670,52.74725274725279,-21.186813186813197,-0.2637362637365186,1.0549450549449375,349.0,871.0,265.0
2024-11-06 21:54:53.183,53.626373626373606,-21.538461538461434,-0.2637362637365186,1.0549450549449375,350.0,871.0,264.0
2024-11-06 21:54:53.695,54.68131868131877,-21.978021978021843,-0.2637362637365186,1.0549450549449375,350.0,872.0,264.0
2024-11-06 21:54:54.191,55.64835164835176,-22.329670329670307,-0.2637362637365186,1.0549450549449375,350.0,872.0,263.0
2024-11-06 21:54:54.702,56.615384615384755,-22.769230769230717,-0.2637362637365186,1.0549450549449375,350.0,872.0,263.0
2024-11-06 21:54:55.214,57.758241758241866,-23.120879120878953,-0.2637362637365186,1.0549450549449375,350.0,873.0,262.0
2024-11-06 21:54:55.711,58.637362637362685,-23.560439560439363,-0.2637362637365186,1.0549450549449375,351.0,873.0,261.0
2024-11-06 21:54:56.223,59.69230769230762,-23.912087912087827,-0.2637362637365186,1.0549450549449375,351.0,873.0,261.0
2024-11-06 21:54:56.735,60.659340659340614,-24.351648351648237,-0.2637362637365186,1.0549450549449375,351.0,873.0,260.0
2024-11-06 21:54:57.231,61.71428571428578,-24.791208791208646,-0.2637362637365186,1.0549450549449375,351.0,873.0,260.0
2024-11-06 21:54:57.743,62.68131868131877,-25.14285714285711,-0.2637362637365186,1.0549450549449375,351.0,874.0,260.0
2024-11-06 21:54:58.256,63.73626373626371,-25.58241758241752,-0.2637362637365186,1.0549450549449375,351.0,874.0,259.0
2024-11-06 21:54:58.767,64.7032967032967,-25.934065934065757,-0.2637362637365186,1.0549450549449375,352.0,874.0,259.0
2024-11-06 21:54:59.264,65.58241758241752,-26.373626373626166,-0.2637362637365186,1.0549450549449375,352.0,874.0,258.0
2024-11-06 21:54:59.776,66.63736263736268,-26.72527472527463,-0.2637362637365186,1.0549450549449375,352.0,875.0,257.0
2024-11-06 21:55:00.288,67.60439560439568,-27.16483516483504,-0.2637362637365186,1.0549450549449375,352.0,875.0,257.0
2024-11-06 21:55:00.784,68.65934065934061,-27.516483516483504,-0.2637362637365186,1.0549450549449375,352.0,876.0,257.0
2024-11-06 21:55:01.295,69.71428571428578,-27.956043956043914,-0.2637362637365186,1.0549450549449375,352.0,876.0,256.0
2024-11-06 21:55:01.808,70.5934065934066,-28.395604395604323,-0.2637362637365186,1.0549450549449375,352.0,877.0,256.0
2024-11-06 21:55:02.304,71.73626373626371,-28.74725274725256,-0.2637362637365186,1.0549450549449375,352.0,877.0,255.0
2024-11-06 21:55:02.816,72.61538461538476,-29.186813186813197,-0.2637362637365186,1.0549450549449375,353.0,878.0,254.0
2024-11-06 21:55:03.328,73.67032967032969,-29.538461538461434,-0.2637362637365186,1.0549450549449375,352.0,878.0,254.0
2024-11-06 21:55:03.824,74.72527472527486,-29.978021978021843,-0.2637362637365186,1.0549450549449375,352.0,878.0,253.0
2024-11-06 21:55:04.336,75.60439560439568,-30.329670329670307,-0.2637362637365186,1.0549450549449375,353.0,879.0,253.0
2024-11-06 21:55:04.849,76.4835164835165,-30.769230769230717,-0.2637362637365186,1.0549450549449375,352.0,879.0,253.0
2024-11-06 21:55:05.345,77.53846153846166,-31.120879120878953,-0.2637362637365186,1.0549450549449375,352.0,880.0,252.0
2024-11-06 21:55:05.856,78.5934065934066,-31.560439560439363,-0.2637362637365186,1.0549450549449375,353.0,880.0,251.0
2024-11-06 21:55:06.369,79.64835164835176,-31.824175824175654,-0.2637362637365186,1.0549450549449375,352.0,881.0,251.0
2024-11-06 21:55:06.881,80.61538461538476,-32.35164835164824,-0.2637362637365186,1.0549450549449375,352.0,881.0,250.0
2024-11-06 21:55:07.377,81.67032967032969,-32.791208791208646,-0.2637362637365186,1.0549450549449375,352.0,882.0,249.0
2024-11-06 21:55:07.889,82.63736263736268,-33.14285714285711,-0.2637362637365186,1.0549450549449375,353.0,882.0,249.0
2024-11-06 21:55:08.401,83.5164835164835,-33.58241758241752,-0.2637362637365186,1.0549450549449375,353.0,883.0,249.0
2024-11-06 21:55:08.897,84.4835164835165,-33.93406593406576,-0.2637362637365186,1.0549450549449375,353.0,883.0,249.0
2024-11-06 21:55:09.409,85.6263736263736,-34.373626373626166,-0.2637362637365186,1.0549450549449375,353.0,883.0,248.0
2024-11-06 21:55:09.921,86.5934065934066,-34.72527472527463,-0.2637362637365186,1.0549450549449375,353.0,884.0,247.0
2024-11-06 21:55:10.417,87.56043956043959,-35.16483516483504,-0.2637362637365186,1.0549450549449375,352.0,884.0,247.0
2024-11-06 21:55:10.930,88.52747252747258,-35.516483516483504,-0.2637362637365186,1.0549450549449375,353.0,885.0,247.0
2024-11-06 21:55:11.442,89.58241758241752,-35.956043956043914,-0.2637362637365186,1.0549450549449375,352.0,885.0,246.0
2024-11-06 21:55:11.937,90.54945054945051,-36.39560439560432,-0.2637362637365186,1.0549450549449375,352.0,886.0,245.0
2024-11-06 21:55:12.450,91.60439560439568,-36.74725274725256,-0.2637362637365186,1.0549450549449375,352.0,886.0,246.0
2024-11-06 21:55:12.962,92.57142857142867,-37.1868131868132,-0.2637362637365186,1.0549450549449375,352.0,887.0,245.0
2024-11-06 21:55:13.474,93.53846153846166,-37.53846153846143,-0.2637362637365186,1.0549450549449375,352.0,887.0,245.0
2024-11-06 21:55:13.970,94.50549450549465,-37.97802197802184,-0.2637362637365186,1.0549450549449375,353.0,887.0,244.0
2024-11-06 21:55:14.482,95.56043956043959,-38.32967032967031,-0.2637362637365186,1.0549450549449375,353.0,888.0,244.0
2024-11-06 21:55:14.978,96.52747252747258,-38.76923076923072,-0.2637362637365186,1.1428571428571104,353.0,887.0,243.0
2024-11-06 21:55:15.490,97.58241758241752,-39.12087912087895,-0.2637362637365186,1.0549450549449375,353.0,888.0,243.0
2024-11-06 21:55:16.002,98.63736263736268,-39.56043956043936,-0.2637362637365186,1.0549450549449375,353.0,889.0,242.0
2024-11-06 21:55:16.514,99.5164835164835,-39.91208791208783,-0.2637362637365186,1.0549450549449375,353.0,888.0,242.0
2024-11-06 21:55:17.011,100.57142857142867,-40.35164835164824,-0.2637362637365186,1.0549450549449375,353.0,889.0,242.0
2024-11-06 21:55:17.522,101.53846153846166,-40.791208791208646,-0.2637362637365186,1.0549450549449375,353.0,890.0,242.0
2024-11-06 21:55:18.035,102.50549450549465,-41.14285714285711,-0.2637362637365186,1.0549450549449375,353.0,889.0,241.0
2024-11-06 21:55:18.531,103.56043956043959,-41.58241758241752,-0.2637362637365186,1.0549450549449375,353.0,890.0,241.0
2024-11-06 21:55:19.043,104.52747252747258,-41.93406593406576,-0.2637362637365186,1.0549450549449375,353.0,890.0,240.0
2024-11-06 21:55:19.555,105.49450549450557,-42.373626373626166,-0.2637362637365186,1.0549450549449375,354.0,890.0,240.0
2024-11-06 21:55:20.051,106.46153846153857,-42.72527472527463,-0.2637362637365186,1.0549450549449375,353.0,891.0,239.0
2024-11-06 21:55:20.563,107.5164835164835,-43.16483516483504,-0.2637362637365186,1.0549450549449375,354.0,891.0,239.0
2024-11-06 21:55:21.075,108.57142857142867,-43.516483516483504,-0.2637362637365186,1.0549450549449375,354.0,891.0,239.0
2024-11-06 21:55:21.571,109.53846153846166,-43.956043956043914,-0.2637362637365186,1.0549450549449375,354.0,892.0,238.0
2024-11-06 21:55:22.084,110.50549450549465,-44.39560439560432,-0.2637362637365186,1.0549450549449375,354.0,892.0,238.0
2024-11-06 21:55:22.595,111.47252747252742,-44.74725274725256,-0.2637362637365186,1.0549450549449375,354.0,892.0,237.0
2024-11-06 21:55:23.092,112.43956043956041,-45.1868131868132,-0.2637362637365186,1.0549450549449375,355.0,893.0,237.0
2024-11-06 21:55:23.604,113.58241758241752,-45.53846153846143,-0.2637362637365186,1.0549450549449375,354.0,893.0,236.0
2024-11-06 21:55:24.116,114.46153846153857,-45.97802197802184,-0.2637362637365186,1.0549450549449375,355.0,893.0,236.0
2024-11-06 21:55:24.628,115.42857142857156,-46.32967032967031,-0.2637362637365186,1.0549450549449375,354.0,894.0,236.0
2024-11-06 21:55:25.124,116.4835164835165,-46.76923076923072,-0.2637362637365186,1.0549450549449375,354.0,894.0,236.0
2024-11-06 21:55:25.636,117.45054945054949,-47.12087912087895,-0.2637362637365186,1.0549450549449375,354.0,895.0,235.0
2024-11-06 21:55:26.148,118.41758241758248,-47.56043956043936,-0.2637362637365186,1.0549450549449375,354.0,896.0,235.0
2024-11-06 21:55:26.644,119.56043956043959,-47.91208791208783,-0.2637362637365186,1.0549450549449375,354.0,896.0,234.0
2024-11-06 21:55:27.156,120.43956043956041,-48.35164835164824,-0.2637362637365186,1.0549450549449375,354.0,897.0,234.0
2024-11-06 21:55:27.668,121.4065934065934,-48.791208791208646,-0.2637362637365186,1.0549450549449375,354.0,897.0,234.0
2024-11-06 21:55:28.164,122.54945054945051,-49.14285714285711,-0.2637362637365186,1.0549450549449375,354.0,898.0,234.0
2024-11-06 21:55:28.677,123.5164835164835,-49.58241758241752,-0.2637362637365186,1.0549450549449375,354.0,898.0,234.0
2024-11-06 21:55:29.189,124.4835164835165,-49.93406593406576,-0.2637362637365186,1.0549450549449375,354.0,899.0,233.0
2024-11-06 21:55:29.685,125.45054945054949,-50.373626373626166,-0.2637362637365186,1.0549450549449375,354.0,899.0,233.0
2024-11-06 21:55:30.197,126.41758241758248,-50.72527472527463,-0.2637362637365186,1.0549450549449375,353.0,899.0,233.0
2024-11-06 21:55:30.709,127.47252747252742,-51.16483516483504,-0.2637362637365186,1.0549450549449375,354.0,899.0,232.0
2024-11-06 21:55:31.221,128.4395604395604,-51.516483516483504,-0.2637362637365186,1.0549450549449375,353.0,900.0,232.0
2024-11-06 21:55:31.717,129.49450549450557,-51.956043956043914,-0.2637362637365186,1.0549450549449375,353.0,900.0,232.0
2024-11-06 21:55:32.229,130.46153846153857,-52.39560439560432,-0.2637362637365186,1.0549450549449375,353.0,901.0,232.0
2024-11-06 21:55:32.725,131.5164835164835,-52.74725274725256,-0.2637362637365186,1.0549450549449375,353.0,901.0,231.0
2024-11-06 21:55:33.237,132.4835164835165,-53.1868131868132,-0.2637362637365186,1.0549450549449375,353.0,902.0,231.0
2024-11-06 21:55:33.749,133.36263736263732,-53.53846153846143,-0.2637362637365186,1.0549450549449375,353.0,902.0,230.0
2024-11-06 21:55:34.261,134.50549450549465,-53.97802197802184,-0.2637362637365186,1.0549450549449375,353.0,903.0,230.0
2024-11-06 21:55:34.758,135.47252747252742,-54.32967032967031,-0.2637362637365186,1.0549450549449375,352.0,903.0,230.0
2024-11-06 21:55:35.270,136.4395604395604,-54.76923076923072,-0.2637362637365186,1.0549450549449375,353.0,903.0,229.0
2024-11-06 21:55:35.782,137.49450549450557,-55.12087912087895,-0.2637362637365186,1.0549450549449375,353.0,904.0,230.0
2024-11-06 21:55:36.278,138.5494505494505,-55.56043956043936,-0.2637362637365186,1.0549450549449375,353.0,904.0,229.0
2024-11-06 21:55:36.790,139.5164835164835,-55.824175824175654,-0.2637362637365186,1.0549450549449375,353.0,904.0,229.0
2024-11-06 21:55:37.302,140.39560439560432,-56.35164835164824,-0.2637362637365186,1.0549450549449375,353.0,904.0,229.0
2024-11-06 21:55:37.798,141.53846153846166,-56.791208791208646,-0.2637362637365186,1.0549450549449375,353.0,904.0,229.0
2024-11-06 21:55:38.310,142.41758241758248,-57.14285714285711,-0.2637362637365186,1.0549450549449375,353.0,905.0,229.0
2024-11-06 21:55:38.823,143.5604395604396,-57.58241758241752,-0.2637362637365186,1.0549450549449375,353.0,905.0,229.0
2024-11-06 21:55:39.335,144.52747252747258,-57.93406593406576,-0.2637362637365186,1.0549450549449375,353.0,905.0,228.0
2024-11-06 21:55:39.831,145.49450549450557,-58.373626373626166,-0.2637362637365186,1.0549450549449375,354.0,904.0,228.0
2024-11-06 21:55:40.343,146.46153846153857,-58.72527472527463,-0.2637362637365186,1.0549450549449375,354.0,905.0,228.0
2024-11-06 21:55:40.855,147.42857142857156,-59.16483516483504,-0.2637362637365186,1.0549450549449375,354.0,905.0,228.0
2024-11-06 21:55:41.350,148.39560439560432,-59.516483516483504,-0.2637362637365186,1.0549450549449375,355.0,905.0,227.0
2024-11-06 21:55:41.863,149.53846153846166,-59.956043956043914,-0.2637362637365186,1.0549450549449375,354.0,905.0,228.0
2024-11-06 21:55:42.360,148.83516483516496,-59.69230769230762,-0.2637362637365186,1.0549450549449375,355.0,904.0,228.0
2024-11-06 21:55:42.871,147.9560439560439,-59.34065934065916,-0.2637362637365186,1.0549450549449375,355.0,904.0,228.0
2024-11-06 21:55:43.383,147.0769230769231,-58.90109890109875,-0.2637362637365186,1.0549450549449375,355.0,903.0,228.0
2024-11-06 21:55:43.895,145.93406593406598,-58.54945054945051,-0.2637362637365186,1.0549450549449375,355.0,902.0,229.0
2024-11-06 21:55:44.391,144.967032967033,-58.1098901098901,-0.2637362637365186,1.0549450549449375,355.0,901.0,229.0
2024-11-06 21:55:44.903,144.08791208791217,-57.75824175824164,-0.2637362637365186,1.0549450549449375,355.0,901.0,229.0
2024-11-06 21:55:45.416,143.032967032967,-57.31868131868123,-0.2637362637365186,1.0549450549449375,355.0,900.0,230.0
2024-11-06 21:55:45.911,141.97802197802207,-57.05494505494494,-0.2637362637365186,1.0549450549449375,356.0,899.0,230.0
2024-11-06 21:55:46.423,141.01098901098908,-56.527472527472355,-0.2637362637365186,1.0549450549449375,356.0,898.0,230.0
2024-11-06 21:55:46.936,139.9560439560439,-56.087912087911945,-0.2637362637365186,1.0549450549449375,356.0,897.0,231.0
2024-11-06 21:55:47.432,139.0769230769231,-55.824175824175654,-0.2637362637365186,1.0549450549449375,356.0,897.0,231.0
2024-11-06 21:55:47.943,137.93406593406598,-55.2967032967033,-0.2637362637365186,1.0549450549449375,357.0,896.0,232.0
2024-11-06 21:55:48.456,136.967032967033,-54.945054945054835,-0.2637362637365186,1.0549450549449375,356.0,895.0,232.0
2024-11-06 21:55:48.952,136.08791208791217,-54.505494505494426,-0.2637362637365186,1.0549450549449375,357.0,895.0,233.0
2024-11-06 21:55:49.464,135.032967032967,-54.15384615384596,-0.2637362637365186,1.0549450549449375,357.0,894.0,233.0
2024-11-06 21:55:49.977,134.06593406593402,-53.71428571428555,-0.2637362637365186,1.0549450549449375,357.0,894.0,234.0
2024-11-06 21:55:50.472,133.01098901098908,-53.362637362637315,-0.2637362637365186,1.0549450549449375,357.0,893.0,234.0
2024-11-06 21:55:50.985,132.0439560439561,-52.923076923076906,-0.2637362637365186,1.0549450549449375,357.0,892.0,234.0
2024-11-06 21:55:51.497,130.98901098901092,-52.57142857142844,-0.2637362637365186,1.0549450549449375,357.0,891.0,235.0
2024-11-06 21:55:52.008,130.02197802197816,-52.13186813186803,-0.2637362637365186,1.0549450549449375,357.0,890.0,235.0
2024-11-06 21:55:52.504,129.05494505494516,-51.69230769230762,-0.2637362637365186,1.0549450549449375,358.0,890.0,236.0
2024-11-06 21:55:53.016,128.08791208791217,-51.34065934065916,-0.2637362637365186,1.0549450549449375,358.0,889.0,236.0
2024-11-06 21:55:53.529,127.03296703296701,-50.90109890109875,-0.2637362637365186,1.0549450549449375,358.0,889.0,237.0
2024-11-06 21:55:54.025,125.97802197802207,-50.54945054945051,-0.2637362637365186,1.0549450549449375,358.0,888.0,237.0
2024-11-06 21:55:54.537,125.01098901098908,-50.1098901098901,-0.2637362637365186,1.0549450549449375,358.0,887.0,237.0
2024-11-06 21:55:55.049,124.04395604395609,-49.84615384615381,-0.2637362637365186,1.0549450549449375,358.0,887.0,238.0
2024-11-06 21:55:55.545,123.0769230769231,-49.31868131868123,-0.2637362637365186,1.0549450549449375,358.0,886.0,238.0
2024-11-06 21:55:56.057,122.1098901098901,-48.967032967032765,-0.2637362637365186,1.0549450549449375,358.0,886.0,238.0
2024-11-06 21:55:56.569,121.05494505494516,-48.527472527472355,-0.2637362637365186,1.0549450549449375,358.0,885.0,239.0
2024-11-06 21:55:57.081,120.0,-48.087912087911945,-0.2637362637365186,1.0549450549449375,358.0,884.0,239.0
2024-11-06 21:55:57.577,119.03296703296701,-47.73626373626371,-0.2637362637365186,1.0549450549449375,358.0,884.0,240.0
2024-11-06 21:55:58.090,118.06593406593402,-47.2967032967033,-0.2637362637365186,1.0549450549449375,358.0,883.0,240.0
2024-11-06 21:55:58.586,117.01098901098908,-46.945054945054835,-0.2637362637365186,1.0549450549449375,359.0,883.0,240.0
2024-11-06 21:55:59.097,115.95604395604391,-46.505494505494426,-0.2637362637365186,1.0549450549449375,358.0,882.0,241.0
2024-11-06 21:55:59.609,115.0769230769231,-46.15384615384596,-0.2637362637365186,1.1428571428571104,358.0,881.0,241.0
2024-11-06 21:56:00.121,114.02197802197816,-45.71428571428555,-0.2637362637365186,1.0549450549449375,359.0,881.0,241.0
2024-11-06 21:56:00.618,113.05494505494516,-45.362637362637315,-0.2637362637365186,1.0549450549449375,359.0,880.0,241.0
2024-11-06 21:56:01.130,112.08791208791217,-44.923076923076906,-0.2637362637365186,1.0549450549449375,358.0,880.0,242.0
2024-11-06 21:56:01.643,111.03296703296701,-44.57142857142844,-0.2637362637365186,1.0549450549449375,358.0,879.0,242.0
2024-11-06 21:56:02.139,110.06593406593402,-44.13186813186803,-0.2637362637365186,1.0549450549449375,358.0,879.0,243.0
2024-11-06 21:56:02.651,109.09890109890102,-43.69230769230762,-0.2637362637365186,1.0549450549449375,358.0,878.0,243.0
2024-11-06 21:56:03.162,108.04395604395609,-43.34065934065916,-0.2637362637365186,1.0549450549449375,358.0,878.0,243.0
2024-11-06 21:56:03.658,107.0769230769231,-42.90109890109875,-0.2637362637365186,1.0549450549449375,358.0,878.0,244.0
2024-11-06 21:56:04.171,106.1098901098901,-42.54945054945051,-0.2637362637365186,1.0549450549449375,358.0,877.0,244.0
2024-11-06 21:56:04.682,105.05494505494516,-42.1098901098901,-0.2637362637365186,1.0549450549449375,358.0,877.0,245.0
2024-11-06 21:56:05.178,104.08791208791217,-41.75824175824164,-0.2637362637365186,1.0549450549449375,359.0,876.0,245.0
2024-11-06 21:56:05.691,103.03296703296701,-41.31868131868123,-0.2637362637365186,1.0549450549449375,358.0,876.0,246.0
2024-11-06 21:56:06.203,102.06593406593402,-41.05494505494494,-0.2637362637365186,1.0549450549449375,358.0,875.0,246.0
2024-11-06 21:56:06.715,101.09890109890102,-40.61538461538453,-0.2637362637365186,1.0549450549449375,358.0,875.0,247.0
2024-11-06 21:56:07.211,100.04395604395609,-40.087912087911945,-0.2637362637365186,1.0549450549449375,358.0,874.0,247.0
2024-11-06 21:56:07.723,99.0769230769231,-39.73626373626371,-0.2637362637365186,1.0549450549449375,358.0,874.0,248.0
2024-11-06 21:56:08.219,98.02197802197816,-39.2967032967033,-0.2637362637365186,1.0549450549449375,358.0,873.0,248.0
2024-11-06 21:56:08.731,97.05494505494516,-39.12087912087895,-0.2637362637365186,1.0549450549449375,358.0,873.0,249.0
2024-11-06 21:56:09.244,96.08791208791217,-38.505494505494426,-0.2637362637365186,1.0549450549449375,358.0,873.0,249.0
2024-11-06 21:56:09.755,95.03296703296701,-38.15384615384596,-0.2637362637365186,1.0549450549449375,358.0,872.0,249.0
2024-11-06 21:56:10.251,94.06593406593402,-37.802197802197725,-0.2637362637365186,1.0549450549449375,358.0,871.0,250.0
2024-11-06 21:56:10.763,93.01098901098908,-37.362637362637315,-0.2637362637365186,1.0549450549449375,358.0,871.0,250.0
2024-11-06 21:56:11.276,92.04395604395609,-36.923076923076906,-0.2637362637365186,1.0549450549449375,357.0,871.0,250.0
2024-11-06 21:56:11.772,91.0769230769231,-36.57142857142844,-0.2637362637365186,1.0549450549449375,357.0,871.0,251.0
2024-11-06 21:56:12.284,90.02197802197816,-36.13186813186803,-0.2637362637365186,1.0549450549449375,358.0,871.0,251.0
2024-11-06 21:56:12.796,89.05494505494516,-35.69230769230762,-0.2637362637365186,1.0549450549449375,357.0,871.0,252.0
2024-11-06 21:56:13.292,88.08791208791217,-35.34065934065916,-0.2637362637365186,1.0549450549449375,357.0,871.0,252.0
2024-11-06 21:56:13.804,87.03296703296701,-34.90109890109875,-0.2637362637365186,1.0549450549449375,357.0,870.0,253.0
2024-11-06 21:56:14.317,86.06593406593402,-34.54945054945051,-0.2637362637365186,1.0549450549449375,357.0,870.0,253.0
2024-11-06 21:56:14.829,85.09890109890102,-34.1098901098901,-0.2637362637365186,1.1428571428571104,357.0,870.0,253.0
2024-11-06 21:56:15.324,84.13186813186826,-33.75824175824164,-0.2637362637365186,1.0549450549449375,356.0,869.0,254.0
2024-11-06 21:56:15.837,83.0769230769231,-33.31868131868123,-0.2637362637365186,1.0549450549449375,356.0,869.0,255.0
2024-11-06 21:56:16.333,82.1098901098901,-32.967032967032765,-0.2637362637365186,1.0549450549449375,356.0,868.0,255.0
2024-11-06 21:56:16.845,81.05494505494516,-32.61538461538453,-0.2637362637365186,1.0549450549449375,356.0,868.0,256.0
2024-11-06 21:56:17.358,80.0,-32.087912087911945,-0.2637362637365186,1.0549450549449375,355.0,868.0,256.0
2024-11-06 21:56:17.869,79.12087912087918,-31.73626373626371,-0.2637362637365186,1.0549450549449375,356.0,867.0,256.0
2024-11-06 21:56:18.365,78.06593406593402,-31.2967032967033,-0.2637362637365186,1.0549450549449375,355.0,867.0,257.0
2024-11-06 21:56:18.877,77.09890109890102,-30.945054945054835,-0.2637362637365186,1.0549450549449375,355.0,867.0,257.0
2024-11-06 21:56:19.389,76.04395604395609,-30.505494505494426,-0.2637362637365186,1.0549450549449375,354.0,867.0,258.0
2024-11-06 21:56:19.885,75.0769230769231,-30.15384615384596,-0.2637362637365186,1.0549450549449375,354.0,867.0,259.0
2024-11-06 21:56:20.397,74.1098901098901,-29.714285714285552,-0.2637362637365186,1.0549450549449375,354.0,867.0,259.0
2024-11-06 21:56:20.909,73.05494505494516,-29.362637362637315,-0.2637362637365186,1.0549450549449375,354.0,866.0,259.0
2024-11-06 21:56:21.405,72.08791208791217,-28.923076923076906,-0.2637362637365186,1.0549450549449375,354.0,866.0,260.0
2024-11-06 21:56:21.918,71.03296703296701,-28.57142857142844,-0.2637362637365186,1.0549450549449375,353.0,866.0,261.0
2024-11-06 21:56:22.430,70.06593406593402,-28.219780219780205,-0.2637362637365186,1.0549450549449375,354.0,866.0,261.0
2024-11-06 21:56:22.926,69.01098901098908,-27.692307692307622,-0.2637362637365186,1.1428571428571104,353.0,865.0,262.0
2024-11-06 21:56:23.438,68.04395604395609,-27.34065934065916,-0.2637362637365186,1.0549450549449375,353.0,865.0,262.0
2024-11-06 21:56:23.950,67.16483516483527,-26.90109890109875,-0.2637362637365186,1.0549450549449375,353.0,865.0,263.0
2024-11-06 21:56:24.462,66.1098901098901,-26.549450549450512,-0.2637362637365186,1.0549450549449375,352.0,865.0,263.0
2024-11-06 21:56:24.958,65.05494505494516,-26.109890109890102,-0.2637362637365186,1.0549450549449375,352.0,865.0,264.0
2024-11-06 21:56:25.470,64.08791208791217,-25.75824175824164,-0.2637362637365186,1.0549450549449375,352.0,865.0,265.0
2024-11-06 21:56:25.967,63.12087912087918,-25.31868131868123,-0.2637362637365186,1.0549450549449375,352.0,864.0,265.0
2024-11-06 21:56:26.478,62.15384615384619,-24.967032967032765,-0.2637362637365186,1.0549450549449375,352.0,863.0,266.0
2024-11-06 21:56:26.991,61.098901098901024,-24.527472527472355,-0.2637362637365186,1.0549450549449375,352.0,863.0,266.0
2024-11-06 21:56:27.503,60.13186813186826,-24.087912087911945,-0.2637362637365186,1.0549450549449375,352.0,862.0,267.0
2024-11-06 21:56:27.998,59.16483516483527,-23.73626373626371,-0.2637362637365186,1.0549450549449375,352.0,862.0,268.0
2024-11-06 21:56:28.510,58.1098901098901,-23.2967032967033,-0.2637362637365186,1.1428571428571104,351.0,862.0,269.0
2024-11-06 21:56:29.023,57.14285714285711,-22.945054945054835,-0.2637362637365186,1.0549450549449375,351.0,861.0,269.0
2024-11-06 21:56:29.519,56.08791208791217,-22.505494505494426,-0.2637362637365186,1.0549450549449375,351.0,860.0,270.0
2024-11-06 21:56:30.031,55.12087912087918,-22.15384615384596,-0.2637362637365186,1.0549450549449375,351.0,860.0,270.0
2024-11-06 21:56:30.543,54.15384615384619,-21.714285714285552,-0.2637362637365186,1.0549450549449375,350.0,860.0,271.0
2024-11-06 21:56:31.039,53.098901098901024,-21.362637362637315,-0.2637362637365186,1.1428571428571104,351.0,859.0,272.0
2024-11-06 21:56:31.551,52.13186813186826,-20.923076923076906,-0.2637362637365186,1.0549450549449375,351.0,859.0,272.0
2024-11-06 21:56:32.063,51.16483516483527,-20.57142857142844,-0.2637362637365186,1.0549450549449375,350.0,859.0,272.0
2024-11-06 21:56:32.575,50.1098901098901,-20.131868131868032,-0.2637362637365186,1.0549450549449375,350.0,858.0,273.0
2024-11-06 21:56:33.072,49.23076923076928,-19.692307692307622,-0.2637362637365186,1.0549450549449375,350.0,857.0,274.0
2024-11-06 21:56:33.584,48.08791208791217,-19.34065934065916,-0.2637362637365186,1.0549450549449375,350.0,857.0,275.0
2024-11-06 21:56:34.095,47.12087912087918,-18.90109890109875,-0.2637362637365186,1.0549450549449375,350.0,857.0,275.0
2024-11-06 21:56:34.592,46.065934065934016,-18.549450549450512,-0.2637362637365186,1.0549450549449375,349.0,857.0,276.0
2024-11-06 21:56:35.104,45.1868131868132,-18.109890109890102,-0.2637362637365186,1.0549450549449375,349.0,856.0,276.0
2024-11-06 21:56:35.600,44.13186813186826,-17.75824175824164,-0.2637362637365186,1.0549450549449375,349.0,856.0,277.0
2024-11-06 21:56:36.112,43.16483516483527,-17.31868131868123,-0.2637362637365186,1.0549450549449375,349.0,856.0,277.0
2024-11-06 21:56:36.624,42.02197802197816,-16.967032967032765,-0.2637362637365186,1.0549450549449375,349.0,856.0,278.0
2024-11-06 21:56:37.136,41.23076923076928,-16.527472527472355,-0.2637362637365186,1.0549450549449375,349.0,855.0,279.0
2024-11-06 21:56:37.632,40.17582417582412,-16.087912087911945,-0.2637362637365186,1.0549450549449375,349.0,855.0,280.0
2024-11-06 21:56:38.144,39.12087912087918,-15.736263736263709,-0.2637362637365186,1.0549450549449375,348.0,854.0,280.0
2024-11-06 21:56:38.657,38.15384615384619,-15.2967032967033,-0.2637362637365186,1.0549450549449375,348.0,854.0,281.0
2024-11-06 21:56:39.153,37.098901098901024,-14.945054945054835,-0.2637362637365186,1.0549450549449375,348.0,854.0,281.0
2024-11-06 21:56:39.665,36.13186813186826,-14.505494505494426,-0.2637362637365186,0.9670329670327646,348.0,853.0,281.0
2024-11-06 21:56:40.178,35.16483516483527,-14.153846153845961,-0.2637362637365186,0.9670329670327646,348.0,853.0,282.0
2024-11-06 21:56:40.672,34.197802197802275,-13.714285714285552,-0.2637362637365186,0.9670329670327646,348.0,853.0,283.0
2024-11-06 21:56:41.185,33.23076923076928,-13.362637362637315,-0.2637362637365186,0.9670329670327646,347.0,852.0,284.0
2024-11-06 21:56:41.696,32.26373626373629,-12.923076923076906,-0.2637362637365186,0.9670329670327646,348.0,852.0,284.0
2024-11-06 21:56:42.193,31.208791208791354,-12.571428571428442,-0.2637362637365186,0.9670329670327646,347.0,852.0,285.0
2024-11-06 21:56:42.705,30.24175824175836,-12.131868131868032,-0.2637362637365186,0.9670329670327646,347.0,851.0,285.0
2024-11-06 21:56:43.218,29.098901098901024,-11.692307692307622,-0.2637362637365186,0.9670329670327646,347.0,851.0,285.0
2024-11-06 21:56:43.713,28.13186813186826,-11.340659340659158,-0.2637362637365186,0.9670329670327646,347.0,851.0,286.0
2024-11-06 21:56:44.225,27.252747252747213,-10.901098901098749,-0.2637362637365186,0.9670329670327646,346.0,851.0,287.0
2024-11-06 21:56:44.738,26.197802197802275,-10.549450549450512,-0.2637362637365186,0.9670329670327646,346.0,850.0,288.0
2024-11-06 21:56:45.249,25.230769230769283,-10.109890109890102,-0.2637362637365186,0.9670329670327646,346.0,850.0,288.0
2024-11-06 21:56:45.746,24.087912087912173,-9.758241758241638,-0.2637362637365186,0.9670329670327646,346.0,850.0,288.0
2024-11-06 21:56:46.258,23.208791208791354,-9.318681318681229,-0.2637362637365186,0.8791208791208192,346.0,849.0,289.0
2024-11-06 21:56:46.770,22.24175824175836,-9.054945054944938,-0.2637362637365186,0.9670329670327646,345.0,849.0,289.0
2024-11-06 21:56:47.266,21.098901098901024,-8.527472527472355,-0.2637362637365186,0.9670329670327646,345.0,849.0,290.0
2024-11-06 21:56:47.778,20.219780219780205,-8.087912087911945,-0.2637362637365186,0.9670329670327646,345.0,849.0,291.0
2024-11-06 21:56:48.290,19.164835164835267,-7.736263736263709,-0.2637362637365186,0.9670329670327646,345.0,849.0,291.0
2024-11-06 21:56:48.786,18.109890109890102,-7.296703296703299,-0.2637362637365186,0.9670329670327646,344.0,848.0,291.0
2024-11-06 21:56:49.299,17.230769230769283,-6.945054945054835,-0.2637362637365186,0.9670329670327646,344.0,848.0,292.0
2024-11-06 21:56:49.810,16.26373626373629,-6.5054945054944255,-0.2637362637365186,0.8791208791208192,344.0,848.0,292.0
2024-11-06 21:56:50.306,15.208791208791354,-6.1538461538459615,-0.2637362637365186,0.8791208791208192,344.0,848.0,293.0
2024-11-06 21:56:50.818,14.153846153846189,-5.714285714285552,-0.2637362637365186,0.8791208791208192,344.0,848.0,293.0
2024-11-06 21:56:51.331,13.27472527472537,-5.362637362637315,-0.2637362637365186,0.8791208791208192,344.0,848.0,294.0
2024-11-06 21:56:51.842,12.13186813186826,-4.923076923076906,-0.2637362637365186,0.8791208791208192,343.0,848.0,294.0
2024-11-06 21:56:52.338,11.252747252747213,-4.5714285714284415,-0.2637362637365186,0.8791208791208192,343.0,847.0,294.0
2024-11-06 21:56:52.851,10.109890109890102,-4.131868131868032,-0.2637362637365186,0.8791208791208192,343.0,847.0,295.0
2024-11-06 21:56:53.347,9.14285714285711,-3.6923076923076223,-0.2637362637365186,0.8791208791208192,342.0,847.0,295.0
2024-11-06 21:56:53.859,8.175824175824118,-3.3406593406591583,-0.2637362637365186,0.8791208791208192,343.0,847.0,296.0
2024-11-06 21:56:54.371,7.208791208791354,-2.9010989010987487,-0.2637362637365186,0.8791208791208192,342.0,847.0,296.0
2024-11-06 21:56:54.883,6.153846153846189,-2.549450549450512,-0.2637362637365186,0.8791208791208192,342.0,848.0,297.0
2024-11-06 21:56:55.380,5.186813186813197,-2.1098901098901024,-0.2637362637365186,0.8791208791208192,342.0,847.0,296.0
2024-11-06 21:56:55.891,4.219780219780205,-1.7582417582416383,-0.2637362637365186,0.8791208791208192,342.0,847.0,297.0
2024-11-06 21:56:56.403,3.2527472527472128,-1.3186813186812287,-0.2637362637365186,0.8791208791208192,342.0,847.0,297.0
2024-11-06 21:56:56.900,2.1098901098901024,-0.9670329670327646,-0.2637362637365186,0.7912087912086463,342.0,847.0,297.0
2024-11-06 21:56:57.412,1.1428571428571104,-0.5274725274723551,-0.2637362637365186,0.8791208791208192,341.0,847.0,298.0
2024-11-06 21:56:57.924,0.08791208791217286,-0.08791208791194549,-0.2637362637365186,0.8791208791208192,341.0,847.0,298.0
2024-11-06 21:56:58.420,-0.3516483516482367,0.8791208791210465,-0.2637362637365186,0.8791208791208192,341.0,847.0,299.0
2024-11-06 21:56:58.932,-0.7912087912086463,1.6703296703296928,-0.2637362637365186,0.8791208791208192,341.0,847.0,299.0
2024-11-06 21:56:59.444,-1.1428571428571104,2.901098901098976,-0.2637362637365186,0.8791208791208192,340.0,847.0,299.0
2024-11-06 21:56:59.940,-1.58241758241752,3.780219780219795,-0.2637362637365186,0.8791208791208192,340.0,847.0,299.0
2024-11-06 21:57:00.452,-1.934065934065984,4.835164835164733,-0.2637362637365186,0.8791208791208192,339.0,848.0,300.0
2024-11-06 21:57:00.964,-2.3736263736263936,5.802197802197725,-0.2637362637365186,0.7912087912086463,339.0,848.0,300.0
2024-11-06 21:57:01.460,-2.7252747252746303,6.85714285714289,-0.2637362637365186,0.8791208791208192,339.0,847.0,301.0
2024-11-06 21:57:01.972,-3.16483516483504,7.824175824175882,-0.2637362637365186,0.8791208791208192,339.0,847.0,301.0
2024-11-06 21:57:02.484,-3.516483516483504,8.879120879121047,-0.2637362637365186,0.8791208791208192,338.0,848.0,302.0
2024-11-06 21:57:02.980,-3.9560439560439136,9.846153846154039,-0.2637362637365186,0.8791208791208192,338.0,848.0,302.0
2024-11-06 21:57:03.493,-4.395604395604323,10.81318681318703,-0.2637362637365186,0.7912087912086463,338.0,848.0,303.0
2024-11-06 21:57:04.005,-4.747252747252787,11.86813186813174,-0.2637362637365186,0.8791208791208192,337.0,848.0,303.0
2024-11-06 21:57:04.517,-5.186813186813197,12.747252747253015,-0.2637362637365186,0.7912087912086463,337.0,848.0,303.0
2024-11-06 21:57:05.013,-5.626373626373606,13.802197802197725,-0.2637362637365186,0.8791208791208192,336.0,848.0,304.0
2024-11-06 21:57:05.525,-5.978021978021843,14.85714285714289,-0.2637362637365186,0.8791208791208192,336.0,849.0,304.0
2024-11-06 21:57:06.037,-6.329670329670307,15.912087912088055,-0.2637362637365186,0.8791208791208192,336.0,849.0,304.0
2024-11-06 21:57:06.533,-6.769230769230717,16.791208791208874,-0.2637362637365186,0.8791208791208192,335.0,849.0,305.0
2024-11-06 21:57:07.045,-7.120879120879181,17.84615384615404,-0.2637362637365186,0.8791208791208192,335.0,849.0,305.0
2024-11-06 21:57:07.557,-7.56043956043959,18.81318681318703,-0.2637362637365186,0.7912087912086463,334.0,849.0,305.0
2024-11-06 21:57:08.054,-7.912087912087827,19.86813186813174,-0.2637362637365186,0.8791208791208192,334.0,850.0,305.0
2024-11-06 21:57:08.566,-8.351648351648237,20.747252747253015,-0.2637362637365186,0.7912087912086463,334.0,850.0,306.0
2024-11-06 21:57:09.078,-8.791208791208646,21.802197802197725,-0.2637362637365186,0.7912087912086463,334.0,850.0,306.0
2024-11-06 21:57:09.589,-9.14285714285711,22.769230769230717,-0.2637362637365186,0.8791208791208192,333.0,851.0,306.0
2024-11-06 21:57:10.086,-9.58241758241752,23.82417582417588,-0.2637362637365186,0.7912087912086463,333.0,850.0,306.0
2024-11-06 21:57:10.598,-9.934065934065984,24.791208791208874,-0.2637362637365186,0.7912087912086463,332.0,850.0,307.0
2024-11-06 21:57:11.110,-10.373626373626394,25.84615384615404,-0.2637362637365186,0.7912087912086463,332.0,851.0,307.0
2024-11-06 21:57:11.605,-10.72527472527463,26.901098901099203,-0.2637362637365186,0.8791208791208192,332.0,851.0,307.0
2024-11-06 21:57:12.118,-11.16483516483504,27.780219780220023,-0.2637362637365186,0.8791208791208192,332.0,851.0,308.0
2024-11-06 21:57:12.630,-11.516483516483504,28.835164835164733,-0.2637362637365186,0.8791208791208192,331.0,852.0,307.0
2024-11-06 21:57:13.126,-11.956043956043914,29.802197802197725,-0.2637362637365186,0.7912087912086463,331.0,852.0,308.0
2024-11-06 21:57:13.639,-12.395604395604323,30.769230769230717,-0.2637362637365186,0.8791208791208192,330.0,852.0,308.0
2024-11-06 21:57:14.150,-12.747252747252787,31.82417582417588,-0.2637362637365186,0.8791208791208192,330.0,852.0,309.0
2024-11-06 21:57:14.646,-13.186813186813197,32.791208791208874,-0.2637362637365186,0.8791208791208192,330.0,852.0,309.0
2024-11-06 21:57:15.159,-13.626373626373606,33.758241758241866,-0.2637362637365186,0.8791208791208192,329.0,853.0,309.0
2024-11-06 21:57:15.671,-13.978021978021843,34.81318681318703,-0.2637362637365186,0.8791208791208192,329.0,853.0,309.0
2024-11-06 21:57:16.167,-14.329670329670307,35.78021978022002,-0.2637362637365186,0.8791208791208192,329.0,853.0,309.0
2024-11-06 21:57:16.679,-14.769230769230717,36.747252747253015,-0.2637362637365186,0.8791208791208192,328.0,854.0,309.0
2024-11-06 21:57:17.191,-15.12087912087918,37.802197802197725,-0.2637362637365186,0.8791208791208192,328.0,854.0,309.0
2024-11-06 21:57:17.703,-15.56043956043959,38.76923076923072,-0.2637362637365186,0.8791208791208192,327.0,854.0,309.0
2024-11-06 21:57:18.199,-15.912087912087827,39.82417582417588,-0.2637362637365186,0.7912087912086463,327.0,855.0,310.0
2024-11-06 21:57:18.711,-16.351648351648237,40.791208791208874,-0.2637362637365186,0.8791208791208192,327.0,855.0,310.0
2024-11-06 21:57:19.223,-16.791208791208646,41.758241758241866,-0.2637362637365186,0.7912087912086463,326.0,855.0,310.0
2024-11-06 21:57:19.720,-17.14285714285711,42.9010989010992,-0.2637362637365186,0.7912087912086463,326.0,856.0,310.0
2024-11-06 21:57:20.231,-17.58241758241752,43.78021978022002,-0.2637362637365186,0.8791208791208192,325.0,856.0,311.0
2024-11-06 21:57:20.728,-17.934065934065984,44.747252747253015,-0.2637362637365186,0.8791208791208192,325.0,856.0,311.0
2024-11-06 21:57:21.240,-18.373626373626394,45.802197802197725,-0.2637362637365186,0.8791208791208192,324.0,857.0,311.0
2024-11-06 21:57:21.752,-18.72527472527463,46.76923076923072,-0.2637362637365186,0.8791208791208192,324.0,857.0,311.0
2024-11-06 21:57:22.264,-19.16483516483504,47.82417582417588,-0.2637362637365186,0.8791208791208192,324.0,858.0,311.0
2024-11-06 21:57:22.760,-19.516483516483504,48.791208791208874,-0.2637362637365186,0.8791208791208192,323.0,858.0,311.0
2024-11-06 21:57:23.272,-19.956043956043914,49.758241758241866,-0.2637362637365186,0.8791208791208192,323.0,859.0,311.0
2024-11-06 21:57:23.784,-20.395604395604323,50.81318681318703,-0.2637362637365186,0.8791208791208192,322.0,859.0,311.0
2024-11-06 21:57:24.280,-20.747252747252787,51.78021978022002,-0.2637362637365186,0.8791208791208192,322.0,860.0,312.0
2024-11-06 21:57:24.792,-21.186813186813197,52.747252747253015,-0.2637362637365186,0.8791208791208192,322.0,860.0,312.0
2024-11-06 21:57:25.304,-21.538461538461434,53.71428571428601,-0.2637362637365186,0.8791208791208192,322.0,860.0,312.0
2024-11-06 21:57:25.800,-21.978021978021843,54.76923076923072,-0.2637362637365186,0.8791208791208192,321.0,861.0,312.0
2024-11-06 21:57:26.313,-22.329670329670307,55.82417582417588,-0.2637362637365186,0.8791208791208192,320.0,861.0,312.0
2024-11-06 21:57:26.825,-22.769230769230717,56.791208791208874,-0.2637362637365186,0.8791208791208192,320.0,861.0,312.0
2024-11-06 21:57:27.353,-23.12087912087918,57.67032967032969,-0.2637362637365186,0.7912087912086463,320.0,861.0,312.0
2024-11-06 21:57:27.832,-23.56043956043959,58.72527472527486,-0.2637362637365186,0.8791208791208192,320.0,862.0,312.0
2024-11-06 21:57:28.345,-23.912087912087827,59.78021978022002,-0.2637362637365186,0.7912087912086463,319.0,863.0,312.0
2024-11-06 21:57:28.841,-24.351648351648237,60.747252747253015,-0.2637362637365186,0.8791208791208192,319.0,863.0,312.0
2024-11-06 21:57:29.353,-24.791208791208646,61.71428571428601,-0.2637362637365186,0.7912087912086463,319.0,863.0,312.0
2024-11-06 21:57:29.865,-25.14285714285711,62.76923076923072,-0.2637362637365186,0.8791208791208192,319.0,864.0,312.0
2024-11-06 21:57:30.377,-25.58241758241752,63.73626373626371,-0.2637362637365186,0.8791208791208192,318.0,864.0,312.0
2024-11-06 21:57:30.874,-25.934065934065984,64.7032967032967,-0.2637362637365186,0.8791208791208192,318.0,864.0,313.0
2024-11-06 21:57:31.385,-26.373626373626394,65.67032967032969,-0.2637362637365186,0.8791208791208192,317.0,865.0,313.0
2024-11-06 21:57:31.897,-26.72527472527463,66.81318681318703,-0.2637362637365186,0.8791208791208192,317.0,865.0,313.0
2024-11-06 21:57:32.393,-27.16483516483504,67.78021978022002,-0.2637362637365186,0.7912087912086463,317.0,866.0,313.0
2024-11-06 21:57:32.905,-27.516483516483504,68.65934065934084,-0.2637362637365186,0.8791208791208192,316.0,866.0,313.0
2024-11-06 21:57:33.418,-27.956043956043914,69.714285714286,-0.2637362637365186,0.8791208791208192,316.0,866.0,313.0
2024-11-06 21:57:33.914,-28.395604395604323,70.76923076923072,-0.17582417582434573,0.8791208791208192,316.0,867.0,314.0
2024-11-06 21:57:34.426,-28.747252747252787,71.73626373626371,-0.2637362637365186,0.8791208791208192,315.0,867.0,314.0
2024-11-06 21:57:34.938,-29.186813186813197,72.7032967032967,-0.2637362637365186,0.8791208791208192,315.0,867.0,314.0
2024-11-06 21:57:35.450,-29.538461538461434,73.67032967032969,-0.2637362637365186,0.8791208791208192,314.0,868.0,314.0
2024-11-06 21:57:35.946,-29.978021978021843,74.81318681318703,-0.2637362637365186,0.8791208791208192,314.0,869.0,314.0
2024-11-06 21:57:36.458,-30.329670329670307,75.69230769230785,-0.2637362637365186,0.8791208791208192,314.0,869.0,314.0
2024-11-06 21:57:36.955,-30.769230769230717,76.65934065934084,-0.2637362637365186,0.8791208791208192,314.0,869.0,314.0
2024-11-06 21:57:37.467,-31.12087912087918,77.714285714286,-0.2637362637365186,0.8791208791208192,313.0,870.0,314.0
2024-11-06 21:57:37.979,-31.56043956043959,78.681318681319,-0.2637362637365186,0.8791208791208192,313.0,870.0,314.0
2024-11-06 21:57:38.491,-31.912087912087827,79.73626373626371,-0.2637362637365186,0.8791208791208192,313.0,870.0,314.0
2024-11-06 21:57:38.987,-32.35164835164824,80.7032967032967,-0.2637362637365186,0.7912087912086463,312.0,871.0,315.0
2024-11-06 21:57:39.499,-32.791208791208646,81.67032967032969,-0.2637362637365186,0.7912087912086463,313.0,871.0,315.0
2024-11-06 21:57:40.011,-33.14285714285711,82.72527472527486,-0.2637362637365186,0.8791208791208192,312.0,871.0,315.0
2024-11-06 21:57:40.507,-33.58241758241752,83.69230769230785,-0.2637362637365186,0.8791208791208192,311.0,871.0,316.0
2024-11-06 21:57:41.019,-33.934065934065984,84.65934065934084,-0.2637362637365186,0.8791208791208192,311.0,871.0,316.0
2024-11-06 21:57:41.532,-34.373626373626394,85.714285714286,-0.2637362637365186,0.7912087912086463,311.0,872.0,316.0
2024-11-06 21:57:42.027,-34.72527472527463,86.681318681319,-0.2637362637365186,0.8791208791208192,311.0,872.0,315.0
2024-11-06 21:57:42.540,-35.16483516483504,87.73626373626371,-0.2637362637365186,0.8791208791208192,310.0,873.0,315.0
2024-11-06 21:57:43.051,-35.516483516483504,88.61538461538453,-0.2637362637365186,0.7912087912086463,310.0,873.0,315.0
2024-11-06 21:57:43.547,-35.956043956043914,89.67032967032969,-0.2637362637365186,0.8791208791208192,309.0,873.0,315.0
2024-11-06 21:57:44.059,-36.39560439560432,90.63736263736268,-0.2637362637365186,0.7912087912086463,309.0,874.0,315.0
2024-11-06 21:57:44.571,-36.74725274725279,91.69230769230785,-0.2637362637365186,0.8791208791208192,309.0,874.0,315.0
2024-11-06 21:57:45.084,-37.1868131868132,92.65934065934084,-0.2637362637365186,0.8791208791208192,309.0,874.0,315.0
2024-11-06 21:57:45.580,-37.53846153846143,93.714285714286,-0.2637362637365186,0.8791208791208192,308.0,874.0,315.0
2024-11-06 21:57:46.092,-37.97802197802184,94.681318681319,-0.2637362637365186,0.8791208791208192,308.0,874.0,316.0
2024-11-06 21:57:46.588,-38.32967032967031,95.73626373626371,-0.2637362637365186,0.8791208791208192,308.0,875.0,316.0
2024-11-06 21:57:47.100,-38.76923076923072,96.61538461538453,-0.2637362637365186,0.8791208791208192,308.0,875.0,316.0
2024-11-06 21:57:47.612,-39.12087912087918,97.67032967032969,-0.2637362637365186,0.8791208791208192,308.0,875.0,316.0
2024-11-06 21:57:48.124,-39.56043956043959,98.63736263736268,-0.2637362637365186,0.8791208791208192,307.0,875.0,316.0
2024-11-06 21:57:48.621,-39.91208791208783,99.69230769230785,-0.2637362637365186,0.7912087912086463,307.0,875.0,316.0
2024-11-06 21:57:49.133,-40.35164835164824,100.65934065934084,-0.2637362637365186,0.8791208791208192,307.0,875.0,317.0
2024-11-06 21:57:49.644,-40.791208791208646,101.62637362637383,-0.2637362637365186,0.8791208791208192,307.0,876.0,317.0
2024-11-06 21:57:50.140,-41.14285714285711,102.681318681319,-0.2637362637365186,0.8791208791208192,307.0,876.0,317.0
2024-11-06 21:57:50.653,-41.58241758241752,103.64835164835154,-0.2637362637365186,0.8791208791208192,306.0,876.0,317.0
2024-11-06 21:57:51.165,-41.934065934065984,104.7032967032967,-0.2637362637365186,0.8791208791208192,306.0,877.0,316.0
2024-11-06 21:57:51.661,-42.373626373626394,105.58241758241752,-0.2637362637365186,0.8791208791208192,306.0,877.0,316.0
2024-11-06 21:57:52.173,-42.72527472527463,106.54945054945051,-0.2637362637365186,0.7912087912086463,306.0,877.0,316.0
2024-11-06 21:57:52.685,-43.16483516483504,107.60439560439568,-0.2637362637365186,0.8791208791208192,306.0,877.0,317.0
2024-11-06 21:57:53.181,-43.516483516483504,108.65934065934084,-0.2637362637365186,0.8791208791208192,305.0,878.0,316.0
2024-11-06 21:57:53.693,-43.956043956043914,109.62637362637383,-0.2637362637365186,0.8791208791208192,305.0,878.0,317.0
2024-11-06 21:57:54.206,-44.39560439560432,110.681318681319,-0.2637362637365186,0.7912087912086463,305.0,879.0,316.0
2024-11-06 21:57:54.701,-44.74725274725279,111.64835164835154,-0.2637362637365186,0.8791208791208192,305.0,878.0,317.0
2024-11-06 21:57:55.214,-45.1868131868132,112.61538461538453,-0.2637362637365186,0.8791208791208192,305.0,879.0,317.0
2024-11-06 21:57:55.725,-45.53846153846143,113.58241758241752,-0.2637362637365186,0.8791208791208192,305.0,879.0,317.0
2024-11-06 21:57:56.222,-45.97802197802184,114.54945054945051,-0.2637362637365186,0.7912087912086463,305.0,879.0,317.0
2024-11-06 21:57:56.733,-46.32967032967031,115.69230769230785,-0.2637362637365186,0.7912087912086463,304.0,879.0,317.0
2024-11-06 21:57:57.246,-46.76923076923072,116.4835164835165,-0.2637362637365186,0.8791208791208192,304.0,880.0,317.0
2024-11-06 21:57:57.758,-47.12087912087918,117.62637362637383,-0.2637362637365186,0.7912087912086463,304.0,880.0,318.0
2024-11-06 21:57:58.254,-47.56043956043959,118.50549450549465,-0.2637362637365186,0.7912087912086463,305.0,880.0,318.0
2024-11-06 21:57:58.766,-47.91208791208783,119.56043956043982,-0.2637362637365186,0.8791208791208192,304.0,880.0,318.0
2024-11-06 21:57:59.278,-48.35164835164824,120.43956043956064,-0.2637362637365186,0.8791208791208192,304.0,880.0,318.0
2024-11-06 21:57:59.774,-48.791208791208646,121.4945054945058,-0.2637362637365186,0.8791208791208192,305.0,880.0,318.0
2024-11-06 21:58:00.286,-49.14285714285711,122.54945054945051,-0.2637362637365186,0.7912087912086463,304.0,881.0,318.0
2024-11-06 21:58:00.799,-49.58241758241752,123.5164835164835,-0.2637362637365186,0.8791208791208192,304.0,881.0,318.0
2024-11-06 21:58:01.294,-49.934065934065984,124.4835164835165,-0.2637362637365186,0.7912087912086463,304.0,881.0,318.0
2024-11-06 21:58:01.806,-50.373626373626394,125.53846153846166,-0.2637362637365186,0.8791208791208192,304.0,881.0,319.0
2024-11-06 21:58:02.318,-50.72527472527463,126.50549450549465,-0.2637362637365186,0.7912087912086463,304.0,881.0,319.0
2024-11-06 21:58:02.831,-51.16483516483504,127.56043956043982,-0.2637362637365186,0.8791208791208192,304.0,881.0,318.0
2024-11-06 21:58:03.327,-51.516483516483504,128.61538461538453,-0.2637362637365186,0.8791208791208192,304.0,881.0,319.0
2024-11-06 21:58:03.839,-51.956043956043914,129.6703296703297,-0.2637362637365186,0.7912087912086463,304.0,882.0,319.0
2024-11-06 21:58:04.351,-52.39560439560432,130.63736263736268,-0.2637362637365186,0.8791208791208192,303.0,882.0,319.0
2024-11-06 21:58:04.847,-52.74725274725279,131.5164835164835,-0.2637362637365186,0.8791208791208192,304.0,882.0,319.0
2024-11-06 21:58:05.359,-53.1868131868132,132.57142857142867,-0.2637362637365186,0.8791208791208192,304.0,882.0,319.0
2024-11-06 21:58:05.871,-53.53846153846143,133.53846153846166,-0.2637362637365186,0.8791208791208192,304.0,882.0,319.0
2024-11-06 21:58:06.367,-53.97802197802184,134.50549450549465,-0.2637362637365186,0.7912087912086463,304.0,882.0,319.0
2024-11-06 21:58:06.879,-54.32967032967031,135.56043956043982,-0.2637362637365186,0.8791208791208192,304.0,883.0,319.0
2024-11-06 21:58:07.391,-54.76923076923072,136.5274725274728,-0.2637362637365186,0.8791208791208192,304.0,882.0,319.0
2024-11-06 21:58:07.887,-55.12087912087918,137.58241758241752,-0.2637362637365186,0.8791208791208192,304.0,883.0,319.0
2024-11-06 21:58:08.400,-55.56043956043959,138.5494505494505,-0.2637362637365186,0.8791208791208192,304.0,883.0,319.0
2024-11-06 21:58:08.911,-55.91208791208783,139.5164835164835,-0.2637362637365186,0.8791208791208192,303.0,884.0,319.0
2024-11-06 21:58:09.408,-56.35164835164824,140.39560439560432,-0.2637362637365186,0.8791208791208192,304.0,883.0,319.0
2024-11-06 21:58:09.920,-56.791208791208646,141.53846153846166,-0.2637362637365186,0.7912087912086463,303.0,883.0,319.0
2024-11-06 21:58:10.432,-57.14285714285711,142.41758241758248,-0.2637362637365186,0.7912087912086463,304.0,883.0,320.0
2024-11-06 21:58:10.944,-57.58241758241752,143.47252747252764,-0.2637362637365186,0.7912087912086463,304.0,883.0,320.0
2024-11-06 21:58:11.440,-57.934065934065984,144.5274725274728,-0.2637362637365186,0.8791208791208192,304.0,883.0,320.0
2024-11-06 21:58:11.952,-58.28571428571422,145.4945054945058,-0.2637362637365186,0.8791208791208192,304.0,883.0,320.0
2024-11-06 21:58:12.465,-58.72527472527463,146.5494505494505,-0.2637362637365186,0.7912087912086463,304.0,884.0,320.0
2024-11-06 21:58:12.960,-59.16483516483504,147.5164835164835,-0.2637362637365186,0.7912087912086463,304.0,883.0,320.0
2024-11-06 21:58:13.472,-59.516483516483504,148.4835164835165,-0.2637362637365186,0.8791208791208192,304.0,884.0,320.0
2024-11-06 21:58:13.985,-59.956043956043914,149.53846153846166,-0.2637362637365186,0.7912087912086463,304.0,883.0,320.0
2024-11-06 21:58:14.481,-59.69230769230762,148.83516483516473,-0.2637362637365186,0.8791208791208192,305.0,882.0,321.0
2024-11-06 21:58:14.993,-59.340659340659386,147.9560439560439,-0.2637362637365186,0.7912087912086463,305.0,881.0,321.0
2024-11-06 21:58:15.505,-58.901098901098976,146.9010989010992,-0.2637362637365186,0.8791208791208192,305.0,880.0,322.0
2024-11-06 21:58:16.001,-58.54945054945051,145.75824175824187,-0.2637362637365186,0.8791208791208192,305.0,880.0,322.0
2024-11-06 21:58:16.513,-58.1098901098901,144.96703296703322,-0.2637362637365186,0.8791208791208192,305.0,880.0,322.0
2024-11-06 21:58:17.025,-57.75824175824164,143.91208791208805,-0.2637362637365186,0.7912087912086463,304.0,880.0,322.0
2024-11-06 21:58:17.521,-57.31868131868123,142.94505494505506,-0.2637362637365186,0.7912087912086463,305.0,879.0,322.0
2024-11-06 21:58:18.033,-56.96703296703299,141.8901098901099,-0.2637362637365186,0.8791208791208192,305.0,879.0,322.0
2024-11-06 21:58:18.545,-56.52747252747258,140.83516483516473,-0.2637362637365186,0.8791208791208192,304.0,879.0,322.0
2024-11-06 21:58:19.041,-56.087912087911945,139.9560439560439,-0.2637362637365186,0.8791208791208192,304.0,879.0,322.0
2024-11-06 21:58:19.553,-55.73626373626371,138.98901098901092,-0.2637362637365186,0.7912087912086463,304.0,879.0,322.0
2024-11-06 21:58:20.065,-55.2967032967033,137.9340659340662,-0.2637362637365186,0.7912087912086463,304.0,879.0,322.0
2024-11-06 21:58:20.561,-54.945054945054835,136.96703296703322,-0.2637362637365186,0.8791208791208192,304.0,878.0,322.0
2024-11-06 21:58:21.074,-54.505494505494426,136.00000000000023,-0.2637362637365186,0.8791208791208192,305.0,878.0,322.0
2024-11-06 21:58:21.586,-54.15384615384619,134.8571428571429,-0.2637362637365186,0.7912087912086463,305.0,877.0,322.0
2024-11-06 21:58:22.082,-53.71428571428578,133.97802197802207,-0.2637362637365186,0.8791208791208192,305.0,877.0,322.0
2024-11-06 21:58:22.593,-53.362637362637315,132.9230769230769,-0.2637362637365186,0.7912087912086463,304.0,877.0,322.0
2024-11-06 21:58:23.106,-52.923076923076906,131.9560439560439,-0.2637362637365186,0.8791208791208192,305.0,876.0,323.0
2024-11-06 21:58:23.602,-52.57142857142844,130.98901098901092,-0.2637362637365186,0.8791208791208192,304.0,876.0,322.0
2024-11-06 21:58:24.114,-52.13186813186803,129.9340659340662,-0.2637362637365186,0.8791208791208192,305.0,875.0,323.0
2024-11-06 21:58:24.626,-51.69230769230762,128.96703296703322,-0.2637362637365186,0.8791208791208192,306.0,875.0,323.0
2024-11-06 21:58:25.138,-51.340659340659386,127.91208791208805,-0.2637362637365186,0.8791208791208192,305.0,874.0,323.0
2024-11-06 21:58:25.634,-50.901098901098976,126.85714285714289,-0.2637362637365186,0.8791208791208192,305.0,874.0,322.0
2024-11-06 21:58:26.146,-50.54945054945051,125.97802197802207,-0.2637362637365186,0.8791208791208192,305.0,874.0,323.0
2024-11-06 21:58:26.658,-50.1098901098901,124.9230769230769,-0.2637362637365186,0.8791208791208192,306.0,873.0,323.0
2024-11-06 21:58:27.155,-49.75824175824164,123.95604395604391,-0.2637362637365186,0.7912087912086463,306.0,873.0,323.0
2024-11-06 21:58:27.667,-49.31868131868123,122.98901098901092,-0.2637362637365186,0.8791208791208192,306.0,872.0,322.0
2024-11-06 21:58:28.179,-48.96703296703299,121.93406593406621,-0.2637362637365186,0.8791208791208192,306.0,872.0,323.0
2024-11-06 21:58:28.675,-48.52747252747258,120.96703296703322,-0.2637362637365186,0.8791208791208192,306.0,872.0,323.0
2024-11-06 21:58:29.187,-48.087912087911945,120.00000000000023,-0.2637362637365186,0.8791208791208192,306.0,871.0,323.0
2024-11-06 21:58:29.700,-47.73626373626371,118.94505494505506,-0.2637362637365186,0.8791208791208192,306.0,871.0,323.0
2024-11-06 21:58:30.211,-47.2967032967033,117.8901098901099,-0.2637362637365186,0.8791208791208192,307.0,870.0,323.0
2024-11-06 21:58:30.707,-46.945054945054835,116.9230769230769,-0.2637362637365186,0.8791208791208192,307.0,870.0,323.0
2024-11-06 21:58:31.219,-46.505494505494426,115.86813186813174,-0.2637362637365186,0.8791208791208192,307.0,870.0,322.0
2024-11-06 21:58:31.715,-46.15384615384619,114.98901098901092,-0.2637362637365186,0.8791208791208192,307.0,869.0,322.0
2024-11-06 21:58:32.228,-45.71428571428578,113.93406593406621,-0.2637362637365186,0.8791208791208192,307.0,869.0,322.0
2024-11-06 21:58:32.740,-45.362637362637315,112.96703296703322,-0.2637362637365186,0.8791208791208192,307.0,868.0,323.0
2024-11-06 21:58:33.252,-44.923076923076906,112.00000000000023,-0.2637362637365186,0.8791208791208192,308.0,868.0,323.0
2024-11-06 21:58:33.748,-44.57142857142844,110.94505494505506,-0.2637362637365186,0.8791208791208192,307.0,868.0,323.0
2024-11-06 21:58:34.260,-44.13186813186803,110.06593406593424,-0.2637362637365186,0.8791208791208192,308.0,868.0,323.0
2024-11-06 21:58:34.772,-43.69230769230762,108.9230769230769,-0.2637362637365186,0.8791208791208192,308.0,867.0,322.0
2024-11-06 21:58:35.268,-43.340659340659386,107.86813186813174,-0.2637362637365186,0.8791208791208192,308.0,866.0,322.0
2024-11-06 21:58:35.780,-42.901098901098976,106.98901098901092,-0.2637362637365186,0.8791208791208192,308.0,866.0,322.0
2024-11-06 21:58:36.292,-42.54945054945051,105.93406593406621,-0.2637362637365186,0.8791208791208192,309.0,866.0,322.0
2024-11-06 21:58:36.789,-42.1098901098901,104.96703296703322,-0.2637362637365186,0.8791208791208192,309.0,866.0,322.0
2024-11-06 21:58:37.300,-41.84615384615381,104.00000000000023,-0.2637362637365186,0.8791208791208192,309.0,866.0,322.0
2024-11-06 21:58:37.812,-41.31868131868123,102.94505494505506,-0.2637362637365186,0.8791208791208192,309.0,865.0,322.0
2024-11-06 21:58:38.325,-40.96703296703299,102.06593406593424,-0.2637362637365186,0.8791208791208192,310.0,864.0,322.0
2024-11-06 21:58:38.821,-40.52747252747258,100.9230769230769,-0.2637362637365186,0.8791208791208192,310.0,865.0,322.0
2024-11-06 21:58:39.333,-40.087912087911945,99.95604395604391,-0.2637362637365186,0.8791208791208192,310.0,864.0,322.0
2024-11-06 21:58:39.845,-39.73626373626371,98.98901098901092,-0.2637362637365186,0.8791208791208192,310.0,864.0,322.0
2024-11-06 21:58:40.341,-39.2967032967033,98.02197802197793,-0.2637362637365186,0.8791208791208192,311.0,863.0,322.0
2024-11-06 21:58:40.853,-38.945054945054835,96.96703296703322,-0.2637362637365186,0.8791208791208192,310.0,863.0,322.0
2024-11-06 21:58:41.349,-38.505494505494426,96.00000000000023,-0.2637362637365186,0.8791208791208192,311.0,863.0,322.0
2024-11-06 21:58:41.861,-38.15384615384619,95.03296703296724,-0.2637362637365186,0.8791208791208192,311.0,862.0,322.0
2024-11-06 21:58:42.374,-37.71428571428578,94.06593406593424,-0.2637362637365186,0.8791208791208192,311.0,862.0,322.0
2024-11-06 21:58:42.885,-37.362637362637315,92.9230769230769,-0.2637362637365186,0.8791208791208192,311.0,861.0,322.0
2024-11-06 21:58:43.381,-36.923076923076906,91.95604395604391,-0.2637362637365186,0.8791208791208192,311.0,861.0,322.0
2024-11-06 21:58:43.894,-36.57142857142844,90.98901098901092,-0.2637362637365186,0.8791208791208192,312.0,861.0,322.0
2024-11-06 21:58:44.405,-36.13186813186803,90.02197802197793,-0.2637362637365186,0.8791208791208192,311.0,861.0,321.0
2024-11-06 21:58:44.902,-35.69230769230762,89.05494505494494,-0.2637362637365186,0.8791208791208192,312.0,861.0,321.0
2024-11-06 21:58:45.414,-35.340659340659386,88.0879120879124,-0.2637362637365186,0.8791208791208192,312.0,860.0,321.0
2024-11-06 21:58:45.926,-34.901098901098976,86.94505494505506,-0.2637362637365186,0.8791208791208192,312.0,859.0,321.0
2024-11-06 21:58:46.422,-34.54945054945051,86.06593406593424,-0.2637362637365186,0.8791208791208192,312.0,859.0,321.0
2024-11-06 21:58:46.934,-34.1098901098901,85.01098901098908,-0.2637362637365186,0.8791208791208192,313.0,859.0,321.0
2024-11-06 21:58:47.446,-33.75824175824164,84.04395604395609,-0.2637362637365186,0.8791208791208192,313.0,859.0,321.0
2024-11-06 21:58:47.958,-33.31868131868123,82.98901098901092,-0.2637362637365186,0.8791208791208192,313.0,858.0,321.0
2024-11-06 21:58:48.454,-32.96703296703299,81.93406593406621,-0.2637362637365186,0.8791208791208192,313.0,858.0,320.0
2024-11-06 21:58:48.966,-32.52747252747258,81.05494505494494,-0.17582417582434573,0.8791208791208192,314.0,858.0,321.0
2024-11-06 21:58:49.479,-32.087912087911945,80.00000000000023,-0.2637362637365186,0.8791208791208192,314.0,857.0,320.0
2024-11-06 21:58:49.975,-31.73626373626371,79.03296703296724,-0.2637362637365186,0.8791208791208192,314.0,857.0,320.0
2024-11-06 21:58:50.487,-31.2967032967033,77.97802197802207,-0.2637362637365186,0.8791208791208192,315.0,857.0,320.0
2024-11-06 21:58:50.999,-30.945054945054835,77.01098901098908,-0.2637362637365186,0.8791208791208192,315.0,856.0,320.0
2024-11-06 21:58:51.495,-30.505494505494426,76.04395604395609,-0.2637362637365186,0.8791208791208192,315.0,856.0,320.0
2024-11-06 21:58:52.006,-30.15384615384619,74.98901098901092,-0.2637362637365186,0.8791208791208192,316.0,856.0,319.0
2024-11-06 21:58:52.519,-29.71428571428578,73.93406593406621,-0.2637362637365186,0.8791208791208192,316.0,855.0,319.0
2024-11-06 21:58:53.015,-29.362637362637315,73.05494505494494,-0.2637362637365186,0.8791208791208192,316.0,855.0,319.0
2024-11-06 21:58:53.527,-28.923076923076906,72.0879120879124,-0.2637362637365186,0.8791208791208192,317.0,854.0,319.0
2024-11-06 21:58:54.039,-28.57142857142844,71.03296703296724,-0.2637362637365186,0.8791208791208192,317.0,854.0,319.0
2024-11-06 21:58:54.535,-28.131868131868032,70.06593406593424,-0.2637362637365186,0.8791208791208192,318.0,853.0,318.0
2024-11-06 21:58:55.047,-27.692307692307622,69.01098901098908,-0.2637362637365186,0.8791208791208192,318.0,854.0,318.0
2024-11-06 21:58:55.560,-27.340659340659386,68.04395604395609,-0.2637362637365186,0.8791208791208192,318.0,853.0,318.0
2024-11-06 21:58:56.072,-26.901098901098976,67.0769230769231,-0.2637362637365186,0.8791208791208192,318.0,853.0,318.0
2024-11-06 21:58:56.567,-26.46153846153834,66.02197802197793,-0.2637362637365186,0.8791208791208192,319.0,853.0,318.0
2024-11-06 21:58:57.080,-26.02197802197793,65.05494505494494,-0.2637362637365186,0.8791208791208192,319.0,852.0,318.0
2024-11-06 21:58:57.576,-25.670329670329693,64.0879120879124,-0.2637362637365186,0.7912087912086463,319.0,852.0,317.0
2024-11-06 21:58:58.088,-25.31868131868123,63.032967032967235,-0.2637362637365186,0.8791208791208192,320.0,852.0,317.0
2024-11-06 21:58:58.600,-24.967032967032992,62.06593406593424,-0.2637362637365186,0.8791208791208192,320.0,852.0,317.0
2024-11-06 21:58:59.112,-24.527472527472582,61.01098901098908,-0.2637362637365186,0.8791208791208192,320.0,851.0,317.0
2024-11-06 21:58:59.608,-24.087912087911945,60.043956043956086,-0.2637362637365186,0.8791208791208192,321.0,852.0,316.0
2024-11-06 21:59:00.120,-23.648351648351536,59.076923076923094,-0.2637362637365186,0.8791208791208192,321.0,851.0,316.0
2024-11-06 21:59:00.632,-23.208791208791126,58.02197802197793,-0.2637362637365186,0.8791208791208192,321.0,851.0,316.0
2024-11-06 21:59:01.128,-22.85714285714289,57.05494505494494,-0.2637362637365186,0.8791208791208192,321.0,850.0,316.0
2024-11-06 21:59:01.640,-22.41758241758248,56.0879120879124,-0.2637362637365186,0.8791208791208192,322.0,850.0,316.0
2024-11-06 21:59:02.153,-22.15384615384619,55.032967032967235,-0.2637362637365186,0.8791208791208192,322.0,850.0,316.0
2024-11-06 21:59:02.649,-21.71428571428578,54.06593406593424,-0.2637362637365186,0.8791208791208192,322.0,850.0,315.0
2024-11-06 21:59:03.160,-21.274725274725142,53.01098901098908,-0.2637362637365186,0.7912087912086463,323.0,850.0,315.0
2024-11-06 21:59:03.673,-20.835164835164733,52.043956043956086,-0.2637362637365186,0.8791208791208192,323.0,850.0,315.0
2024-11-06 21:59:04.168,-20.57142857142844,51.076923076923094,-0.2637362637365186,0.8791208791208192,323.0,849.0,315.0
2024-11-06 21:59:04.681,-20.131868131868032,50.02197802197793,-0.2637362637365186,0.8791208791208192,324.0,849.0,315.0
2024-11-06 21:59:05.193,-19.604395604395677,49.05494505494494,-0.2637362637365186,0.8791208791208192,324.0,849.0,314.0
2024-11-06 21:59:05.705,-19.340659340659386,48.0879120879124,-0.2637362637365186,0.7912087912086463,324.0,849.0,314.0
2024-11-06 21:59:06.201,-18.901098901098976,47.032967032967235,-0.2637362637365186,0.8791208791208192,325.0,849.0,313.0
2024-11-06 21:59:06.713,-18.46153846153834,46.06593406593424,-0.2637362637365186,0.7912087912086463,325.0,849.0,313.0
2024-11-06 21:59:07.210,-18.109890109890102,45.01098901098908,-0.2637362637365186,0.8791208791208192,325.0,848.0,313.0
2024-11-06 21:59:07.721,-17.75824175824164,44.043956043956086,-0.2637362637365186,0.7912087912086463,326.0,848.0,313.0
2024-11-06 21:59:08.233,-17.230769230769283,43.076923076923094,-0.2637362637365186,0.7912087912086463,326.0,848.0,313.0
2024-11-06 21:59:08.746,-16.967032967032992,42.02197802197793,-0.2637362637365186,0.8791208791208192,326.0,848.0,312.0
2024-11-06 21:59:09.242,-16.43956043956041,41.05494505494494,-0.2637362637365186,0.8791208791208192,327.0,848.0,312.0
2024-11-06 21:59:09.754,-16.087912087911945,40.0879120879124,-0.2637362637365186,0.8791208791208192,327.0,848.0,311.0
2024-11-06 21:59:10.266,-15.736263736263709,39.032967032967235,-0.2637362637365186,0.7912087912086463,327.0,848.0,311.0
2024-11-06 21:59:10.762,-15.2967032967033,38.06593406593424,-0.2637362637365186,0.8791208791208192,328.0,848.0,310.0
2024-11-06 21:59:11.274,-14.945054945054835,37.01098901098908,-0.2637362637365186,0.8791208791208192,328.0,847.0,310.0
2024-11-06 21:59:11.786,-14.41758241758248,36.043956043956086,-0.2637362637365186,0.8791208791208192,329.0,848.0,310.0
2024-11-06 21:59:12.282,-14.065934065934016,35.076923076923094,-0.2637362637365186,0.8791208791208192,329.0,848.0,309.0
2024-11-06 21:59:12.794,-13.626373626373606,34.02197802197793,-0.2637362637365186,0.8791208791208192,329.0,847.0,309.0
2024-11-06 21:59:13.307,-13.362637362637315,33.05494505494494,-0.2637362637365186,0.8791208791208192,329.0,847.0,309.0
2024-11-06 21:59:13.818,-12.835164835164733,32.0879120879124,-0.2637362637365186,0.8791208791208192,330.0,848.0,308.0
2024-11-06 21:59:14.315,-12.483516483516496,31.032967032967235,-0.2637362637365186,0.8791208791208192,330.0,847.0,308.0
2024-11-06 21:59:14.826,-12.043956043956086,30.065934065934243,-0.2637362637365186,0.8791208791208192,331.0,847.0,307.0
2024-11-06 21:59:15.339,-11.604395604395677,29.01098901098908,-0.2637362637365186,0.7912087912086463,331.0,847.0,307.0
2024-11-06 21:59:15.835,-11.252747252747213,28.043956043956086,-0.2637362637365186,0.7912087912086463,332.0,847.0,307.0
2024-11-06 21:59:16.348,-10.813186813186803,27.076923076923094,-0.2637362637365186,0.7912087912086463,332.0,847.0,306.0
2024-11-06 21:59:16.859,-10.461538461538339,26.02197802197793,-0.2637362637365186,0.7912087912086463,332.0,847.0,306.0
2024-11-06 21:59:17.355,-10.109890109890102,25.054945054944938,-0.2637362637365186,0.8791208791208192,333.0,847.0,305.0
2024-11-06 21:59:17.867,-9.758241758241638,24.0879120879124,-0.2637362637365186,0.8791208791208192,333.0,847.0,305.0
2024-11-06 21:59:18.379,-9.230769230769283,23.032967032967235,-0.2637362637365186,0.8791208791208192,333.0,847.0,305.0
2024-11-06 21:59:18.875,-8.87912087912082,22.065934065934243,-0.2637362637365186,0.8791208791208192,334.0,847.0,305.0
2024-11-06 21:59:19.387,-8.527472527472582,21.01098901098908,-0.2637362637365186,0.8791208791208192,334.0,846.0,304.0
2024-11-06 21:59:19.899,-8.175824175824118,20.043956043956086,-0.2637362637365186,0.7912087912086463,334.0,846.0,304.0
2024-11-06 21:59:20.395,-7.648351648351536,19.076923076923094,-0.2637362637365186,0.8791208791208192,335.0,846.0,303.0
2024-11-06 21:59:20.907,-7.208791208791126,17.93406593406621,-0.2637362637365186,0.7912087912086463,335.0,847.0,303.0
2024-11-06 21:59:21.420,-6.85714285714289,17.054945054944938,-0.2637362637365186,0.8791208791208192,336.0,846.0,302.0
2024-11-06 21:59:21.916,-6.41758241758248,16.0879120879124,-0.2637362637365186,0.8791208791208192,336.0,846.0,302.0
2024-11-06 21:59:22.427,-6.153846153846189,15.032967032967235,-0.2637362637365186,0.7912087912086463,336.0,846.0,302.0
2024-11-06 21:59:22.940,-5.714285714285779,14.065934065934243,-0.2637362637365186,0.8791208791208192,337.0,846.0,301.0
2024-11-06 21:59:23.452,-5.362637362637315,13.010989010989078,-0.2637362637365186,0.8791208791208192,337.0,846.0,301.0
2024-11-06 21:59:23.948,-4.835164835164733,12.043956043956086,-0.2637362637365186,0.7912087912086463,337.0,846.0,301.0
2024-11-06 21:59:24.460,-4.483516483516496,11.076923076923094,-0.2637362637365186,0.8791208791208192,338.0,845.0,301.0
2024-11-06 21:59:24.956,-4.131868131868032,10.02197802197793,-0.2637362637365186,0.8791208791208192,338.0,846.0,300.0
2024-11-06 21:59:25.468,-3.604395604395677,9.054945054944938,-0.2637362637365186,0.7912087912086463,338.0,846.0,300.0
2024-11-06 21:59:25.980,-3.3406593406593856,8.0879120879124,-0.2637362637365186,0.7912087912086463,338.0,846.0,300.0
2024-11-06 21:59:26.492,-2.901098901098976,7.032967032967235,-0.2637362637365186,0.8791208791208192,338.0,846.0,299.0
2024-11-06 21:59:26.989,-2.461538461538339,6.065934065934243,-0.2637362637365186,0.8791208791208192,339.0,846.0,299.0
2024-11-06 21:59:27.500,-2.0219780219779295,5.0109890109890785,-0.2637362637365186,0.8791208791208192,338.0,846.0,299.0
2024-11-06 21:59:28.013,-1.6703296703296928,4.043956043956086,-0.2637362637365186,0.8791208791208192,338.0,846.0,298.0
2024-11-06 21:59:28.509,-1.2307692307692832,3.0769230769230944,-0.2637362637365186,0.8791208791208192,339.0,846.0,298.0
2024-11-06 21:59:29.021,-0.967032967032992,2.021978021978157,-0.2637362637365186,0.7912087912086463,339.0,846.0,298.0
2024-11-06 21:59:29.533,-0.4395604395604096,1.0549450549451649,-0.2637362637365186,0.7912087912086463,339.0,846.0,298.0
