2024-10-17 20:53:50.116,-0.0,0.0,0.0,-0.0,597.0,604.0,639.0
2024-10-17 20:53:50.468,-0.0,0.0,0.0,0.8791208791208192,597.0,604.0,639.0
2024-10-17 20:53:50.869,-0.0,0.0,0.0,1.8461538461538112,598.0,604.0,640.0
2024-10-17 20:53:51.156,-0.0,0.0,0.0,2.9010989010987487,598.0,604.0,640.0
2024-10-17 20:53:51.461,-0.0,0.0,0.0,3.8681318681317407,598.0,604.0,640.0
2024-10-17 20:53:51.767,-0.0,0.0,0.0,4.835164835164733,598.0,604.0,640.0
2024-10-17 20:53:52.084,-0.0,0.0,0.0,5.890109890109898,598.0,605.0,641.0
2024-10-17 20:53:52.388,-0.0,0.0,0.0,6.857142857142662,599.0,605.0,642.0
2024-10-17 20:53:52.693,-0.0,0.0,0.0,7.912087912087827,599.0,605.0,641.0
2024-10-17 20:53:52.996,-0.0,0.0,0.0,8.87912087912082,599.0,605.0,642.0
2024-10-17 20:53:53.284,-0.0,-0.08791208791217286,0.0,9.846153846153811,600.0,605.0,642.0
2024-10-17 20:53:53.604,-0.0,0.0,0.0,10.901098901098749,600.0,606.0,643.0
2024-10-17 20:53:53.893,-0.0,0.0,0.0,11.86813186813174,600.0,606.0,642.0
2024-10-17 20:53:54.213,-0.0,0.0,0.0,12.835164835164733,601.0,606.0,643.0
2024-10-17 20:53:54.500,-0.0,0.0,0.0,13.802197802197725,601.0,606.0,643.0
2024-10-17 20:53:54.804,-0.0,-0.08791208791217286,0.0,14.857142857142662,602.0,606.0,643.0
2024-10-17 20:53:55.108,-0.0,0.0,0.0,15.912087912087827,602.0,606.0,643.0
2024-10-17 20:53:55.413,-0.0,0.0,0.0,16.87912087912082,602.0,606.0,643.0
2024-10-17 20:53:55.733,-0.0,0.0,0.0,17.84615384615381,603.0,607.0,644.0
2024-10-17 20:53:56.036,-0.0,0.0,0.0,18.90109890109875,603.0,607.0,644.0
2024-10-17 20:53:56.341,-0.0,0.0,0.0,19.86813186813174,603.0,607.0,644.0
2024-10-17 20:53:56.645,-0.0,0.0,0.0,20.835164835164733,604.0,607.0,644.0
2024-10-17 20:53:56.932,-0.0,0.0,0.0,21.890109890109898,604.0,607.0,645.0
2024-10-17 20:53:57.252,-0.0,0.0,0.0,22.857142857142662,605.0,607.0,645.0
2024-10-17 20:53:57.573,-0.0,0.0,0.0,23.912087912087827,605.0,607.0,645.0
2024-10-17 20:53:57.958,-0.0,0.0,0.0,24.87912087912082,606.0,607.0,645.0
2024-10-17 20:53:58.261,-0.0,-0.08791208791217286,0.0,25.84615384615381,606.0,608.0,645.0
2024-10-17 20:53:58.581,-0.08791208791217286,0.0,0.0,26.813186813186803,607.0,608.0,645.0
2024-10-17 20:53:59.013,-0.0,0.0,0.0,27.780219780219568,607.0,608.0,645.0
2024-10-17 20:53:59.397,-0.0,0.0,0.0,28.74725274725256,607.0,608.0,646.0
2024-10-17 20:53:59.781,-0.0,0.0,0.0,29.890109890109898,608.0,609.0,646.0
2024-10-17 20:54:00.117,-0.0,0.0,0.0,30.769230769230717,608.0,609.0,646.0
2024-10-17 20:54:00.485,-0.0,-0.08791208791217286,0.0,31.824175824175654,609.0,609.0,646.0
2024-10-17 20:54:00.789,-0.0,0.0,0.0,32.791208791208646,609.0,609.0,646.0
2024-10-17 20:54:01.125,-0.0,0.0,0.0,33.84615384615381,610.0,609.0,647.0
2024-10-17 20:54:01.525,-0.0,0.0,0.0,34.8131868131868,610.0,609.0,647.0
2024-10-17 20:54:01.909,-0.0,0.0,0.0,35.86813186813174,610.0,610.0,647.0
2024-10-17 20:54:02.213,-0.0,0.0,0.0,36.83516483516473,611.0,609.0,647.0
2024-10-17 20:54:02.518,-0.08791208791217286,0.0,0.0,37.802197802197725,611.0,610.0,647.0
2024-10-17 20:54:02.821,-0.0,0.0,0.0,38.85714285714266,612.0,610.0,647.0
2024-10-17 20:54:03.125,-0.0,0.0,0.0,39.824175824175654,612.0,610.0,647.0
2024-10-17 20:54:03.429,-0.0,0.0,0.0,40.87912087912082,613.0,610.0,647.0
2024-10-17 20:54:03.733,-0.0,0.0,0.08791208791217286,41.84615384615381,613.0,610.0,648.0
2024-10-17 20:54:04.044,-0.0,0.0,0.0,42.90109890109875,614.0,611.0,648.0
2024-10-17 20:54:04.351,-0.0,0.0,0.0,43.86813186813174,614.0,611.0,648.0
2024-10-17 20:54:04.645,-0.0,0.0,0.0,44.659340659340614,614.0,611.0,647.0
2024-10-17 20:54:04.981,-0.0,0.0,0.0,45.802197802197725,615.0,611.0,648.0
2024-10-17 20:54:05.349,-0.0,0.0,0.0,46.85714285714266,616.0,611.0,648.0
2024-10-17 20:54:05.670,-0.0,0.0,0.0,47.91208791208783,616.0,611.0,648.0
2024-10-17 20:54:05.990,-0.0,-0.08791208791217286,0.0,48.87912087912082,617.0,611.0,649.0
2024-10-17 20:54:06.373,-0.0,0.0,0.0,49.84615384615381,617.0,611.0,649.0
2024-10-17 20:54:06.677,-0.0,0.0,0.0,50.8131868131868,618.0,612.0,649.0
2024-10-17 20:54:06.981,-0.0,0.0,0.0,51.86813186813174,618.0,612.0,649.0
2024-10-17 20:54:07.286,-0.0,0.0,0.0,52.74725274725256,619.0,611.0,648.0
2024-10-17 20:54:07.589,-0.0,0.0,0.0,53.8901098901099,620.0,612.0,649.0
2024-10-17 20:54:07.925,-0.0,0.0,0.0,54.76923076923072,620.0,612.0,649.0
2024-10-17 20:54:08.293,-0.0,0.0,0.0,55.91208791208783,620.0,612.0,649.0
2024-10-17 20:54:08.597,-0.0,0.0,0.0,56.87912087912082,621.0,612.0,649.0
2024-10-17 20:54:08.901,-0.0,0.0,0.0,57.84615384615381,622.0,612.0,649.0
2024-10-17 20:54:09.221,-0.0,0.0,0.0,58.72527472527463,622.0,612.0,649.0
2024-10-17 20:54:09.509,-1539.7362637362637,0.0,0.0,59.78021978021957,622.0,612.0,649.0
2024-10-17 20:54:09.813,-0.0,-0.08791208791217286,0.0,60.74725274725256,623.0,612.0,649.0
2024-10-17 20:54:10.118,-0.0,0.0,0.0,61.802197802197725,624.0,612.0,649.0
2024-10-17 20:54:10.422,-0.0,0.0,0.0,62.76923076923072,624.0,612.0,649.0
2024-10-17 20:54:10.778,-0.0,0.0,0.0,63.824175824175654,625.0,612.0,649.0
2024-10-17 20:54:11.142,-0.0,0.0,0.0,64.87912087912082,625.0,612.0,649.0
2024-10-17 20:54:11.445,-0.0,0.0,0.0,65.75824175824164,626.0,613.0,649.0
2024-10-17 20:54:11.749,-0.0,0.0,0.0,66.8131868131868,627.0,613.0,649.0
2024-10-17 20:54:12.070,-0.0,0.0,0.0,67.78021978021957,627.0,612.0,649.0
2024-10-17 20:54:12.454,-0.0,0.0,0.0,68.83516483516473,627.0,613.0,649.0
2024-10-17 20:54:12.758,-0.0,-0.08791208791217286,0.0,69.80219780219772,628.0,613.0,649.0
2024-10-17 20:54:13.062,-0.0,0.0,0.0,70.76923076923072,629.0,613.0,649.0
2024-10-17 20:54:13.397,-0.0,0.0,0.0,71.91208791208783,629.0,613.0,649.0
2024-10-17 20:54:13.782,-0.0,0.0,0.0,72.79120879120865,630.0,613.0,649.0
2024-10-17 20:54:14.102,-0.0,0.0,0.0,73.75824175824164,630.0,612.0,649.0
2024-10-17 20:54:14.486,-0.0,0.0,0.0,74.90109890109875,631.0,613.0,649.0
2024-10-17 20:54:14.790,-0.0,0.0,0.0,75.78021978021957,632.0,612.0,649.0
2024-10-17 20:54:15.110,-0.0,0.0,0.0,76.74725274725256,632.0,612.0,649.0
2024-10-17 20:54:15.493,-0.0,0.0,0.0,77.80219780219772,632.0,613.0,649.0
2024-10-17 20:54:15.814,-0.0,0.0,0.0,78.85714285714266,633.0,613.0,648.0
2024-10-17 20:54:16.118,-0.0,0.0,0.0,79.73626373626371,633.0,612.0,648.0
2024-10-17 20:54:16.405,-0.0,0.0,0.0,80.79120879120865,635.0,612.0,648.0
2024-10-17 20:54:16.742,-0.0,0.0,0.0,81.75824175824164,635.0,612.0,648.0
2024-10-17 20:54:17.142,-0.0,0.0,0.0,82.8131868131868,635.0,612.0,648.0
2024-10-17 20:54:17.526,-0.0,0.0,0.0,83.78021978021957,636.0,612.0,648.0
2024-10-17 20:54:17.831,-0.0,0.0,0.0,84.74725274725256,636.0,612.0,647.0
2024-10-17 20:54:18.134,-0.0,0.0,0.0,85.80219780219772,637.0,612.0,647.0
2024-10-17 20:54:18.454,-0.0,-0.08791208791217286,0.0,86.76923076923072,637.0,612.0,647.0
2024-10-17 20:54:18.838,-0.0,0.0,0.0,87.82417582417565,638.0,612.0,647.0
2024-10-17 20:54:19.191,-0.0,0.0,0.0,88.79120879120865,639.0,611.0,646.0
2024-10-17 20:54:19.558,-0.0,0.0,0.0,89.67032967032947,639.0,612.0,646.0
2024-10-17 20:54:19.863,-0.0,0.0,0.0,90.8131868131868,640.0,611.0,646.0
2024-10-17 20:54:20.166,-0.0,0.0,0.0,91.78021978021957,640.0,611.0,645.0
2024-10-17 20:54:20.470,-0.0,0.0,0.0,92.74725274725256,641.0,611.0,645.0
2024-10-17 20:54:20.871,-0.0,0.0,0.0,93.80219780219772,641.0,611.0,645.0
2024-10-17 20:54:21.175,-0.0,0.0,0.0,94.76923076923072,642.0,611.0,645.0
2024-10-17 20:54:21.494,-0.0,0.0,0.0,95.82417582417565,642.0,610.0,645.0
2024-10-17 20:54:21.895,-0.0,0.0,0.0,96.7032967032967,643.0,610.0,645.0
2024-10-17 20:54:22.182,-0.0,0.0,0.0,97.75824175824164,643.0,610.0,644.0
2024-10-17 20:54:22.502,-0.0,0.0,0.0,98.8131868131868,644.0,610.0,644.0
2024-10-17 20:54:22.806,-0.0,0.0,0.0,99.78021978021957,644.0,610.0,643.0
2024-10-17 20:54:23.111,-0.0,0.0,0.0,100.74725274725256,645.0,609.0,643.0
2024-10-17 20:54:23.447,-0.0,0.0,0.0,101.80219780219772,645.0,609.0,643.0
2024-10-17 20:54:23.830,-0.0,0.0,0.0,102.76923076923072,646.0,610.0,643.0
2024-10-17 20:54:24.231,-0.0,0.0,0.0,103.82417582417565,647.0,609.0,642.0
2024-10-17 20:54:24.518,-0.0,0.0,0.0,104.79120879120865,647.0,609.0,642.0
2024-10-17 20:54:24.822,-0.0,0.0,0.0,105.75824175824164,647.0,609.0,642.0
2024-10-17 20:54:25.158,-0.0,0.0,0.0,106.8131868131868,647.0,609.0,642.0
2024-10-17 20:54:25.542,-0.0,0.0,0.0,107.78021978021957,648.0,608.0,641.0
2024-10-17 20:54:25.847,-0.0,0.0,0.0,108.74725274725256,648.0,608.0,641.0
2024-10-17 20:54:26.151,-0.0,0.0,0.0,109.80219780219772,649.0,608.0,641.0
2024-10-17 20:54:26.455,-0.0,0.0,0.0,110.76923076923072,649.0,607.0,640.0
2024-10-17 20:54:26.759,-0.0,0.0,0.0,111.73626373626371,650.0,607.0,640.0
2024-10-17 20:54:27.063,-0.0,0.0,0.0,112.79120879120865,650.0,607.0,640.0
2024-10-17 20:54:27.398,-0.0,0.0,0.0,113.75824175824164,650.0,607.0,640.0
2024-10-17 20:54:27.783,-0.0,0.0,0.0,114.8131868131868,651.0,606.0,639.0
2024-10-17 20:54:28.071,-0.0,0.0,0.0,115.78021978021957,652.0,606.0,638.0
2024-10-17 20:54:28.390,-0.0,0.0,0.0,116.74725274725256,652.0,606.0,638.0
2024-10-17 20:54:28.679,-0.0,0.0,0.0,117.80219780219772,653.0,605.0,638.0
2024-10-17 20:54:28.983,-0.0,0.0,0.0,118.68131868131854,653.0,604.0,637.0
2024-10-17 20:54:29.302,-0.0,0.0,0.0,119.82417582417565,654.0,604.0,636.0
2024-10-17 20:54:29.623,-0.0,0.0,0.0,120.7032967032967,655.0,603.0,635.0
2024-10-17 20:54:30.007,-0.0,0.0,0.0,121.67032967032947,656.0,603.0,634.0
2024-10-17 20:54:30.311,-0.0,0.0,0.0,122.8131868131868,656.0,602.0,633.0
2024-10-17 20:54:30.615,-0.0,0.0,0.0,123.78021978021957,655.0,602.0,634.0
2024-10-17 20:54:30.935,-0.0,0.0,0.0,124.65934065934061,656.0,602.0,633.0
2024-10-17 20:54:31.319,-0.0,0.0,0.0,125.80219780219772,656.0,601.0,632.0
2024-10-17 20:54:31.623,-0.0,0.0,0.0,126.76923076923072,657.0,601.0,631.0
2024-10-17 20:54:31.927,-0.0,0.0,0.0,127.73626373626371,658.0,600.0,630.0
2024-10-17 20:54:32.247,-0.0,0.0,0.0,128.7032967032967,659.0,599.0,630.0
2024-10-17 20:54:32.647,-0.0,0.0,0.0,129.67032967032947,659.0,598.0,629.0
2024-10-17 20:54:32.935,-0.0,0.0,0.0,130.8131868131868,659.0,597.0,628.0
2024-10-17 20:54:33.240,-0.0,0.0,0.0,131.78021978021957,660.0,597.0,627.0
2024-10-17 20:54:33.561,-0.0,0.0,0.0,132.74725274725256,660.0,596.0,626.0
2024-10-17 20:54:33.847,-0.0,0.0,0.0,133.80219780219772,661.0,595.0,625.0
2024-10-17 20:54:34.169,-0.0,0.0,0.0,134.68131868131854,661.0,594.0,625.0
2024-10-17 20:54:34.471,-0.0,0.0,0.0,135.7362637362637,661.0,593.0,624.0
2024-10-17 20:54:34.775,-0.0,0.0,0.0,136.79120879120865,661.0,594.0,625.0
2024-10-17 20:54:35.079,-0.0,0.0,0.0,137.75824175824164,662.0,593.0,624.0
2024-10-17 20:54:35.368,-0.0,0.0,0.0,138.72527472527463,662.0,593.0,622.0
2024-10-17 20:54:35.672,-0.0,0.0,0.0,139.69230769230762,662.0,592.0,622.0
2024-10-17 20:54:36.007,-0.0,0.0,0.0,140.65934065934061,662.0,591.0,621.0
2024-10-17 20:54:36.391,-0.0,0.0,0.0,141.71428571428555,663.0,591.0,620.0
2024-10-17 20:54:36.696,-0.0,0.0,0.0,142.68131868131854,663.0,589.0,619.0
2024-10-17 20:54:37.015,-0.0,0.0,0.0,143.7362637362637,663.0,589.0,618.0
2024-10-17 20:54:37.400,-0.0,0.0,0.0,144.7032967032967,663.0,589.0,618.0
2024-10-17 20:54:37.703,-0.0,0.0,0.0,145.75824175824164,663.0,588.0,616.0
2024-10-17 20:54:38.007,-0.0,0.0,0.0,146.8131868131868,663.0,587.0,615.0
2024-10-17 20:54:38.312,-0.0,0.0,0.0,147.69230769230762,662.0,586.0,615.0
2024-10-17 20:54:38.615,-0.0,0.0,0.0,148.65934065934061,663.0,585.0,614.0
2024-10-17 20:54:38.919,-0.0,0.0,0.0,149.71428571428555,662.0,586.0,615.0
2024-10-17 20:54:39.224,-0.0,0.0,0.0,148.74725274725256,662.0,586.0,615.0
2024-10-17 20:54:39.543,-0.0,0.0,0.0,147.86813186813174,662.0,587.0,617.0
2024-10-17 20:54:39.831,-0.0,0.0,0.0,146.8131868131868,662.0,588.0,617.0
2024-10-17 20:54:40.136,-0.0,0.0,0.0,145.8461538461538,662.0,590.0,618.0
2024-10-17 20:54:40.439,-0.0,0.0,0.0,144.87912087912082,662.0,591.0,620.0
2024-10-17 20:54:40.744,-0.0,0.0,0.0,143.91208791208783,662.0,591.0,621.0
2024-10-17 20:54:41.047,-0.0,0.0,0.0,142.85714285714266,662.0,592.0,622.0
2024-10-17 20:54:41.368,-0.0,0.0,0.0,141.8901098901099,662.0,594.0,624.0
2024-10-17 20:54:41.656,-0.0,0.0,0.0,140.83516483516473,662.0,595.0,624.0
2024-10-17 20:54:41.976,-0.0,0.0,0.0,139.86813186813174,662.0,596.0,625.0
2024-10-17 20:54:42.263,-0.0,0.0,0.0,138.8131868131868,662.0,596.0,627.0
2024-10-17 20:54:42.568,-0.0,0.0,0.0,137.8461538461538,662.0,597.0,627.0
2024-10-17 20:54:42.871,-0.0,0.0,0.0,136.87912087912082,661.0,598.0,628.0
2024-10-17 20:54:43.208,-0.0,0.0,0.0,135.91208791208783,661.0,600.0,629.0
2024-10-17 20:54:43.592,-0.0,0.0,0.0,134.85714285714266,661.0,600.0,631.0
2024-10-17 20:54:43.912,-0.0,0.0,0.0,133.8901098901099,661.0,601.0,632.0
2024-10-17 20:54:44.296,-0.0,-0.08791208791217286,0.0,132.83516483516473,660.0,602.0,632.0
2024-10-17 20:54:44.600,-0.0,0.0,0.0,131.86813186813174,660.0,603.0,633.0
2024-10-17 20:54:44.904,-0.0,0.0,0.0,130.90109890109875,659.0,603.0,634.0
2024-10-17 20:54:45.209,-0.0,0.0,0.0,129.8461538461538,659.0,604.0,635.0
2024-10-17 20:54:45.512,-0.0,0.0,0.0,128.96703296703276,658.0,605.0,635.0
2024-10-17 20:54:45.816,-0.0,0.0,0.0,127.91208791208783,658.0,605.0,637.0
2024-10-17 20:54:46.136,-0.0,0.0,0.0,126.85714285714266,658.0,606.0,637.0
2024-10-17 20:54:46.424,-0.0,0.0,0.0,125.8901098901099,657.0,606.0,638.0
2024-10-17 20:54:46.728,-0.0,0.0,0.0,124.83516483516473,656.0,607.0,639.0
2024-10-17 20:54:47.049,-0.0,0.0,0.0,123.86813186813174,656.0,608.0,640.0
2024-10-17 20:54:47.337,-0.0,0.0,0.0,122.90109890109875,655.0,608.0,641.0
2024-10-17 20:54:47.656,-0.0,0.0,0.0,121.93406593406576,655.0,609.0,641.0
2024-10-17 20:54:47.960,-0.0,0.0,0.0,120.87912087912082,654.0,609.0,642.0
2024-10-17 20:54:48.248,-0.0,0.0,0.0,119.91208791208783,654.0,610.0,643.0
2024-10-17 20:54:48.552,-0.0,0.0,0.0,118.85714285714266,653.0,611.0,643.0
2024-10-17 20:54:48.857,-0.0,0.0,0.0,117.97802197802184,652.0,611.0,644.0
2024-10-17 20:54:49.176,-0.0,0.0,0.0,116.9230769230769,652.0,612.0,645.0
2024-10-17 20:54:49.480,-0.0,0.0,0.0,115.86813186813174,651.0,612.0,645.0
2024-10-17 20:54:49.801,-0.0,0.0,0.0,114.90109890109875,650.0,612.0,646.0
2024-10-17 20:54:50.185,-0.0,0.0,0.0,113.93406593406576,649.0,613.0,646.0
2024-10-17 20:54:50.601,-0.0,0.0,0.0,112.87912087912082,649.0,613.0,646.0
2024-10-17 20:54:51.017,-0.0,0.0,0.0,112.0,648.0,613.0,647.0
2024-10-17 20:54:51.401,-0.0,0.0,0.0,110.94505494505484,647.0,614.0,647.0
2024-10-17 20:54:51.704,-0.0,0.0,0.0,109.8901098901099,647.0,614.0,648.0
2024-10-17 20:54:52.009,-0.0,0.0,0.0,108.9230769230769,646.0,614.0,648.0
2024-10-17 20:54:52.345,-0.0,0.0,0.0,107.95604395604391,645.0,614.0,648.0
2024-10-17 20:54:52.729,-0.0,0.0,0.0,106.98901098901092,645.0,615.0,648.0
2024-10-17 20:54:53.033,-0.0,0.0,0.0,105.93406593406576,644.0,615.0,648.0
2024-10-17 20:54:53.321,-0.0,-0.08791208791217286,0.0,104.96703296703276,643.0,614.0,648.0
2024-10-17 20:54:53.624,-0.0,0.0,0.0,103.91208791208783,642.0,615.0,649.0
2024-10-17 20:54:53.928,-0.0,0.0,0.0,102.94505494505484,642.0,615.0,649.0
2024-10-17 20:54:54.232,-0.0,0.0,0.0,101.8901098901099,641.0,615.0,650.0
2024-10-17 20:54:54.552,-0.0,0.0,0.0,100.9230769230769,640.0,615.0,649.0
2024-10-17 20:54:54.952,-0.0,0.0,0.0,99.95604395604391,640.0,615.0,650.0
2024-10-17 20:54:55.273,-0.0,0.0,0.0,98.98901098901092,640.0,615.0,649.0
2024-10-17 20:54:55.657,-0.0,0.0,0.0,97.93406593406576,639.0,616.0,649.0
2024-10-17 20:54:55.976,-0.0,0.0,0.08791208791217286,96.96703296703276,638.0,616.0,650.0
2024-10-17 20:54:56.377,-0.0,-0.08791208791217286,0.0,96.0,638.0,616.0,650.0
2024-10-17 20:54:56.696,-0.0,0.0,0.0,95.03296703296701,637.0,616.0,650.0
2024-10-17 20:54:57.080,-0.0,-0.08791208791217286,0.0,93.97802197802184,636.0,616.0,650.0
2024-10-17 20:54:57.384,-0.0,0.0,0.0,92.9230769230769,636.0,616.0,650.0
2024-10-17 20:54:57.704,-0.0,0.0,0.0,91.95604395604391,635.0,616.0,650.0
2024-10-17 20:54:58.089,-0.0,-0.08791208791217286,0.0,90.98901098901092,634.0,616.0,650.0
2024-10-17 20:54:58.409,-0.08791208791217286,0.0,0.0,90.02197802197793,634.0,616.0,650.0
2024-10-17 20:54:58.697,-0.0,-0.08791208791217286,0.0,89.05494505494494,634.0,616.0,650.0
2024-10-17 20:54:59.017,-0.0,0.0,0.0,88.08791208791195,633.0,615.0,650.0
2024-10-17 20:54:59.305,-0.0,0.0,0.0,87.03296703296701,632.0,615.0,650.0
2024-10-17 20:54:59.609,-0.0,0.0,0.0,86.06593406593402,631.0,615.0,650.0
2024-10-17 20:54:59.913,-0.0,0.0,0.0,84.9230769230769,631.0,615.0,650.0
2024-10-17 20:55:00.217,-0.0,0.0,0.0,83.95604395604391,630.0,615.0,650.0
2024-10-17 20:55:00.521,-0.0,0.0,0.0,83.07692307692287,630.0,615.0,650.0
2024-10-17 20:55:00.825,-0.0,0.0,0.0,82.02197802197793,629.0,615.0,650.0
2024-10-17 20:55:01.146,-0.0,0.0,0.0,80.96703296703276,628.0,615.0,650.0
2024-10-17 20:55:01.433,-0.0,0.0,0.0,79.91208791208783,628.0,615.0,650.0
2024-10-17 20:55:01.738,-0.0,0.0,0.0,78.94505494505484,627.0,615.0,650.0
2024-10-17 20:55:02.074,-0.0,0.0,0.0,78.06593406593402,627.0,615.0,650.0
2024-10-17 20:55:02.473,-0.0,0.0,0.0,76.9230769230769,626.0,615.0,650.0
2024-10-17 20:55:02.857,-0.0,0.0,0.0,76.04395604395586,626.0,615.0,650.0
2024-10-17 20:55:03.161,-0.0,0.0,0.0,74.98901098901092,625.0,615.0,650.0
2024-10-17 20:55:03.513,-0.08791208791217286,0.0,0.0,74.02197802197793,625.0,614.0,649.0
2024-10-17 20:55:03.881,-0.0,0.0,0.0,73.05494505494494,624.0,614.0,649.0
2024-10-17 20:55:04.169,-0.0,0.0,0.0,72.08791208791195,623.0,614.0,649.0
2024-10-17 20:55:04.492,-0.0,0.0,0.0,71.03296703296701,623.0,615.0,649.0
2024-10-17 20:55:04.778,-0.0,0.0,0.0,70.06593406593402,623.0,614.0,649.0
2024-10-17 20:55:05.081,-0.0,0.0,0.0,69.01098901098885,622.0,614.0,649.0
2024-10-17 20:55:05.401,-0.0,0.0,0.0,68.04395604395586,622.0,614.0,649.0
2024-10-17 20:55:05.705,-0.0,0.0,0.0,67.07692307692287,622.0,614.0,649.0
2024-10-17 20:55:06.010,-0.0,0.0,0.0,66.02197802197793,621.0,613.0,648.0
2024-10-17 20:55:06.314,-0.0,-0.08791208791217286,0.0,65.05494505494494,620.0,613.0,648.0
2024-10-17 20:55:06.633,-0.0,0.0,0.0,64.08791208791195,620.0,613.0,648.0
2024-10-17 20:55:07.018,-0.0,-0.08791208791217286,0.0,63.03296703296701,619.0,613.0,648.0
2024-10-17 20:55:07.322,-0.0,-0.08791208791217286,0.0,62.065934065934016,619.0,613.0,648.0
2024-10-17 20:55:07.642,-0.0,0.0,0.0,61.01098901098885,619.0,613.0,648.0
2024-10-17 20:55:08.026,-0.0,0.0,0.0,60.04395604395586,618.0,613.0,648.0
2024-10-17 20:55:08.345,-0.0,0.0,0.0,59.07692307692287,618.0,612.0,648.0
2024-10-17 20:55:08.634,-0.0,0.0,0.0,58.02197802197793,618.0,612.0,647.0
2024-10-17 20:55:08.954,-0.0,0.0,0.0,57.05494505494494,617.0,612.0,647.0
2024-10-17 20:55:09.242,-0.0,0.0,0.0,56.17582417582412,617.0,612.0,647.0
2024-10-17 20:55:09.562,-0.0,0.0,0.0,55.03296703296701,616.0,612.0,647.0
2024-10-17 20:55:09.850,-0.0,0.0,0.0,54.065934065934016,616.0,612.0,647.0
2024-10-17 20:55:10.154,-0.0,0.0,0.0,53.01098901098885,616.0,612.0,647.0
2024-10-17 20:55:10.457,-0.0,0.0,0.0,52.04395604395586,615.0,612.0,646.0
2024-10-17 20:55:10.778,-0.0,0.0,0.0,51.07692307692287,615.0,611.0,646.0
2024-10-17 20:55:11.081,-0.0,0.0,0.0,50.02197802197793,614.0,611.0,646.0
2024-10-17 20:55:11.483,-0.0,0.0,0.0,49.05494505494494,614.0,611.0,646.0
2024-10-17 20:55:11.786,-0.0,0.0,0.0,48.087912087911945,614.0,611.0,646.0
2024-10-17 20:55:12.106,-0.0,0.0,0.0,47.03296703296701,613.0,610.0,646.0
2024-10-17 20:55:12.506,-0.0,0.0,0.0,46.065934065934016,613.0,610.0,646.0
2024-10-17 20:55:12.890,-0.0,0.0,0.0,45.01098901098885,612.0,610.0,645.0
2024-10-17 20:55:13.210,-0.0,0.0,0.0,44.04395604395586,612.0,610.0,645.0
2024-10-17 20:55:13.514,-0.0,0.0,0.0,43.07692307692287,612.0,610.0,645.0
2024-10-17 20:55:13.818,-0.0,0.0,0.0,42.02197802197793,611.0,610.0,645.0
2024-10-17 20:55:14.128,-0.0,0.0,0.0,41.05494505494494,611.0,610.0,645.0
2024-10-17 20:55:14.541,-0.0,0.0,0.0,40.087912087911945,611.0,609.0,644.0
2024-10-17 20:55:14.923,-0.0,0.0,0.0,39.03296703296701,610.0,610.0,644.0
2024-10-17 20:55:15.226,-0.0,0.0,0.0,38.065934065934016,610.0,610.0,644.0
2024-10-17 20:55:15.547,-0.0,0.0,0.0,37.01098901098885,609.0,610.0,644.0
2024-10-17 20:55:15.835,-0.0,-0.08791208791217286,0.0,36.04395604395586,609.0,609.0,644.0
2024-10-17 20:55:16.138,-0.0,0.0,0.0,35.07692307692287,609.0,609.0,644.0
2024-10-17 20:55:16.458,-0.0,0.0,0.0,34.02197802197793,609.0,609.0,644.0
2024-10-17 20:55:16.779,-0.0,0.0,0.0,33.05494505494494,608.0,609.0,644.0
2024-10-17 20:55:17.162,-0.0,0.0,0.0,32.087912087911945,608.0,609.0,643.0
2024-10-17 20:55:17.467,-0.0,0.0,0.0,31.032967032967008,607.0,608.0,643.0
2024-10-17 20:55:17.786,-0.0,0.0,0.0,30.065934065934016,607.0,608.0,643.0
2024-10-17 20:55:18.186,-0.0,0.0,0.0,29.01098901098885,607.0,608.0,643.0
2024-10-17 20:55:18.571,-0.0,0.0,0.0,28.04395604395586,606.0,608.0,643.0
2024-10-17 20:55:18.875,-0.0,-0.08791208791217286,0.0,27.076923076922867,607.0,608.0,642.0
2024-10-17 20:55:19.195,-0.0,0.0,0.0,26.02197802197793,606.0,608.0,642.0
2024-10-17 20:55:19.498,-0.0,0.0,0.0,25.054945054944938,606.0,608.0,642.0
2024-10-17 20:55:19.787,-0.0,-0.08791208791217286,0.0,24.087912087911945,605.0,608.0,642.0
2024-10-17 20:55:20.091,-0.0,0.0,0.0,23.032967032967008,605.0,608.0,642.0
2024-10-17 20:55:20.394,-0.0,0.0,0.0,22.065934065934016,605.0,608.0,642.0
2024-10-17 20:55:20.730,-0.0,0.0,0.0,21.01098901098885,605.0,608.0,642.0
2024-10-17 20:55:21.114,-0.0,0.0,0.0,20.04395604395586,604.0,607.0,642.0
2024-10-17 20:55:21.419,-0.0,0.0,0.0,19.076923076922867,604.0,607.0,641.0
2024-10-17 20:55:21.723,-0.0,0.0,0.0,18.02197802197793,603.0,607.0,642.0
2024-10-17 20:55:22.043,-0.0,0.0,0.08791208791217286,17.054945054944938,604.0,607.0,641.0
2024-10-17 20:55:22.443,-0.0,-0.08791208791217286,0.0,16.087912087911945,603.0,607.0,641.0
2024-10-17 20:55:22.746,-0.0,0.0,0.0,15.032967032967008,603.0,607.0,641.0
2024-10-17 20:55:23.050,-0.0,0.0,0.0,14.065934065934016,603.0,607.0,641.0
2024-10-17 20:55:23.339,-0.0,0.0,0.0,13.010989010988851,603.0,607.0,641.0
2024-10-17 20:55:23.675,-0.0,0.0,0.0,12.043956043955859,602.0,607.0,641.0
2024-10-17 20:55:24.059,-0.0,0.0,0.0,11.16483516483504,602.0,607.0,641.0
2024-10-17 20:55:24.363,-0.0,0.0,0.0,10.02197802197793,602.0,607.0,641.0
2024-10-17 20:55:24.667,-0.0,0.0,0.0,9.054945054944938,601.0,607.0,641.0
2024-10-17 20:55:24.986,-0.0,0.0,0.0,8.087912087911945,602.0,607.0,641.0
2024-10-17 20:55:25.371,-0.0,0.0,0.0,7.032967032967008,602.0,607.0,640.0
2024-10-17 20:55:25.690,-0.0,-0.08791208791217286,0.0,6.065934065934016,601.0,607.0,641.0
2024-10-17 20:55:26.091,-0.0,-0.08791208791217286,0.0,4.923076923076906,601.0,607.0,640.0
2024-10-17 20:55:26.395,-0.0,-0.08791208791217286,0.0,4.043956043955859,601.0,607.0,640.0
2024-10-17 20:55:26.683,-0.0,0.0,0.0,3.076923076922867,601.0,607.0,640.0
2024-10-17 20:55:26.987,-0.0,0.0,0.0,2.0219780219779295,601.0,607.0,641.0
2024-10-17 20:55:27.307,-0.0,0.0,0.0,1.0549450549449375,602.0,607.0,640.0
2024-10-17 20:55:27.740,-0.0,-0.08791208791217286,0.0,1.0549450549449375,601.0,607.0,640.0
2024-10-17 20:55:28.235,0.8791208791208192,-0.3516483516482367,0.0,1.0549450549449375,601.0,607.0,640.0
2024-10-17 20:55:28.747,1.7582417582418657,-0.7912087912086463,0.0,1.0549450549449375,601.0,607.0,640.0
2024-10-17 20:55:29.274,2.813186813186803,-1.142857142856883,0.0,1.0549450549449375,601.0,607.0,640.0
2024-10-17 20:55:29.771,3.868131868131968,-1.5824175824172926,0.0,1.0549450549449375,601.0,608.0,640.0
2024-10-17 20:55:30.267,4.83516483516496,-1.934065934065984,0.0,1.0549450549449375,601.0,608.0,640.0
2024-10-17 20:55:30.764,5.802197802197725,-2.3736263736263936,0.0,1.0549450549449375,601.0,608.0,640.0
2024-10-17 20:55:31.324,6.681318681318771,-2.7252747252746303,0.0,1.0549450549449375,601.0,608.0,639.0
2024-10-17 20:55:31.804,7.824175824175882,-3.16483516483504,0.0,1.0549450549449375,601.0,608.0,639.0
2024-10-17 20:55:32.300,8.791208791208874,-3.5164835164832766,0.0,1.0549450549449375,602.0,609.0,640.0
2024-10-17 20:55:32.795,9.758241758241866,-3.956043956043686,0.0,0.9670329670327646,601.0,609.0,639.0
2024-10-17 20:55:33.308,10.813186813186803,-4.395604395604096,0.0,0.9670329670327646,601.0,609.0,639.0
2024-10-17 20:55:33.822,11.780219780219795,-4.747252747252787,0.0,0.9670329670327646,601.0,609.0,639.0
2024-10-17 20:55:34.348,12.747252747252787,-5.186813186813197,0.0,0.9670329670327646,602.0,610.0,639.0
2024-10-17 20:55:34.859,13.802197802197725,-5.5384615384614335,0.0,0.9670329670327646,601.0,610.0,639.0
2024-10-17 20:55:35.339,14.769230769230717,-5.978021978021843,0.0,0.9670329670327646,602.0,610.0,639.0
2024-10-17 20:55:35.852,15.736263736263709,-6.32967032967008,0.0,0.9670329670327646,602.0,611.0,639.0
2024-10-17 20:55:36.348,16.791208791208874,-6.769230769230489,0.0,0.9670329670327646,602.0,611.0,638.0
2024-10-17 20:55:36.876,17.758241758241866,-7.120879120879181,0.0,0.9670329670327646,602.0,611.0,638.0
2024-10-17 20:55:37.371,18.813186813186803,-7.56043956043959,0.0,0.9670329670327646,602.0,612.0,638.0
2024-10-17 20:55:37.867,19.780219780219795,-7.912087912087827,0.0,0.9670329670327646,602.0,611.0,638.0
2024-10-17 20:55:38.380,20.747252747252787,-8.351648351648237,0.0,0.9670329670327646,602.0,612.0,638.0
2024-10-17 20:55:38.892,21.802197802197725,-8.791208791208646,0.0,0.9670329670327646,602.0,613.0,638.0
2024-10-17 20:55:39.389,22.769230769230717,-9.142857142856883,0.0,0.9670329670327646,602.0,612.0,638.0
2024-10-17 20:55:39.916,23.912087912087827,-9.582417582417293,0.0,0.9670329670327646,602.0,613.0,638.0
2024-10-17 20:55:40.396,24.87912087912082,-9.934065934065984,0.0,0.9670329670327646,602.0,613.0,637.0
2024-10-17 20:55:40.908,25.758241758241866,-10.373626373626394,0.0,0.9670329670327646,602.0,613.0,637.0
2024-10-17 20:55:41.420,26.813186813186803,-10.72527472527463,0.0,0.9670329670327646,602.0,614.0,637.0
2024-10-17 20:55:41.948,27.780219780219795,-11.16483516483504,0.0,0.9670329670327646,602.0,614.0,637.0
2024-10-17 20:55:42.444,28.747252747252787,-11.516483516483277,0.0,0.9670329670327646,602.0,615.0,637.0
2024-10-17 20:55:42.940,29.802197802197725,-11.956043956043686,0.0,0.9670329670327646,602.0,615.0,637.0
2024-10-17 20:55:43.452,30.769230769230717,-12.395604395604096,0.0,0.9670329670327646,602.0,616.0,637.0
2024-10-17 20:55:43.949,31.82417582417588,-12.747252747252787,0.0,0.9670329670327646,602.0,616.0,636.0
2024-10-17 20:55:44.476,32.791208791208874,-13.186813186813197,0.0,0.9670329670327646,602.0,616.0,636.0
2024-10-17 20:55:44.973,33.758241758241866,-13.538461538461434,0.0,0.9670329670327646,602.0,617.0,636.0
2024-10-17 20:55:45.469,34.8131868131868,-13.978021978021843,0.0,0.9670329670327646,603.0,617.0,636.0
2024-10-17 20:55:45.980,35.780219780219795,-14.32967032967008,0.0,0.9670329670327646,602.0,617.0,636.0
2024-10-17 20:55:46.493,36.74725274725279,-14.76923076923049,0.0,0.9670329670327646,602.0,617.0,636.0
2024-10-17 20:55:47.004,37.71428571428578,-15.12087912087918,0.0,0.9670329670327646,603.0,618.0,636.0
2024-10-17 20:55:47.500,38.76923076923072,-15.56043956043959,0.0,0.9670329670327646,602.0,618.0,636.0
2024-10-17 20:55:48.013,39.82417582417588,-15.912087912087827,0.0,0.9670329670327646,602.0,619.0,635.0
2024-10-17 20:55:48.530,40.791208791208874,-16.351648351648237,0.0,0.9670329670327646,602.0,619.0,636.0
2024-10-17 20:55:49.037,41.758241758241866,-16.703296703296473,0.0,0.9670329670327646,603.0,619.0,635.0
2024-10-17 20:55:49.549,42.8131868131868,-17.142857142856883,0.0,0.9670329670327646,603.0,620.0,635.0
2024-10-17 20:55:50.061,43.780219780219795,-17.582417582417293,0.0,0.9670329670327646,602.0,621.0,635.0
2024-10-17 20:55:50.541,44.74725274725279,-17.934065934065984,0.0,0.9670329670327646,603.0,621.0,635.0
2024-10-17 20:55:51.068,45.71428571428578,-18.373626373626394,0.0,0.9670329670327646,603.0,621.0,635.0
2024-10-17 20:55:51.565,46.76923076923072,-18.72527472527463,0.0,0.9670329670327646,603.0,621.0,635.0
2024-10-17 20:55:52.076,47.82417582417588,-19.16483516483504,0.0,0.9670329670327646,603.0,621.0,635.0
2024-10-17 20:55:52.575,48.791208791208874,-19.516483516483277,0.0,0.9670329670327646,603.0,622.0,634.0
2024-10-17 20:55:53.101,49.758241758241866,-19.956043956043686,0.08791208791217286,0.9670329670327646,603.0,622.0,635.0
2024-10-17 20:55:53.597,50.8131868131868,-20.395604395604096,0.0,0.9670329670327646,603.0,622.0,634.0
2024-10-17 20:55:54.093,51.780219780219795,-20.747252747252787,0.0,0.9670329670327646,603.0,622.0,634.0
2024-10-17 20:55:54.620,52.659340659340614,-21.186813186813197,0.0,0.9670329670327646,603.0,623.0,634.0
2024-10-17 20:55:55.117,53.626373626373606,-21.45054945054926,0.0,0.9670329670327646,603.0,623.0,634.0
2024-10-17 20:55:55.612,54.68131868131877,-21.978021978021843,0.0,0.9670329670327646,602.0,624.0,634.0
2024-10-17 20:55:56.157,55.73626373626371,-22.32967032967008,0.0,0.9670329670327646,603.0,625.0,634.0
2024-10-17 20:55:56.637,56.791208791208874,-22.76923076923049,0.0,0.9670329670327646,603.0,625.0,634.0
2024-10-17 20:55:57.181,57.67032967032969,-23.12087912087918,0.0,0.9670329670327646,603.0,625.0,634.0
2024-10-17 20:55:57.661,58.72527472527486,-23.56043956043959,0.0,0.9670329670327646,603.0,625.0,634.0
2024-10-17 20:55:58.173,59.69230769230762,-23.912087912087827,0.0,0.9670329670327646,603.0,626.0,634.0
2024-10-17 20:55:58.672,60.659340659340614,-24.351648351648237,0.0,0.9670329670327646,602.0,626.0,634.0
2024-10-17 20:55:59.165,61.71428571428578,-24.791208791208646,0.0,0.9670329670327646,603.0,627.0,633.0
2024-10-17 20:55:59.677,62.68131868131877,-25.142857142856883,-1920.3076923076924,0.9670329670327646,603.0,627.0,633.0
2024-10-17 20:56:00.173,63.73626373626371,-25.582417582417293,0.0,0.9670329670327646,603.0,628.0,633.0
2024-10-17 20:56:00.685,64.7032967032967,-25.934065934065984,0.0,0.9670329670327646,603.0,628.0,633.0
2024-10-17 20:56:01.198,65.67032967032969,-26.373626373626394,0.0,0.9670329670327646,603.0,629.0,633.0
2024-10-17 20:56:01.726,66.72527472527486,-26.72527472527463,0.0,0.9670329670327646,603.0,629.0,633.0
2024-10-17 20:56:02.222,67.69230769230762,-27.16483516483504,0.0,0.9670329670327646,603.0,629.0,633.0
2024-10-17 20:56:02.749,68.65934065934061,-27.516483516483277,0.0,0.9670329670327646,603.0,629.0,632.0
2024-10-17 20:56:03.245,69.71428571428578,-27.956043956043686,0.0,0.9670329670327646,603.0,630.0,632.0
2024-10-17 20:56:03.741,70.68131868131877,-28.395604395604096,0.0,0.9670329670327646,603.0,631.0,632.0
2024-10-17 20:56:04.238,71.73626373626371,-28.747252747252787,0.0,0.9670329670327646,603.0,631.0,632.0
2024-10-17 20:56:04.733,72.61538461538476,-29.186813186813197,0.0,0.9670329670327646,603.0,632.0,632.0
2024-10-17 20:56:05.245,73.67032967032969,-29.538461538461434,0.0,0.9670329670327646,603.0,632.0,632.0
2024-10-17 20:56:05.758,74.72527472527486,-29.978021978021843,0.0,0.9670329670327646,603.0,632.0,632.0
2024-10-17 20:56:06.270,75.69230769230762,-30.32967032967008,0.0,0.9670329670327646,603.0,633.0,632.0
2024-10-17 20:56:06.765,76.65934065934061,-30.76923076923049,0.0,0.9670329670327646,603.0,634.0,632.0
2024-10-17 20:56:07.294,77.71428571428578,-31.12087912087918,0.0,0.9670329670327646,603.0,634.0,631.0
2024-10-17 20:56:07.806,78.68131868131877,-31.56043956043959,0.0,0.9670329670327646,603.0,635.0,632.0
2024-10-17 20:56:08.302,79.82417582417588,-31.912087912087827,0.0,0.9670329670327646,603.0,635.0,632.0
2024-10-17 20:56:08.813,80.61538461538476,-32.35164835164824,0.0,0.9670329670327646,603.0,636.0,631.0
2024-10-17 20:56:09.311,81.58241758241752,-32.791208791208646,0.0,0.9670329670327646,603.0,636.0,631.0
2024-10-17 20:56:09.806,82.72527472527486,-33.14285714285688,0.0,0.9670329670327646,604.0,636.0,631.0
2024-10-17 20:56:10.318,83.69230769230762,-33.58241758241729,0.0,0.9670329670327646,603.0,637.0,631.0
2024-10-17 20:56:10.872,84.65934065934061,-33.934065934065984,0.0,0.9670329670327646,604.0,638.0,631.0
2024-10-17 20:56:11.342,85.71428571428578,-34.373626373626394,0.0,0.9670329670327646,604.0,638.0,631.0
2024-10-17 20:56:11.838,86.68131868131877,-34.72527472527463,0.08791208791217286,0.9670329670327646,603.0,639.0,631.0
2024-10-17 20:56:12.350,87.64835164835176,-35.16483516483504,0.0,0.9670329670327646,603.0,639.0,631.0
2024-10-17 20:56:12.863,88.7032967032967,-35.51648351648328,0.0,0.9670329670327646,603.0,639.0,630.0
2024-10-17 20:56:13.378,89.58241758241752,-35.956043956043686,0.0,0.9670329670327646,603.0,640.0,631.0
2024-10-17 20:56:13.871,90.72527472527486,-36.395604395604096,0.0,0.9670329670327646,603.0,640.0,630.0
2024-10-17 20:56:14.384,91.69230769230762,-36.74725274725279,0.0,0.9670329670327646,603.0,641.0,631.0
2024-10-17 20:56:14.878,92.65934065934061,-37.1868131868132,0.0,0.9670329670327646,604.0,641.0,631.0
2024-10-17 20:56:15.391,93.6263736263736,-37.53846153846143,0.0,0.9670329670327646,604.0,642.0,630.0
2024-10-17 20:56:15.902,94.68131868131877,-37.97802197802184,0.0,0.9670329670327646,604.0,642.0,630.0
2024-10-17 20:56:16.415,95.64835164835176,-38.32967032967008,0.0,0.9670329670327646,604.0,643.0,630.0
2024-10-17 20:56:16.911,96.7032967032967,-38.76923076923049,0.0,0.9670329670327646,604.0,644.0,630.0
2024-10-17 20:56:17.423,97.67032967032969,-39.12087912087918,0.0,0.9670329670327646,604.0,644.0,630.0
2024-10-17 20:56:17.919,98.72527472527486,-39.56043956043959,0.0,0.9670329670327646,604.0,645.0,630.0
2024-10-17 20:56:18.447,99.69230769230762,-39.91208791208783,0.0,0.9670329670327646,604.0,645.0,630.0
2024-10-17 20:56:18.959,100.65934065934061,-40.35164835164824,0.0,0.9670329670327646,604.0,646.0,630.0
2024-10-17 20:56:19.487,101.71428571428578,-40.791208791208646,0.0,0.9670329670327646,604.0,646.0,630.0
2024-10-17 20:56:19.950,102.5934065934066,-41.14285714285688,0.0,0.9670329670327646,604.0,647.0,630.0
2024-10-17 20:56:20.463,103.64835164835176,-41.58241758241729,0.0,0.9670329670327646,604.0,647.0,630.0
2024-10-17 20:56:20.974,104.61538461538476,-41.934065934065984,0.0,0.9670329670327646,604.0,648.0,630.0
2024-10-17 20:56:21.471,105.67032967032969,-42.373626373626394,0.0,0.9670329670327646,604.0,649.0,630.0
2024-10-17 20:56:21.983,106.63736263736268,-42.72527472527463,0.0,0.9670329670327646,604.0,649.0,629.0
2024-10-17 20:56:22.511,107.5164835164835,-43.16483516483504,0.0,0.9670329670327646,604.0,649.0,630.0
2024-10-17 20:56:22.991,108.57142857142867,-43.51648351648328,0.0,0.9670329670327646,604.0,650.0,630.0
2024-10-17 20:56:23.520,109.6263736263736,-43.956043956043686,0.0,0.9670329670327646,604.0,651.0,630.0
2024-10-17 20:56:24.015,110.50549450549443,-44.395604395604096,0.0,0.9670329670327646,604.0,652.0,629.0
2024-10-17 20:56:24.512,111.56043956043959,-44.74725274725279,0.0,0.9670329670327646,604.0,652.0,629.0
2024-10-17 20:56:25.023,112.61538461538476,-45.1868131868132,0.0,0.9670329670327646,604.0,653.0,629.0
2024-10-17 20:56:25.535,113.58241758241752,-45.53846153846143,-1920.3076923076924,0.9670329670327646,605.0,654.0,629.0
2024-10-17 20:56:26.047,114.63736263736268,-45.97802197802184,0.0,0.9670329670327646,605.0,654.0,629.0
2024-10-17 20:56:26.543,115.5164835164835,-46.32967032967008,0.0,0.9670329670327646,605.0,655.0,629.0
2024-10-17 20:56:27.055,116.4835164835165,-46.76923076923049,0.0,0.9670329670327646,605.0,655.0,629.0
2024-10-17 20:56:27.568,117.6263736263736,-47.12087912087918,0.0,0.9670329670327646,605.0,656.0,629.0
2024-10-17 20:56:28.063,118.50549450549443,-47.56043956043959,0.0,0.9670329670327646,605.0,656.0,629.0
2024-10-17 20:56:28.575,119.56043956043959,-47.91208791208783,0.0,0.9670329670327646,605.0,657.0,629.0
2024-10-17 20:56:29.104,120.61538461538476,-48.35164835164824,0.0,0.9670329670327646,605.0,657.0,629.0
2024-10-17 20:56:29.615,121.49450549450557,-48.791208791208646,0.0,0.9670329670327646,605.0,658.0,629.0
2024-10-17 20:56:30.127,122.54945054945051,-49.14285714285688,0.0,0.9670329670327646,605.0,658.0,629.0
2024-10-17 20:56:30.608,123.5164835164835,-49.58241758241729,0.0,0.9670329670327646,605.0,660.0,629.0
2024-10-17 20:56:31.124,124.4835164835165,-49.934065934065984,0.0,0.9670329670327646,605.0,660.0,628.0
2024-10-17 20:56:31.648,125.53846153846166,-50.373626373626394,0.0,0.9670329670327646,605.0,661.0,629.0
2024-10-17 20:56:32.128,126.50549450549443,-50.72527472527463,0.0,0.9670329670327646,605.0,661.0,629.0
2024-10-17 20:56:32.640,127.47252747252742,-51.16483516483504,0.0,0.9670329670327646,605.0,662.0,629.0
2024-10-17 20:56:33.152,128.61538461538476,-51.51648351648328,0.0,0.9670329670327646,605.0,662.0,629.0
2024-10-17 20:56:33.682,129.58241758241752,-51.956043956043686,0.0,0.9670329670327646,605.0,663.0,628.0
2024-10-17 20:56:34.160,130.5494505494505,-52.395604395604096,0.0,0.8791208791208192,606.0,663.0,628.0
2024-10-17 20:56:34.656,131.5164835164835,-52.74725274725279,0.0,0.9670329670327646,605.0,664.0,628.0
2024-10-17 20:56:35.183,132.57142857142867,-53.1868131868132,0.0,0.9670329670327646,606.0,664.0,628.0
2024-10-17 20:56:35.680,133.53846153846166,-53.53846153846143,0.0,0.9670329670327646,605.0,665.0,628.0
2024-10-17 20:56:36.191,134.50549450549443,-53.97802197802184,0.0,0.8791208791208192,606.0,666.0,628.0
2024-10-17 20:56:36.687,135.5604395604396,-54.32967032967008,0.0,0.8791208791208192,606.0,667.0,629.0
2024-10-17 20:56:37.202,136.52747252747258,-54.76923076923049,0.0,0.9670329670327646,606.0,667.0,628.0
2024-10-17 20:56:37.696,137.49450549450557,-55.12087912087918,0.0,0.9670329670327646,606.0,668.0,628.0
2024-10-17 20:56:38.209,138.5494505494505,-55.56043956043959,0.0,0.9670329670327646,606.0,669.0,629.0
2024-10-17 20:56:38.721,139.34065934065939,-55.91208791208783,0.0,0.9670329670327646,606.0,670.0,628.0
2024-10-17 20:56:39.217,140.4835164835165,-56.35164835164824,0.0,0.9670329670327646,606.0,670.0,628.0
2024-10-17 20:56:39.728,141.4505494505495,-56.791208791208646,0.0,0.9670329670327646,606.0,671.0,628.0
2024-10-17 20:56:40.240,142.50549450549443,-57.14285714285688,0.0,0.8791208791208192,606.0,672.0,628.0
2024-10-17 20:56:40.752,143.47252747252742,-57.58241758241729,0.0,0.8791208791208192,606.0,673.0,628.0
2024-10-17 20:56:41.265,144.52747252747258,-57.934065934065984,0.0,0.8791208791208192,606.0,673.0,628.0
2024-10-17 20:56:41.776,145.49450549450557,-58.373626373626394,0.0,0.8791208791208192,606.0,674.0,628.0
2024-10-17 20:56:42.256,146.46153846153857,-58.72527472527463,0.0,0.8791208791208192,606.0,675.0,628.0
2024-10-17 20:56:42.770,147.5164835164835,-59.16483516483504,0.0,0.8791208791208192,606.0,675.0,628.0
2024-10-17 20:56:43.297,148.4835164835165,-59.51648351648328,0.0,0.8791208791208192,606.0,676.0,628.0
2024-10-17 20:56:43.808,149.4505494505495,-59.956043956043686,0.0,0.8791208791208192,606.0,677.0,628.0
2024-10-17 20:56:44.304,148.9230769230769,-59.60439560439545,0.0,0.8791208791208192,606.0,677.0,628.0
2024-10-17 20:56:44.800,-1539.7362637362637,-59.428571428571104,0.0,0.9670329670327646,606.0,676.0,628.0
2024-10-17 20:56:45.313,147.0769230769231,-58.901098901098976,0.0,0.8791208791208192,606.0,676.0,628.0
2024-10-17 20:56:45.808,146.02197802197816,-58.549450549450285,0.0,0.9670329670327646,606.0,675.0,627.0
2024-10-17 20:56:46.320,145.05494505494516,-58.109890109889875,0.0,0.8791208791208192,606.0,674.0,627.0
2024-10-17 20:56:46.832,144.08791208791217,-57.75824175824164,0.0,0.9670329670327646,606.0,673.0,627.0
2024-10-17 20:56:47.347,143.032967032967,-57.31868131868123,0.0,0.8791208791208192,606.0,672.0,627.0
2024-10-17 20:56:47.840,142.06593406593402,-56.96703296703299,0.0,0.9670329670327646,606.0,671.0,627.0
2024-10-17 20:56:48.368,141.01098901098908,-56.52747252747258,0.0,0.8791208791208192,606.0,670.0,627.0
2024-10-17 20:56:48.881,140.0439560439561,-56.08791208791217,0.0,0.8791208791208192,606.0,669.0,627.0
2024-10-17 20:56:49.376,139.0769230769231,-55.73626373626348,0.0,0.9670329670327646,606.0,668.0,627.0
2024-10-17 20:56:49.873,138.02197802197816,-55.29670329670307,0.0,0.8791208791208192,605.0,667.0,627.0
2024-10-17 20:56:50.416,136.967032967033,-54.945054945054835,0.0,0.9670329670327646,605.0,666.0,627.0
2024-10-17 20:56:50.881,136.08791208791217,-54.505494505494426,0.0,0.9670329670327646,605.0,665.0,627.0
2024-10-17 20:56:51.393,135.032967032967,-54.15384615384619,0.0,0.9670329670327646,606.0,664.0,627.0
2024-10-17 20:56:51.921,134.06593406593402,-53.71428571428578,0.0,0.9670329670327646,605.0,664.0,627.0
2024-10-17 20:56:52.401,133.01098901098908,-53.36263736263709,0.0,0.9670329670327646,605.0,663.0,627.0
2024-10-17 20:56:52.929,132.0439560439561,-52.92307692307668,0.0,0.9670329670327646,605.0,662.0,627.0
2024-10-17 20:56:53.424,131.0769230769231,-52.57142857142844,0.0,0.9670329670327646,605.0,662.0,627.0
2024-10-17 20:56:53.937,130.02197802197816,-52.13186813186803,0.0,0.9670329670327646,605.0,661.0,627.0
2024-10-17 20:56:54.449,129.05494505494516,-51.69230769230762,0.0,0.9670329670327646,605.0,661.0,627.0
2024-10-17 20:56:54.945,128.08791208791217,-51.340659340659386,0.0,0.9670329670327646,605.0,660.0,627.0
2024-10-17 20:56:55.473,127.03296703296701,-50.901098901098976,0.0,0.9670329670327646,605.0,659.0,627.0
2024-10-17 20:56:55.968,126.06593406593402,-50.549450549450285,0.0,0.9670329670327646,605.0,658.0,627.0
2024-10-17 20:56:56.465,125.01098901098908,-50.109890109889875,0.0,0.9670329670327646,605.0,657.0,627.0
2024-10-17 20:56:56.981,124.04395604395609,-49.75824175824164,0.0,0.9670329670327646,604.0,656.0,627.0
2024-10-17 20:56:57.473,123.0769230769231,-49.31868131868123,0.0,0.9670329670327646,605.0,656.0,627.0
2024-10-17 20:56:58.001,122.02197802197816,-49.054945054945165,0.0,0.9670329670327646,605.0,655.0,627.0
2024-10-17 20:56:58.513,121.05494505494516,-48.52747252747258,0.0,0.9670329670327646,604.0,655.0,627.0
2024-10-17 20:56:59.010,120.08791208791217,-48.08791208791217,0.0,0.9670329670327646,604.0,654.0,627.0
2024-10-17 20:56:59.537,119.03296703296701,-47.73626373626348,0.0,0.9670329670327646,604.0,653.0,627.0
2024-10-17 20:57:00.001,117.97802197802207,-47.29670329670307,0.0,0.9670329670327646,604.0,652.0,627.0
2024-10-17 20:57:00.513,117.09890109890102,-47.03296703296701,0.0,0.9670329670327646,604.0,652.0,627.0
2024-10-17 20:57:01.026,116.04395604395609,-46.505494505494426,0.0,0.9670329670327646,604.0,651.0,627.0
2024-10-17 20:57:01.553,115.16483516483527,-46.15384615384619,0.0,0.9670329670327646,604.0,651.0,627.0
2024-10-17 20:57:02.034,114.02197802197816,-45.71428571428578,0.0,0.9670329670327646,604.0,650.0,627.0
2024-10-17 20:57:02.546,113.05494505494516,-45.36263736263709,0.0,0.9670329670327646,604.0,649.0,627.0
2024-10-17 20:57:03.057,112.08791208791217,-44.92307692307668,0.0,0.9670329670327646,604.0,648.0,627.0
2024-10-17 20:57:03.569,111.03296703296701,-44.57142857142844,0.0,0.9670329670327646,604.0,648.0,627.0
2024-10-17 20:57:04.081,110.06593406593402,-44.13186813186803,0.0,0.8791208791208192,604.0,647.0,627.0
2024-10-17 20:57:04.577,109.01098901098908,-43.69230769230762,0.0,0.8791208791208192,604.0,647.0,627.0
2024-10-17 20:57:05.106,108.04395604395609,-43.340659340659386,0.0,0.9670329670327646,604.0,646.0,627.0
2024-10-17 20:57:05.585,107.0769230769231,-42.901098901098976,0.0,0.8791208791208192,604.0,646.0,628.0
2024-10-17 20:57:06.098,106.02197802197816,-42.549450549450285,0.0,0.9670329670327646,603.0,645.0,628.0
2024-10-17 20:57:06.609,105.05494505494516,-42.109890109889875,0.0,0.8791208791208192,603.0,644.0,628.0
2024-10-17 20:57:07.121,104.08791208791217,-41.84615384615381,0.08791208791217286,0.8791208791208192,604.0,644.0,628.0
2024-10-17 20:57:07.617,103.03296703296701,-41.31868131868123,0.0,0.8791208791208192,603.0,643.0,628.0
2024-10-17 20:57:08.130,102.06593406593402,-40.96703296703299,0.0,0.8791208791208192,603.0,643.0,628.0
2024-10-17 20:57:08.646,101.09890109890102,-40.52747252747258,0.0,0.8791208791208192,603.0,643.0,628.0
2024-10-17 20:57:09.138,100.04395604395609,-40.08791208791217,0.0,0.8791208791208192,604.0,642.0,628.0
2024-10-17 20:57:09.650,99.16483516483527,-39.824175824175654,0.0,0.9670329670327646,604.0,642.0,628.0
2024-10-17 20:57:10.146,98.02197802197816,-39.29670329670307,0.0,0.9670329670327646,603.0,641.0,628.0
2024-10-17 20:57:10.674,97.05494505494516,-38.945054945054835,0.0,0.8791208791208192,603.0,641.0,628.0
2024-10-17 20:57:11.170,96.08791208791217,-38.505494505494426,0.0,0.9670329670327646,603.0,640.0,628.0
2024-10-17 20:57:11.698,95.03296703296701,-38.15384615384619,0.0,0.8791208791208192,603.0,639.0,628.0
2024-10-17 20:57:12.178,94.06593406593402,-37.71428571428578,0.0,0.9670329670327646,603.0,639.0,628.0
2024-10-17 20:57:12.690,93.09890109890102,-37.36263736263709,0.0,0.8791208791208192,603.0,638.0,628.0
2024-10-17 20:57:13.234,92.04395604395609,-36.92307692307668,0.0,0.8791208791208192,603.0,638.0,629.0
2024-10-17 20:57:13.698,91.0769230769231,-36.57142857142844,0.0,0.8791208791208192,603.0,637.0,629.0
2024-10-17 20:57:14.211,90.02197802197816,-36.13186813186803,0.0,0.9670329670327646,603.0,636.0,629.0
2024-10-17 20:57:14.722,89.05494505494516,-35.69230769230762,0.0,0.9670329670327646,603.0,636.0,629.0
2024-10-17 20:57:15.218,88.08791208791217,-35.340659340659386,0.0,0.8791208791208192,603.0,636.0,629.0
2024-10-17 20:57:15.730,87.03296703296701,-34.901098901098976,0.0,0.9670329670327646,602.0,635.0,629.0
2024-10-17 20:57:16.274,86.06593406593402,-34.549450549450285,0.0,0.9670329670327646,603.0,635.0,629.0
2024-10-17 20:57:16.738,85.01098901098908,-34.109890109889875,0.0,0.8791208791208192,603.0,634.0,629.0
2024-10-17 20:57:17.250,84.13186813186826,-33.75824175824164,0.0,0.9670329670327646,603.0,634.0,629.0
2024-10-17 20:57:17.762,83.16483516483527,-33.31868131868123,0.0,0.8791208791208192,603.0,633.0,630.0
2024-10-17 20:57:18.274,82.02197802197816,-32.96703296703299,0.0,0.9670329670327646,603.0,632.0,630.0
2024-10-17 20:57:18.786,81.05494505494516,-32.52747252747258,0.0,0.8791208791208192,603.0,632.0,630.0
2024-10-17 20:57:19.299,80.08791208791217,-32.08791208791217,0.0,0.9670329670327646,603.0,632.0,630.0
2024-10-17 20:57:19.794,79.12087912087918,-31.73626373626348,0.0,0.8791208791208192,603.0,631.0,630.0
2024-10-17 20:57:20.290,78.15384615384619,-31.296703296703072,0.0,0.8791208791208192,603.0,631.0,630.0
2024-10-17 20:57:20.802,77.01098901098908,-30.945054945054835,0.0,0.9670329670327646,603.0,629.0,630.0
2024-10-17 20:57:21.314,76.13186813186826,-30.505494505494426,0.0,0.9670329670327646,603.0,629.0,631.0
2024-10-17 20:57:21.810,75.16483516483527,-30.15384615384619,0.0,0.8791208791208192,602.0,629.0,631.0
2024-10-17 20:57:22.322,74.1098901098901,-29.71428571428578,0.0,0.8791208791208192,602.0,628.0,631.0
2024-10-17 20:57:22.834,73.05494505494516,-29.362637362637088,0.0,0.8791208791208192,602.0,628.0,631.0
2024-10-17 20:57:23.330,72.08791208791217,-28.923076923076678,0.0,0.8791208791208192,602.0,627.0,631.0
2024-10-17 20:57:23.842,71.12087912087918,-28.57142857142844,0.0,0.8791208791208192,602.0,627.0,631.0
2024-10-17 20:57:24.339,70.15384615384619,-28.131868131868032,0.0,0.9670329670327646,602.0,627.0,631.0
2024-10-17 20:57:24.851,69.09890109890102,-27.692307692307622,0.0,0.8791208791208192,602.0,626.0,631.0
2024-10-17 20:57:25.363,68.13186813186826,-27.340659340659386,0.0,0.8791208791208192,602.0,626.0,632.0
2024-10-17 20:57:25.875,67.16483516483527,-26.901098901098976,0.0,0.8791208791208192,602.0,625.0,631.0
2024-10-17 20:57:26.386,66.1098901098901,-26.549450549450285,0.0,0.8791208791208192,602.0,625.0,632.0
2024-10-17 20:57:26.883,65.14285714285711,-26.109890109889875,0.0,0.8791208791208192,602.0,624.0,632.0
2024-10-17 20:57:27.395,64.17582417582412,-25.75824175824164,0.0,0.8791208791208192,602.0,624.0,632.0
2024-10-17 20:57:27.891,63.12087912087918,-25.31868131868123,0.0,0.8791208791208192,602.0,623.0,632.0
2024-10-17 20:57:28.403,62.24175824175836,-24.967032967032992,0.0,0.8791208791208192,602.0,623.0,633.0
2024-10-17 20:57:28.915,61.1868131868132,-24.527472527472582,0.0,0.8791208791208192,602.0,623.0,633.0
2024-10-17 20:57:29.411,60.13186813186826,-24.087912087912173,0.0,0.8791208791208192,602.0,622.0,633.0
2024-10-17 20:57:29.923,59.16483516483527,-23.73626373626348,0.0,0.8791208791208192,602.0,622.0,633.0
2024-10-17 20:57:30.435,58.197802197802275,-23.384615384615245,0.0,0.8791208791208192,602.0,622.0,633.0
2024-10-17 20:57:30.947,57.23076923076928,-22.945054945054835,0.0,0.8791208791208192,602.0,621.0,633.0
2024-10-17 20:57:31.443,56.17582417582412,-22.505494505494426,0.0,0.8791208791208192,602.0,621.0,634.0
2024-10-17 20:57:31.955,55.2967032967033,-22.15384615384619,0.0,0.9670329670327646,602.0,621.0,634.0
2024-10-17 20:57:32.467,54.24175824175836,-21.71428571428578,0.08791208791217286,0.8791208791208192,602.0,620.0,634.0
2024-10-17 20:57:32.964,53.1868131868132,-21.362637362637088,0.0,0.8791208791208192,601.0,620.0,634.0
2024-10-17 20:57:33.475,52.219780219780205,-20.923076923076678,0.0,0.8791208791208192,602.0,619.0,634.0
2024-10-17 20:57:33.987,51.25274725274721,-20.57142857142844,0.0,0.8791208791208192,602.0,619.0,634.0
2024-10-17 20:57:34.483,50.28571428571422,-20.131868131868032,0.0,0.8791208791208192,602.0,619.0,635.0
2024-10-17 20:57:35.012,49.318681318681456,-19.692307692307622,0.0,0.8791208791208192,602.0,618.0,635.0
2024-10-17 20:57:35.508,48.351648351648464,-19.340659340659386,0.0,0.8791208791208192,602.0,618.0,635.0
2024-10-17 20:57:36.020,47.2967032967033,-18.989010989010694,0.0,0.8791208791208192,602.0,618.0,635.0
2024-10-17 20:57:36.515,46.24175824175836,-18.549450549450285,0.0,0.8791208791208192,602.0,617.0,635.0
2024-10-17 20:57:37.027,45.1868131868132,-18.109890109889875,0.0,0.8791208791208192,601.0,617.0,635.0
2024-10-17 20:57:37.540,44.30769230769238,-17.75824175824164,0.0,0.8791208791208192,602.0,616.0,635.0
2024-10-17 20:57:38.036,43.25274725274721,-17.31868131868123,0.0,0.8791208791208192,601.0,616.0,636.0
2024-10-17 20:57:38.548,42.1098901098901,-16.967032967032992,0.0,0.8791208791208192,602.0,616.0,636.0
2024-10-17 20:57:39.060,41.23076923076928,-16.527472527472582,0.0,0.8791208791208192,602.0,615.0,636.0
2024-10-17 20:57:39.571,40.17582417582412,-16.087912087912173,0.0,0.8791208791208192,601.0,615.0,636.0
2024-10-17 20:57:40.067,39.12087912087918,-15.736263736263481,0.0,0.8791208791208192,602.0,615.0,637.0
2024-10-17 20:57:40.580,38.24175824175836,-15.296703296703072,0.0,0.8791208791208192,602.0,614.0,637.0
2024-10-17 20:57:41.076,37.098901098901024,-14.945054945054835,0.0,0.8791208791208192,601.0,614.0,637.0
2024-10-17 20:57:41.588,36.13186813186826,-14.505494505494426,0.0,0.8791208791208192,602.0,614.0,637.0
2024-10-17 20:57:42.100,35.25274725274721,-14.153846153846189,0.0,0.8791208791208192,602.0,614.0,637.0
2024-10-17 20:57:42.596,34.1098901098901,-13.71428571428578,0.0,0.8791208791208192,602.0,613.0,638.0
2024-10-17 20:57:43.108,33.14285714285711,-13.362637362637088,0.0,0.8791208791208192,602.0,613.0,638.0
2024-10-17 20:57:43.636,32.26373626373629,-12.923076923076678,0.0,0.8791208791208192,602.0,613.0,638.0
2024-10-17 20:57:44.148,31.208791208791126,-12.571428571428442,0.0,0.8791208791208192,602.0,612.0,638.0
2024-10-17 20:57:44.644,30.15384615384619,-12.131868131868032,0.0,0.8791208791208192,602.0,612.0,638.0
2024-10-17 20:57:45.140,29.186813186813197,-11.692307692307622,0.0,0.8791208791208192,602.0,612.0,638.0
2024-10-17 20:57:45.652,28.13186813186826,-11.340659340659386,0.0,0.8791208791208192,601.0,611.0,638.0
2024-10-17 20:57:46.148,27.164835164835267,-10.901098901098976,0.0,0.8791208791208192,601.0,611.0,639.0
2024-10-17 20:57:46.660,26.109890109890102,-10.549450549450285,0.0,0.8791208791208192,602.0,611.0,639.0
2024-10-17 20:57:47.172,25.230769230769283,-10.109890109889875,0.0,0.8791208791208192,602.0,611.0,639.0
2024-10-17 20:57:47.684,24.17582417582412,-9.758241758241638,0.0,0.8791208791208192,602.0,611.0,639.0
2024-10-17 20:57:48.180,23.12087912087918,-9.318681318681229,0.0,0.8791208791208192,602.0,610.0,639.0
2024-10-17 20:57:48.692,22.15384615384619,-8.967032967032992,0.0,0.8791208791208192,602.0,610.0,640.0
2024-10-17 20:57:49.204,21.186813186813197,-8.527472527472582,0.0,0.8791208791208192,602.0,610.0,640.0
2024-10-17 20:57:49.700,20.13186813186826,-8.087912087912173,0.0,0.8791208791208192,602.0,610.0,640.0
2024-10-17 20:57:50.212,19.252747252747213,-7.736263736263481,0.0,0.8791208791208192,602.0,609.0,640.0
2024-10-17 20:57:50.724,18.28571428571422,-7.296703296703072,0.0,0.8791208791208192,601.0,609.0,640.0
2024-10-17 20:57:51.220,17.230769230769283,-6.945054945054835,0.0,0.8791208791208192,602.0,609.0,640.0
2024-10-17 20:57:51.732,16.351648351648464,-6.5054945054944255,0.0,0.8791208791208192,602.0,609.0,640.0
2024-10-17 20:57:52.228,15.2967032967033,-6.153846153846189,0.0,0.7912087912086463,602.0,609.0,641.0
2024-10-17 20:57:52.741,14.329670329670307,-5.714285714285779,0.0,0.8791208791208192,602.0,608.0,640.0
2024-10-17 20:57:53.252,13.362637362637315,-5.362637362637088,0.0,0.7912087912086463,602.0,608.0,641.0
2024-10-17 20:57:53.764,12.219780219780205,-4.923076923076678,0.0,0.7912087912086463,602.0,608.0,641.0
2024-10-17 20:57:54.277,11.252747252747213,-4.5714285714284415,0.0,0.7912087912086463,602.0,608.0,641.0
2024-10-17 20:57:54.788,10.197802197802275,-4.131868131868032,0.0,0.7912087912086463,602.0,608.0,641.0
2024-10-17 20:57:55.284,9.318681318681456,-3.6923076923076223,0.0,0.7912087912086463,602.0,608.0,641.0
2024-10-17 20:57:55.781,8.263736263736291,-3.3406593406593856,0.0,0.7912087912086463,602.0,608.0,641.0
2024-10-17 20:57:56.292,7.208791208791126,-2.901098901098976,0.0,0.8791208791208192,602.0,608.0,641.0
2024-10-17 20:57:56.806,6.153846153846189,-2.5494505494502846,0.0,0.7912087912086463,602.0,608.0,641.0
2024-10-17 20:57:57.300,5.186813186813197,-2.109890109889875,0.0,0.7912087912086463,602.0,608.0,642.0
2024-10-17 20:57:57.812,4.219780219780205,-1.7582417582416383,0.0,0.7912087912086463,602.0,608.0,642.0
2024-10-17 20:57:58.325,3.2527472527472128,-1.3186813186812287,0.0,0.7912087912086463,602.0,608.0,642.0
2024-10-17 20:57:58.836,2.1978021978022753,-0.967032967032992,0.0,0.7912087912086463,601.0,608.0,642.0
2024-10-17 20:57:59.332,1.2307692307692832,-0.5274725274725824,0.0,0.7912087912086463,602.0,608.0,642.0
2024-10-17 20:57:59.845,0.08791208791217286,-0.08791208791217286,0.0,0.7912087912086463,602.0,608.0,642.0
2024-10-17 20:58:00.357,-0.3516483516482367,0.8791208791208192,0.0,0.8791208791208192,602.0,608.0,642.0
2024-10-17 20:58:00.852,-0.7912087912088737,1.8461538461538112,0.0,0.7912087912086463,602.0,608.0,642.0
2024-10-17 20:58:01.365,-1.1428571428571104,2.901098901098976,0.0,0.8791208791208192,602.0,607.0,642.0
2024-10-17 20:58:01.861,-1.58241758241752,3.868131868131968,0.0,0.7912087912086463,602.0,607.0,642.0
2024-10-17 20:58:02.388,-1.934065934065984,4.83516483516496,0.0,0.7912087912086463,602.0,607.0,642.0
2024-10-17 20:58:02.885,-2.3736263736263936,5.890109890110125,0.0,0.7912087912086463,602.0,607.0,643.0
2024-10-17 20:58:03.397,-2.7252747252746303,6.857142857143117,0.0,0.7912087912086463,602.0,607.0,643.0
2024-10-17 20:58:03.925,-3.16483516483504,7.912087912087827,0.0,0.8791208791208192,602.0,607.0,643.0
2024-10-17 20:58:04.437,-3.516483516483504,8.87912087912082,0.0,0.7912087912086463,602.0,606.0,644.0
2024-10-17 20:58:04.917,-3.9560439560439136,9.846153846153811,0.0,0.7912087912086463,602.0,606.0,644.0
2024-10-17 20:58:05.413,-4.395604395604323,10.901098901098976,0.0,0.8791208791208192,602.0,606.0,644.0
2024-10-17 20:58:05.925,-4.747252747252787,11.868131868131968,0.0,0.7912087912086463,602.0,606.0,644.0
2024-10-17 20:58:06.438,-5.186813186813197,12.83516483516496,0.0,0.7912087912086463,602.0,606.0,644.0
2024-10-17 20:58:06.933,-5.5384615384614335,13.890109890110125,0.0,0.8791208791208192,602.0,606.0,645.0
2024-10-17 20:58:07.445,-5.978021978021843,14.857142857143117,0.0,0.7912087912086463,602.0,606.0,645.0
2024-10-17 20:58:07.957,-6.329670329670307,15.912087912087827,0.0,0.7912087912086463,602.0,606.0,646.0
2024-10-17 20:58:08.469,-6.769230769230717,16.87912087912082,0.0,0.8791208791208192,602.0,605.0,645.0
2024-10-17 20:58:08.981,-7.120879120879181,17.84615384615381,0.0,0.8791208791208192,602.0,605.0,646.0
2024-10-17 20:58:09.477,-7.56043956043959,18.901098901098976,0.0,0.7912087912086463,602.0,606.0,646.0
2024-10-17 20:58:09.989,-7.912087912087827,19.868131868131968,0.0,0.8791208791208192,602.0,605.0,646.0
2024-10-17 20:58:10.485,-8.351648351648237,20.83516483516496,0.0,0.8791208791208192,603.0,605.0,647.0
2024-10-17 20:58:11.000,-8.791208791208874,21.802197802197952,0.0,0.7912087912086463,603.0,605.0,647.0
2024-10-17 20:58:11.510,-9.14285714285711,22.857142857143117,0.0,0.8791208791208192,603.0,605.0,647.0
2024-10-17 20:58:12.006,-9.58241758241752,23.912087912087827,0.0,0.7912087912086463,603.0,605.0,648.0
2024-10-17 20:58:12.533,-9.934065934065984,24.7912087912091,0.0,0.8791208791208192,603.0,605.0,648.0
2024-10-17 20:58:13.029,-10.373626373626394,25.84615384615381,0.0,0.8791208791208192,603.0,605.0,648.0
2024-10-17 20:58:13.558,-10.72527472527463,26.813186813186803,0.0,0.7912087912086463,603.0,604.0,649.0
2024-10-17 20:58:14.038,-11.16483516483504,27.868131868131968,0.0,0.7912087912086463,603.0,604.0,649.0
2024-10-17 20:58:14.550,-11.516483516483504,28.83516483516496,0.0,0.7912087912086463,603.0,604.0,650.0
2024-10-17 20:58:15.062,-11.956043956043914,29.890109890110125,0.0,0.7912087912086463,604.0,604.0,650.0
2024-10-17 20:58:15.558,-12.395604395604323,30.769230769230944,0.08791208791217286,0.7912087912086463,603.0,604.0,650.0
2024-10-17 20:58:16.069,-12.747252747252787,31.82417582417611,0.0,0.7912087912086463,603.0,604.0,651.0
2024-10-17 20:58:16.598,-13.186813186813197,32.87912087912082,0.0,0.8791208791208192,603.0,603.0,651.0
2024-10-17 20:58:17.078,-13.538461538461434,33.84615384615381,0.0,0.7912087912086463,603.0,603.0,651.0
2024-10-17 20:58:17.590,-13.978021978021843,34.901098901098976,0.0,0.8791208791208192,604.0,603.0,652.0
2024-10-17 20:58:18.102,-14.329670329670307,35.86813186813197,0.0,0.8791208791208192,604.0,603.0,652.0
2024-10-17 20:58:18.597,-14.769230769230717,36.83516483516496,0.0,0.7912087912086463,604.0,603.0,652.0
2024-10-17 20:58:19.110,-15.208791208791126,37.80219780219795,0.0,0.7912087912086463,604.0,604.0,653.0
2024-10-17 20:58:19.622,-15.56043956043959,38.85714285714312,0.0,0.7912087912086463,603.0,603.0,653.0
2024-10-17 20:58:20.118,-15.912087912087827,39.91208791208783,0.0,0.7912087912086463,604.0,603.0,653.0
2024-10-17 20:58:20.630,-16.351648351648237,40.7912087912091,0.0,0.7912087912086463,604.0,603.0,654.0
2024-10-17 20:58:21.142,-16.791208791208874,41.75824175824209,0.0,0.8791208791208192,604.0,603.0,654.0
2024-10-17 20:58:21.654,-17.14285714285711,42.8131868131868,0.0,0.7912087912086463,604.0,603.0,654.0
2024-10-17 20:58:22.150,-17.58241758241752,43.86813186813197,0.0,0.7912087912086463,604.0,602.0,655.0
2024-10-17 20:58:22.662,-17.934065934065984,44.74725274725279,0.0,0.7912087912086463,604.0,602.0,655.0
2024-10-17 20:58:23.174,-18.373626373626394,45.890109890110125,0.0,0.7912087912086463,604.0,602.0,655.0
2024-10-17 20:58:23.670,-18.72527472527463,46.85714285714312,0.0,0.8791208791208192,604.0,602.0,655.0
2024-10-17 20:58:24.214,-19.16483516483504,47.91208791208783,0.0,0.8791208791208192,604.0,602.0,656.0
2024-10-17 20:58:24.694,-19.516483516483504,48.7912087912091,0.0,0.8791208791208192,604.0,602.0,656.0
2024-10-17 20:58:25.190,-19.956043956043914,49.75824175824209,0.0,0.8791208791208192,604.0,602.0,657.0
2024-10-17 20:58:25.702,-20.395604395604323,50.98901098901115,0.0,0.7912087912086463,604.0,602.0,657.0
2024-10-17 20:58:26.214,-20.747252747252787,51.780219780219795,0.0,0.7912087912086463,605.0,602.0,657.0
2024-10-17 20:58:26.710,-21.186813186813197,52.74725274725279,0.0,0.7912087912086463,605.0,602.0,658.0
2024-10-17 20:58:27.223,-21.538461538461434,53.80219780219795,0.0,0.7912087912086463,605.0,602.0,658.0
2024-10-17 20:58:27.734,-21.978021978021843,54.769230769230944,0.0,0.7912087912086463,605.0,601.0,659.0
2024-10-17 20:58:28.230,-22.329670329670307,55.82417582417611,0.0,0.7912087912086463,605.0,601.0,659.0
2024-10-17 20:58:28.742,-22.769230769230717,56.7912087912091,0.0,0.7912087912086463,605.0,602.0,660.0
2024-10-17 20:58:29.287,-23.12087912087918,57.75824175824209,0.0,0.7912087912086463,605.0,601.0,660.0
2024-10-17 20:58:29.798,-23.56043956043959,58.8131868131868,0.0,0.8791208791208192,605.0,601.0,660.0
2024-10-17 20:58:30.263,-23.912087912087827,59.780219780219795,0.0,0.8791208791208192,605.0,601.0,661.0
2024-10-17 20:58:30.775,-24.351648351648237,60.74725274725279,0.08791208791217286,0.8791208791208192,605.0,601.0,661.0
2024-10-17 20:58:31.318,-24.791208791208874,61.890109890110125,0.0,0.8791208791208192,605.0,600.0,662.0
2024-10-17 20:58:31.782,-25.14285714285711,62.769230769230944,0.0,0.7912087912086463,605.0,600.0,662.0
2024-10-17 20:58:32.295,-25.58241758241752,63.82417582417611,0.0,0.7912087912086463,605.0,600.0,662.0
2024-10-17 20:58:32.807,-25.934065934065984,64.87912087912082,0.0,0.7912087912086463,605.0,600.0,662.0
2024-10-17 20:58:33.303,-26.373626373626394,65.84615384615381,0.0,0.8791208791208192,605.0,600.0,663.0
2024-10-17 20:58:33.815,-26.72527472527463,66.90109890109898,0.0,0.8791208791208192,605.0,600.0,664.0
2024-10-17 20:58:34.326,-27.16483516483504,67.7802197802198,0.0,0.8791208791208192,605.0,600.0,664.0
2024-10-17 20:58:34.823,-27.516483516483504,68.74725274725279,0.0,0.8791208791208192,605.0,599.0,665.0
2024-10-17 20:58:35.335,-27.956043956043914,69.80219780219795,0.0,0.8791208791208192,605.0,600.0,665.0
2024-10-17 20:58:35.847,-28.395604395604323,70.85714285714312,0.0,0.8791208791208192,606.0,599.0,666.0
2024-10-17 20:58:36.343,-28.747252747252787,71.82417582417611,0.0,0.8791208791208192,606.0,599.0,666.0
2024-10-17 20:58:36.855,-29.186813186813197,72.70329670329693,0.0,0.8791208791208192,606.0,600.0,667.0
2024-10-17 20:58:37.367,-29.538461538461434,73.7582417582421,0.0,0.8791208791208192,606.0,599.0,666.0
2024-10-17 20:58:37.879,-29.978021978021843,74.8131868131868,0.0,0.8791208791208192,606.0,599.0,667.0
2024-10-17 20:58:38.375,-30.329670329670307,75.7802197802198,0.0,0.8791208791208192,606.0,600.0,668.0
2024-10-17 20:58:38.887,-30.769230769230717,76.74725274725279,0.0,0.8791208791208192,606.0,599.0,668.0
2024-10-17 20:58:39.383,-31.12087912087918,77.71428571428578,0.0,0.7912087912086463,606.0,600.0,669.0
2024-10-17 20:58:39.895,-31.56043956043959,78.76923076923094,0.0,0.8791208791208192,606.0,600.0,669.0
2024-10-17 20:58:40.407,-31.912087912087827,79.82417582417611,0.0,0.8791208791208192,607.0,599.0,670.0
2024-10-17 20:58:40.920,-32.35164835164824,80.7912087912091,0.0,0.8791208791208192,606.0,599.0,670.0
2024-10-17 20:58:41.432,-32.791208791208874,81.7582417582421,0.0,0.8791208791208192,606.0,599.0,671.0
2024-10-17 20:58:41.927,-33.14285714285711,82.72527472527463,0.0,0.8791208791208192,606.0,599.0,671.0
2024-10-17 20:58:42.439,-33.58241758241752,83.7802197802198,0.0,-1734.4615384615386,606.0,599.0,672.0
2024-10-17 20:58:42.935,-33.934065934065984,84.74725274725279,0.0,0.8791208791208192,606.0,598.0,672.0
2024-10-17 20:58:43.447,-34.373626373626394,85.71428571428578,0.0,0.7912087912086463,607.0,599.0,673.0
2024-10-17 20:58:43.959,-34.72527472527463,86.68131868131877,0.0,0.8791208791208192,606.0,598.0,673.0
2024-10-17 20:58:44.455,-35.16483516483504,87.82417582417611,0.0,0.7912087912086463,607.0,598.0,674.0
2024-10-17 20:58:44.967,-35.516483516483504,88.7912087912091,0.0,0.8791208791208192,607.0,598.0,674.0
2024-10-17 20:58:45.480,-35.956043956043914,89.7582417582421,0.0,0.8791208791208192,607.0,598.0,675.0
2024-10-17 20:58:45.991,-36.39560439560432,90.8131868131868,0.0,0.8791208791208192,607.0,598.0,675.0
2024-10-17 20:58:46.487,-36.74725274725279,91.7802197802198,0.0,0.8791208791208192,607.0,598.0,676.0
2024-10-17 20:58:47.000,-37.1868131868132,92.74725274725279,0.0,0.8791208791208192,607.0,598.0,676.0
2024-10-17 20:58:47.512,-37.53846153846143,93.80219780219795,0.08791208791217286,0.8791208791208192,607.0,598.0,676.0
2024-10-17 20:58:48.008,-37.97802197802184,94.68131868131877,0.0,0.8791208791208192,607.0,598.0,677.0
2024-10-17 20:58:48.520,-38.32967032967031,95.73626373626394,0.0,0.8791208791208192,607.0,597.0,678.0
2024-10-17 20:58:49.032,-38.76923076923072,96.70329670329693,0.0,0.8791208791208192,607.0,598.0,678.0
2024-10-17 20:58:49.528,-39.12087912087918,97.7582417582421,0.0,0.8791208791208192,607.0,598.0,679.0
2024-10-17 20:58:50.040,-39.56043956043959,98.8131868131868,0.0,0.8791208791208192,607.0,597.0,679.0
2024-10-17 20:58:50.552,-39.91208791208783,99.69230769230762,0.08791208791217286,0.7912087912086463,607.0,597.0,680.0
2024-10-17 20:58:51.048,-40.35164835164824,100.74725274725279,0.0,0.7912087912086463,608.0,598.0,681.0
2024-10-17 20:58:51.560,-40.791208791208874,101.71428571428578,0.0,0.8791208791208192,607.0,597.0,681.0
2024-10-17 20:58:52.072,-41.14285714285711,102.76923076923094,0.0,0.7912087912086463,608.0,597.0,682.0
2024-10-17 20:58:52.568,-41.58241758241752,103.73626373626394,0.0,0.8791208791208192,608.0,597.0,683.0
2024-10-17 20:58:53.080,-41.934065934065984,104.7912087912091,0.0,0.8791208791208192,608.0,597.0,683.0
2024-10-17 20:58:53.592,-42.373626373626394,105.67032967032992,0.0,0.7912087912086463,608.0,597.0,684.0
2024-10-17 20:58:54.088,-42.72527472527463,106.8131868131868,0.0,0.8791208791208192,608.0,597.0,684.0
2024-10-17 20:58:54.600,-43.16483516483504,107.7802197802198,0.0,0.8791208791208192,608.0,597.0,685.0
2024-10-17 20:58:55.112,-43.516483516483504,108.74725274725279,0.0,0.8791208791208192,608.0,597.0,686.0
2024-10-17 20:58:55.624,-43.956043956043914,109.71428571428578,0.0,0.8791208791208192,608.0,597.0,686.0
2024-10-17 20:58:56.120,-44.39560439560432,110.68131868131877,0.0,0.8791208791208192,609.0,596.0,687.0
2024-10-17 20:58:56.632,-44.74725274725279,111.82417582417611,0.0,0.8791208791208192,608.0,596.0,688.0
2024-10-17 20:58:57.145,-45.1868131868132,112.70329670329693,0.0,0.8791208791208192,609.0,596.0,688.0
2024-10-17 20:58:57.640,-45.53846153846143,113.67032967032992,0.0,0.8791208791208192,609.0,596.0,689.0
2024-10-17 20:58:58.152,-45.8901098901099,114.72527472527463,0.08791208791217286,0.8791208791208192,609.0,597.0,689.0
2024-10-17 20:58:58.664,-46.32967032967031,115.69230769230762,0.0,0.8791208791208192,609.0,596.0,690.0
2024-10-17 20:58:59.160,-46.76923076923072,116.65934065934061,0.0,0.8791208791208192,609.0,596.0,691.0
2024-10-17 20:58:59.672,-47.12087912087918,117.71428571428578,0.0,0.8791208791208192,609.0,596.0,692.0
2024-10-17 20:59:00.184,-47.56043956043959,118.68131868131877,0.0,0.8791208791208192,609.0,596.0,692.0
2024-10-17 20:59:00.680,-47.91208791208783,119.64835164835176,0.0,0.7912087912086463,609.0,596.0,693.0
2024-10-17 20:59:01.192,-48.35164835164824,120.70329670329693,0.0,0.7912087912086463,609.0,596.0,693.0
2024-10-17 20:59:01.704,-48.791208791208874,121.67032967032992,0.0,0.8791208791208192,609.0,596.0,694.0
2024-10-17 20:59:02.201,-49.14285714285711,122.72527472527463,0.0,0.7912087912086463,610.0,596.0,695.0
2024-10-17 20:59:02.712,-49.58241758241752,123.7802197802198,0.0,0.7912087912086463,610.0,596.0,696.0
2024-10-17 20:59:03.225,-49.934065934065984,124.65934065934061,0.0,0.8791208791208192,610.0,596.0,696.0
2024-10-17 20:59:03.736,-50.373626373626394,125.6263736263736,0.0,0.7912087912086463,610.0,596.0,697.0
2024-10-17 20:59:04.233,-50.72527472527463,126.68131868131877,0.0,0.8791208791208192,610.0,596.0,698.0
2024-10-17 20:59:04.744,-51.16483516483504,127.73626373626394,0.0,0.8791208791208192,610.0,596.0,698.0
2024-10-17 20:59:05.257,-51.60439560439568,128.70329670329693,0.0,0.8791208791208192,610.0,596.0,699.0
2024-10-17 20:59:05.753,-51.956043956043914,129.67032967032992,0.0,0.8791208791208192,610.0,596.0,699.0
2024-10-17 20:59:06.265,-52.39560439560432,130.6373626373629,0.0,0.8791208791208192,610.0,596.0,700.0
2024-10-17 20:59:06.777,-52.659340659340614,131.69230769230762,0.0,0.7912087912086463,610.0,596.0,701.0
2024-10-17 20:59:07.273,-53.1868131868132,132.65934065934061,0.0,0.8791208791208192,611.0,596.0,702.0
2024-10-17 20:59:07.785,-53.53846153846143,133.71428571428578,0.0,0.8791208791208192,611.0,596.0,702.0
2024-10-17 20:59:08.297,-53.97802197802184,134.5934065934066,0.0,0.8791208791208192,611.0,596.0,703.0
2024-10-17 20:59:08.809,-54.32967032967031,135.64835164835176,0.0,0.8791208791208192,611.0,596.0,704.0
2024-10-17 20:59:09.305,-54.76923076923072,136.61538461538476,0.0,0.8791208791208192,611.0,596.0,704.0
2024-10-17 20:59:09.817,-55.12087912087918,137.67032967032992,0.0,0.7912087912086463,611.0,596.0,705.0
2024-10-17 20:59:10.329,-55.56043956043959,138.72527472527463,0.0,0.7912087912086463,611.0,596.0,706.0
2024-10-17 20:59:10.825,-55.91208791208783,139.6043956043959,0.0,0.8791208791208192,611.0,596.0,706.0
2024-10-17 20:59:11.337,-56.35164835164824,140.5714285714289,0.0,0.8791208791208192,611.0,595.0,707.0
2024-10-17 20:59:11.833,-56.791208791208874,141.6263736263736,0.0,0.8791208791208192,611.0,596.0,708.0
2024-10-17 20:59:12.345,-57.14285714285711,142.68131868131877,0.0,0.7912087912086463,611.0,595.0,709.0
2024-10-17 20:59:12.857,-57.58241758241752,143.5604395604396,0.0,0.8791208791208192,611.0,596.0,710.0
2024-10-17 20:59:13.369,-57.934065934065984,144.61538461538476,0.0,0.8791208791208192,612.0,595.0,710.0
2024-10-17 20:59:13.865,-58.373626373626394,145.58241758241775,0.0,0.7912087912086463,612.0,596.0,711.0
2024-10-17 20:59:14.377,-58.72527472527463,146.54945054945074,0.0,0.8791208791208192,612.0,596.0,712.0
2024-10-17 20:59:14.889,-59.16483516483504,147.6043956043959,0.0,0.8791208791208192,612.0,595.0,713.0
2024-10-17 20:59:15.385,-59.516483516483504,148.5714285714289,0.0,0.8791208791208192,612.0,595.0,714.0
2024-10-17 20:59:15.897,-59.956043956043914,149.53846153846143,0.0,0.7912087912086463,612.0,595.0,714.0
2024-10-17 20:59:16.409,-59.69230769230762,148.92307692307713,0.0,0.8791208791208192,612.0,595.0,714.0
2024-10-17 20:59:16.905,-59.25274725274721,147.95604395604414,0.0,0.8791208791208192,612.0,595.0,713.0
2024-10-17 20:59:17.417,-58.901098901098976,146.98901098901115,0.0,0.8791208791208192,612.0,595.0,712.0
2024-10-17 20:59:17.929,-58.46153846153834,145.93406593406598,0.0,0.8791208791208192,611.0,595.0,711.0
2024-10-17 20:59:18.441,-58.02197802197793,144.967032967033,0.0,0.8791208791208192,611.0,595.0,709.0
2024-10-17 20:59:18.937,-57.75824175824164,143.91208791208783,0.0,0.8791208791208192,611.0,595.0,708.0
2024-10-17 20:59:19.450,-57.31868131868123,142.94505494505484,0.0,0.7912087912086463,611.0,595.0,707.0
2024-10-17 20:59:19.961,-56.96703296703299,141.9780219780223,0.0,0.8791208791208192,611.0,595.0,706.0
2024-10-17 20:59:20.458,-56.52747252747258,141.0109890109893,0.0,0.8791208791208192,611.0,595.0,705.0
2024-10-17 20:59:20.970,-56.08791208791217,139.95604395604414,0.0,0.8791208791208192,611.0,595.0,704.0
2024-10-17 20:59:21.482,-55.73626373626371,139.07692307692332,0.0,0.8791208791208192,611.0,595.0,703.0
2024-10-17 20:59:21.978,-55.2967032967033,137.93406593406598,0.0,0.8791208791208192,610.0,595.0,703.0
2024-10-17 20:59:22.490,-54.945054945054835,136.967032967033,0.0,0.8791208791208192,610.0,595.0,702.0
2024-10-17 20:59:23.002,-54.505494505494426,136.08791208791217,0.0,0.8791208791208192,610.0,595.0,701.0
2024-10-17 20:59:23.498,-54.15384615384619,135.032967032967,0.0,0.7912087912086463,610.0,595.0,700.0
2024-10-17 20:59:24.010,-53.71428571428578,134.06593406593402,0.0,0.8791208791208192,610.0,595.0,699.0
2024-10-17 20:59:24.522,-53.362637362637315,132.92307692307713,0.0,0.7912087912086463,610.0,594.0,698.0
2024-10-17 20:59:25.018,-52.923076923076906,131.95604395604414,0.0,0.8791208791208192,609.0,594.0,698.0
2024-10-17 20:59:25.530,-52.57142857142844,130.98901098901115,0.0,0.8791208791208192,609.0,594.0,697.0
2024-10-17 20:59:26.042,-52.13186813186803,129.93406593406598,0.0,0.8791208791208192,609.0,594.0,696.0
2024-10-17 20:59:26.538,-51.69230769230762,129.05494505494516,0.0,0.8791208791208192,610.0,594.0,695.0
2024-10-17 20:59:27.050,-51.340659340659386,128.08791208791217,0.0,0.8791208791208192,609.0,594.0,695.0
2024-10-17 20:59:27.562,-50.8131868131868,126.94505494505484,0.0,0.8791208791208192,609.0,594.0,694.0
2024-10-17 20:59:28.074,-50.54945054945051,126.06593406593402,0.08791208791217286,0.8791208791208192,609.0,594.0,693.0
2024-10-17 20:59:28.570,-50.1098901098901,125.0109890109893,0.0,0.8791208791208192,609.0,594.0,692.0
2024-10-17 20:59:29.082,-49.75824175824164,123.95604395604414,0.0,0.8791208791208192,609.0,594.0,692.0
2024-10-17 20:59:29.594,-49.31868131868123,122.98901098901115,0.0,0.7912087912086463,608.0,595.0,691.0
2024-10-17 20:59:30.090,-48.96703296703299,122.02197802197816,0.08791208791217286,0.8791208791208192,608.0,594.0,691.0
2024-10-17 20:59:30.602,-48.52747252747258,121.05494505494516,0.0,0.8791208791208192,609.0,594.0,690.0
2024-10-17 20:59:31.115,-48.08791208791217,120.08791208791217,0.0,0.8791208791208192,608.0,594.0,689.0
2024-10-17 20:59:31.610,-47.73626373626371,119.03296703296701,0.0,0.8791208791208192,608.0,594.0,689.0
2024-10-17 20:59:32.122,-47.2967032967033,118.06593406593402,0.0,0.8791208791208192,608.0,594.0,688.0
2024-10-17 20:59:32.634,-46.945054945054835,116.92307692307713,0.0,0.8791208791208192,608.0,594.0,687.0
2024-10-17 20:59:33.146,-46.505494505494426,115.95604395604414,0.0,0.8791208791208192,608.0,594.0,686.0
2024-10-17 20:59:33.643,-46.065934065934016,115.07692307692332,0.0,0.8791208791208192,608.0,595.0,686.0
2024-10-17 20:59:34.155,-45.71428571428578,114.02197802197816,0.0,0.8791208791208192,608.0,594.0,685.0
2024-10-17 20:59:34.651,-45.27472527472514,113.05494505494516,0.0,0.8791208791208192,608.0,595.0,684.0
2024-10-17 20:59:35.163,-44.923076923076906,112.08791208791217,0.0,0.8791208791208192,607.0,595.0,684.0
2024-10-17 20:59:35.675,-44.57142857142844,111.03296703296701,0.0,0.8791208791208192,608.0,595.0,683.0
2024-10-17 20:59:36.187,-44.13186813186803,110.06593406593402,0.0,0.8791208791208192,607.0,595.0,682.0
2024-10-17 20:59:36.683,-43.69230769230762,109.0109890109893,0.0,0.8791208791208192,607.0,595.0,682.0
2024-10-17 20:59:37.195,-43.340659340659386,108.04395604395631,0.0,0.8791208791208192,607.0,595.0,681.0
2024-10-17 20:59:37.707,-42.901098901098976,107.07692307692332,0.0,0.8791208791208192,607.0,595.0,680.0
2024-10-17 20:59:38.219,-42.54945054945051,106.02197802197816,0.0,0.8791208791208192,607.0,595.0,680.0
2024-10-17 20:59:38.715,-42.1098901098901,105.05494505494516,0.0,0.8791208791208192,607.0,595.0,679.0
2024-10-17 20:59:39.227,-41.75824175824164,104.08791208791217,0.0,0.8791208791208192,607.0,595.0,678.0
2024-10-17 20:59:39.723,-41.23076923076928,103.03296703296701,0.08791208791217286,0.8791208791208192,607.0,595.0,678.0
2024-10-17 20:59:40.235,-40.96703296703299,102.06593406593402,0.0,0.7912087912086463,607.0,595.0,677.0
2024-10-17 20:59:40.747,-40.52747252747258,101.0109890109893,0.0,0.8791208791208192,607.0,595.0,677.0
2024-10-17 20:59:41.259,-40.08791208791217,100.04395604395631,0.0,0.8791208791208192,606.0,595.0,676.0
2024-10-17 20:59:41.755,-39.73626373626371,98.98901098901115,0.0,0.8791208791208192,607.0,595.0,675.0
2024-10-17 20:59:42.267,-39.208791208791126,98.02197802197816,0.0,0.8791208791208192,607.0,595.0,675.0
2024-10-17 20:59:42.779,-38.945054945054835,97.05494505494516,0.0,0.8791208791208192,606.0,595.0,674.0
2024-10-17 20:59:43.275,-38.505494505494426,96.08791208791217,0.0,0.8791208791208192,606.0,595.0,674.0
2024-10-17 20:59:43.787,-38.15384615384619,95.03296703296701,0.0,0.7912087912086463,606.0,595.0,673.0
2024-10-17 20:59:44.299,-37.626373626373606,94.06593406593402,0.0,0.7912087912086463,606.0,596.0,673.0
2024-10-17 20:59:44.811,-37.362637362637315,93.0109890109893,0.0,0.8791208791208192,606.0,595.0,672.0
2024-10-17 20:59:45.307,-36.83516483516473,92.04395604395631,0.0,0.7912087912086463,606.0,596.0,672.0
2024-10-17 20:59:45.819,-36.57142857142844,91.07692307692332,0.0,0.8791208791208192,606.0,596.0,671.0
2024-10-17 20:59:46.315,-36.043956043956086,90.02197802197816,0.0,0.7912087912086463,606.0,596.0,670.0
2024-10-17 20:59:46.828,-35.60439560439568,89.05494505494516,0.0,0.8791208791208192,606.0,596.0,670.0
2024-10-17 20:59:47.339,-35.340659340659386,88.08791208791217,0.0,0.7912087912086463,605.0,596.0,670.0
2024-10-17 20:59:47.835,-34.8131868131868,87.03296703296701,0.0,0.7912087912086463,606.0,596.0,669.0
2024-10-17 20:59:48.348,-34.54945054945051,86.06593406593402,0.0,0.7912087912086463,605.0,596.0,668.0
2024-10-17 20:59:48.859,-34.02197802197793,85.0109890109893,0.0,0.8791208791208192,605.0,596.0,668.0
2024-10-17 20:59:49.356,-33.67032967032969,84.04395604395631,0.0,0.8791208791208192,605.0,597.0,667.0
2024-10-17 20:59:49.867,-33.31868131868123,83.07692307692332,0.0,0.8791208791208192,605.0,597.0,667.0
2024-10-17 20:59:50.379,-32.87912087912082,82.02197802197816,0.0,0.8791208791208192,605.0,597.0,666.0
2024-10-17 20:59:50.891,-32.43956043956041,81.05494505494516,0.0,0.8791208791208192,605.0,597.0,666.0
2024-10-17 20:59:51.388,-32.08791208791217,80.08791208791217,0.0,0.7912087912086463,605.0,597.0,665.0
2024-10-17 20:59:51.899,-31.73626373626371,79.03296703296701,0.0,0.7912087912086463,605.0,597.0,665.0
2024-10-17 20:59:52.412,-31.2967032967033,78.06593406593402,0.0,0.7912087912086463,605.0,597.0,664.0
2024-10-17 20:59:52.908,-30.85714285714289,77.0109890109893,0.0,0.8791208791208192,605.0,597.0,663.0
2024-10-17 20:59:53.420,-30.41758241758248,76.04395604395631,0.0,0.7912087912086463,604.0,598.0,663.0
2024-10-17 20:59:53.932,-30.065934065934016,75.07692307692332,0.0,0.7912087912086463,604.0,597.0,662.0
2024-10-17 20:59:54.428,-29.71428571428578,74.02197802197816,0.0,0.7912087912086463,605.0,598.0,662.0
2024-10-17 20:59:54.956,-29.362637362637315,73.05494505494516,0.0,0.8791208791208192,604.0,598.0,662.0
2024-10-17 20:59:55.453,-28.835164835164733,72.08791208791217,0.0,0.8791208791208192,604.0,598.0,661.0
2024-10-17 20:59:55.981,-28.483516483516496,71.03296703296701,0.0,0.7912087912086463,604.0,598.0,661.0
2024-10-17 20:59:56.460,-28.131868131868032,70.06593406593402,0.0,0.8791208791208192,604.0,598.0,660.0
2024-10-17 20:59:56.989,-27.692307692307622,69.0109890109893,0.0,0.7912087912086463,604.0,598.0,660.0
2024-10-17 20:59:57.484,-27.252747252747213,68.04395604395631,0.0,0.7912087912086463,604.0,599.0,659.0
2024-10-17 20:59:57.997,-26.901098901098976,67.07692307692332,0.0,0.7912087912086463,604.0,599.0,659.0
2024-10-17 20:59:58.492,-26.549450549450512,66.02197802197816,0.0,0.7912087912086463,604.0,599.0,658.0
2024-10-17 20:59:59.037,-26.02197802197793,65.05494505494516,0.0,0.8791208791208192,603.0,599.0,658.0
2024-10-17 20:59:59.517,-25.670329670329693,64.08791208791217,0.0,0.8791208791208192,604.0,599.0,657.0
2024-10-17 21:00:00.029,-25.230769230769283,63.03296703296701,0.0,0.8791208791208192,604.0,599.0,657.0
2024-10-17 21:00:00.541,-25.054945054944938,62.065934065934016,0.0,0.7912087912086463,604.0,599.0,656.0
2024-10-17 21:00:01.037,-24.527472527472582,61.010989010989306,0.0,0.7912087912086463,604.0,600.0,656.0
2024-10-17 21:00:01.550,-24.087912087912173,60.043956043956314,0.0,0.7912087912086463,604.0,600.0,656.0
2024-10-17 21:00:02.077,-23.73626373626371,59.07692307692332,0.0,0.7912087912086463,604.0,600.0,655.0
2024-10-17 21:00:02.541,-23.2967032967033,58.02197802197816,0.0,0.7912087912086463,603.0,600.0,655.0
2024-10-17 21:00:03.068,-22.945054945054835,57.054945054945165,0.0,0.7912087912086463,603.0,600.0,654.0
2024-10-17 21:00:03.581,-22.505494505494426,56.08791208791217,0.0,0.7912087912086463,604.0,600.0,654.0
2024-10-17 21:00:04.077,-22.241758241758134,55.03296703296701,0.0,0.7912087912086463,603.0,601.0,653.0
2024-10-17 21:00:04.589,-21.71428571428578,54.065934065934016,0.0,0.7912087912086463,603.0,601.0,653.0
2024-10-17 21:00:05.102,-21.274725274725142,53.010989010989306,0.0,0.7912087912086463,603.0,601.0,653.0
2024-10-17 21:00:05.613,-20.835164835164733,52.043956043956314,0.0,0.7912087912086463,603.0,601.0,652.0
2024-10-17 21:00:06.099,-20.483516483516496,51.07692307692332,0.0,0.7912087912086463,603.0,601.0,652.0
2024-10-17 21:00:06.605,-20.043956043956086,50.02197802197816,0.0,0.7912087912086463,603.0,601.0,652.0
2024-10-17 21:00:07.118,-19.604395604395677,49.054945054945165,0.0,0.7912087912086463,603.0,601.0,651.0
2024-10-17 21:00:07.613,-19.252747252747213,48.08791208791217,0.0,0.7912087912086463,603.0,602.0,650.0
2024-10-17 21:00:08.142,-18.813186813186803,47.03296703296701,0.0,0.7912087912086463,603.0,602.0,650.0
2024-10-17 21:00:08.637,-18.549450549450512,46.065934065934016,0.0,0.7912087912086463,603.0,602.0,650.0
2024-10-17 21:00:09.150,-18.109890109890102,45.010989010989306,0.0,0.7912087912086463,603.0,602.0,649.0
2024-10-17 21:00:09.662,-17.670329670329693,44.043956043956314,0.0,0.7912087912086463,603.0,602.0,649.0
2024-10-17 21:00:10.157,-17.31868131868123,43.07692307692332,0.0,0.8791208791208192,603.0,602.0,649.0
2024-10-17 21:00:10.669,-16.87912087912082,42.02197802197816,0.0,0.8791208791208192,602.0,603.0,648.0
2024-10-17 21:00:11.166,-16.43956043956041,41.054945054945165,0.08791208791217286,0.8791208791208192,603.0,603.0,648.0
2024-10-17 21:00:11.693,-16.087912087912173,40.08791208791217,0.0,0.8791208791208192,603.0,603.0,647.0
2024-10-17 21:00:12.206,-15.648351648351536,39.03296703296701,0.08791208791217286,0.7912087912086463,602.0,603.0,647.0
2024-10-17 21:00:12.718,-15.208791208791126,38.065934065934016,0.0,0.8791208791208192,602.0,603.0,647.0
2024-10-17 21:00:13.214,-14.945054945054835,37.010989010989306,0.0,0.7912087912086463,602.0,603.0,646.0
2024-10-17 21:00:13.710,-14.41758241758248,36.043956043956314,0.0,0.7912087912086463,602.0,604.0,646.0
2024-10-17 21:00:14.206,-14.065934065934016,35.07692307692332,0.0,0.7912087912086463,602.0,604.0,646.0
2024-10-17 21:00:14.718,-13.71428571428578,34.02197802197816,0.0,0.8791208791208192,602.0,604.0,645.0
2024-10-17 21:00:15.262,-13.362637362637315,33.054945054945165,0.0,0.8791208791208192,602.0,604.0,645.0
2024-10-17 21:00:15.726,-12.835164835164733,32.08791208791217,0.0,0.7912087912086463,602.0,604.0,645.0
2024-10-17 21:00:16.238,-12.483516483516496,31.032967032967008,0.0,0.7912087912086463,602.0,604.0,645.0
2024-10-17 21:00:16.750,-12.131868131868032,30.065934065934016,0.0,0.7912087912086463,602.0,605.0,644.0
2024-10-17 21:00:17.262,-11.604395604395677,29.010989010989306,0.0,0.7912087912086463,602.0,605.0,644.0
2024-10-17 21:00:17.758,-11.252747252747213,28.043956043956314,0.08791208791217286,0.8791208791208192,602.0,605.0,644.0
2024-10-17 21:00:18.270,-10.901098901098976,27.076923076923322,0.0,0.7912087912086463,602.0,605.0,644.0
2024-10-17 21:00:18.766,-10.549450549450512,26.021978021978157,0.0,0.8791208791208192,602.0,605.0,643.0
2024-10-17 21:00:19.278,-10.109890109890102,25.054945054945165,0.0,0.8791208791208192,602.0,606.0,643.0
2024-10-17 21:00:19.790,-9.670329670329693,24.087912087912173,0.0,0.7912087912086463,602.0,605.0,643.0
2024-10-17 21:00:20.302,-9.318681318681229,23.12087912087918,0.0,0.8791208791208192,602.0,605.0,642.0
2024-10-17 21:00:20.798,-8.967032967032992,22.065934065934016,0.0,0.7912087912086463,602.0,606.0,643.0
2024-10-17 21:00:21.342,-8.43956043956041,21.010989010989306,0.0,0.7912087912086463,602.0,606.0,642.0
2024-10-17 21:00:21.806,-8.0,20.043956043956314,0.0,0.8791208791208192,602.0,606.0,642.0
2024-10-17 21:00:22.318,-7.648351648351536,19.076923076923322,0.0,0.7912087912086463,602.0,606.0,642.0
2024-10-17 21:00:22.830,-7.208791208791126,18.021978021978157,0.0,0.7912087912086463,601.0,606.0,642.0
2024-10-17 21:00:23.342,-6.945054945054835,17.054945054945165,0.0,0.8791208791208192,602.0,606.0,642.0
2024-10-17 21:00:23.838,-6.5054945054944255,16.087912087912173,0.0,0.8791208791208192,602.0,606.0,641.0
2024-10-17 21:00:24.350,-6.065934065934016,15.032967032967008,0.0,0.7912087912086463,602.0,606.0,641.0
2024-10-17 21:00:24.863,-5.714285714285779,14.065934065934016,0.0,0.8791208791208192,601.0,606.0,641.0
2024-10-17 21:00:25.391,-5.362637362637315,13.010989010989306,0.0,0.7912087912086463,602.0,606.0,641.0
2024-10-17 21:00:25.870,-4.923076923076906,12.131868131868032,0.0,0.7912087912086463,602.0,606.0,641.0
2024-10-17 21:00:26.383,-4.5714285714284415,11.076923076923322,0.08791208791217286,0.8791208791208192,601.0,606.0,641.0
2024-10-17 21:00:26.911,-4.131868131868032,10.021978021978157,0.0,0.8791208791208192,601.0,606.0,641.0
2024-10-17 21:00:27.406,-3.6923076923076223,9.054945054945165,0.0,0.7912087912086463,601.0,606.0,641.0
2024-10-17 21:00:27.919,-3.3406593406593856,8.087912087912173,0.0,0.7912087912086463,601.0,606.0,641.0
2024-10-17 21:00:28.415,-2.901098901098976,7.032967032967008,0.0,0.7912087912086463,601.0,606.0,641.0
2024-10-17 21:00:28.931,-2.461538461538339,6.065934065934016,0.0,0.8791208791208192,601.0,607.0,641.0
2024-10-17 21:00:29.423,-2.0219780219779295,5.010989010989306,0.0,0.8791208791208192,601.0,607.0,641.0
2024-10-17 21:00:29.967,-1.6703296703296928,4.043956043956314,0.0,0.7912087912086463,601.0,607.0,641.0
2024-10-17 21:00:30.447,-1.3186813186812287,3.076923076923322,0.0,0.8791208791208192,602.0,607.0,641.0
2024-10-17 21:00:30.975,-0.967032967032992,2.021978021978157,0.0,0.8791208791208192,601.0,607.0,641.0
2024-10-17 21:00:31.471,-0.5274725274725824,1.0549450549451649,0.0,0.8791208791208192,601.0,607.0,640.0
