2024-12-04 21:36:44.364198,198.73797607421875,181.86424255371094,182.07754516601562,231.75076293945312,185.41177368164062,117.79370880126953,228.42044067382812,187.98464965820312,63.063026428222656,219.6938018798828,194.8695526123047,11.635221481323242,207.84173583984375,203.2021026611328,-40.05137634277344
2024-12-04 21:36:44.364198,198.73944091796875,181.83609008789062,182.09934997558594,231.75076293945312,185.41177368164062,117.79370880126953,228.4486846923828,188.0132598876953,63.116371154785156,219.71656799316406,194.88148498535156,11.74055004119873,207.84173583984375,203.2021026611328,-40.05137634277344
2024-12-04 21:36:44.364198,198.70901489257812,181.78533935546875,182.0526580810547,231.7624053955078,185.42254638671875,117.79682922363281,228.4326934814453,187.96762084960938,63.127662658691406,219.74392700195312,194.8947296142578,11.726409912109375,207.84173583984375,203.2021026611328,-40.05137634277344
2024-12-04 21:36:44.369238,198.71920776367188,181.85328674316406,182.12066650390625,231.7624053955078,185.42254638671875,117.79682922363281,228.45887756347656,188.00970458984375,63.08374786376953,219.69375610351562,194.93197631835938,11.682846069335938,207.83619689941406,203.19329833984375,-40.03108215332031
2024-12-04 21:36:44.371973,198.7107696533203,181.87742614746094,182.1366424560547,231.72479248046875,185.44427490234375,117.82010650634766,228.40524291992188,188.00320434570312,63.11748123168945,219.70822143554688,194.9306182861328,11.70716381072998,207.83619689941406,203.19329833984375,-40.03108215332031
2024-12-04 21:36:44.391729,198.73944091796875,181.83609008789062,182.09934997558594,231.7912139892578,185.39370727539062,117.7681655883789,228.43112182617188,187.9816436767578,63.091922760009766,219.67906188964844,194.91024780273438,11.746183395385742,207.84173583984375,203.2021026611328,-40.05137634277344
2024-12-04 21:36:44.402827,198.70289611816406,181.8430938720703,182.07630920410156,231.7598114013672,185.42098999023438,117.78624725341797,228.4010009765625,187.98385620117188,63.126487731933594,219.7216796875,194.88380432128906,11.767616271972656,207.83619689941406,203.19329833984375,-40.03108215332031
2024-12-04 21:36:44.405849,198.7583770751953,181.85220336914062,182.12232971191406,231.74998474121094,185.4111785888672,117.78914642333984,228.4313201904297,187.99191284179688,63.13029098510742,219.71372985839844,194.93165588378906,11.749919891357422,207.8280029296875,203.1919403076172,-40.08073425292969
2024-12-04 21:36:44.419974,198.73944091796875,181.83609008789062,182.09934997558594,231.75076293945312,185.41177368164062,117.79370880126953,228.3970184326172,188.01458740234375,63.062721252441406,219.70619201660156,194.8654327392578,11.64108657836914,207.83619689941406,203.19329833984375,-40.03108215332031
2024-12-04 21:36:44.435889,198.69094848632812,181.84300231933594,182.12281799316406,231.7598114013672,185.42098999023438,117.78624725341797,228.40350341796875,187.99136352539062,63.07448959350586,219.7254180908203,194.88101196289062,11.678383827209473,207.84173583984375,203.2021026611328,-40.05137634277344
2024-12-04 21:36:44.446942,198.68963623046875,181.87950134277344,182.12850952148438,231.7386016845703,185.40065002441406,117.7861557006836,228.41786193847656,187.9738311767578,63.0828742980957,219.6752471923828,194.92617797851562,11.686447143554688,207.84173583984375,203.2021026611328,-40.05137634277344
2024-12-04 21:36:44.457828,198.68980407714844,181.87142944335938,182.10145568847656,231.72921752929688,185.3924560546875,117.76545715332031,228.41786193847656,187.9738311767578,63.0828742980957,219.70486450195312,194.86886596679688,11.747100830078125,207.87704467773438,203.15370178222656,-40.1045036315918
2024-12-04 21:36:44.469535,198.71920776367188,181.85328674316406,182.12066650390625,231.7598114013672,185.42098999023438,117.78624725341797,228.38739013671875,187.97698974609375,63.114501953125,219.71609497070312,194.87718200683594,11.625364303588867,207.83619689941406,203.19329833984375,-40.03108215332031
2024-12-04 21:36:44.469535,198.7427215576172,181.80862426757812,182.05474853515625,231.75076293945312,185.41177368164062,117.79370880126953,228.41786193847656,187.9738311767578,63.0828742980957,219.7263946533203,194.87423706054688,11.751187324523926,207.81842041015625,203.18331909179688,-40.09075164794922
2024-12-04 21:36:44.491481,198.7294158935547,181.85557556152344,182.06163024902344,231.74765014648438,185.4098663330078,117.77869415283203,228.41786193847656,187.9738311767578,63.0828742980957,219.68853759765625,194.8617401123047,11.658281326293945,207.81817626953125,203.18606567382812,-40.111328125
2024-12-04 21:36:44.502922,198.75755310058594,181.80270385742188,182.0767822265625,231.7598114013672,185.42098999023438,117.78624725341797,228.41831970214844,187.98516845703125,63.11928176879883,219.7082977294922,194.85899353027344,11.72144889831543,207.83619689941406,203.19329833984375,-40.03108215332031
2024-12-04 21:36:44.513923,198.70509338378906,181.8756103515625,182.0924835205078,231.75076293945312,185.41177368164062,117.79370880126953,228.40350341796875,187.99136352539062,63.07448959350586,219.70126342773438,194.8708038330078,11.694674491882324,207.83241271972656,203.19363403320312,-40.0606689453125
2024-12-04 21:36:44.524306,198.70289611816406,181.8430938720703,182.07630920410156,231.75076293945312,185.41177368164062,117.79370880126953,228.41053771972656,188.00262451171875,63.06280517578125,219.70126342773438,194.8708038330078,11.694674491882324,207.82235717773438,203.18312072753906,-40.06111145019531
2024-12-04 21:36:44.536052,198.73944091796875,181.83609008789062,182.09934997558594,231.75076293945312,185.41177368164062,117.79370880126953,228.40350341796875,187.99136352539062,63.07448959350586,219.70126342773438,194.8708038330078,11.694674491882324,207.83807373046875,203.2025604248047,-40.08086013793945
2024-12-04 21:36:44.539595,198.691162109375,181.90122985839844,182.07423400878906,231.75076293945312,185.41177368164062,117.79370880126953,228.39659118652344,188.02723693847656,63.10592269897461,219.6960906982422,194.91615295410156,11.726981163024902,207.83619689941406,203.19329833984375,-40.03108215332031
2024-12-04 21:36:44.550729,198.72610473632812,181.84072875976562,182.0687255859375,231.77145385742188,185.4317626953125,117.78937530517578,228.4513702392578,187.99951171875,63.09196472167969,219.67906188964844,194.91024780273438,11.746183395385742,208.104248046875,202.45555114746094,-40.85974884033203
2024-12-04 21:36:44.566507,198.69676208496094,181.84771728515625,182.09844970703125,231.7624053955078,185.42254638671875,117.79682922363281,228.423828125,188.0092010498047,63.07479476928711,219.687744140625,194.94334411621094,11.758359909057617,207.84173583984375,203.2021026611328,-40.05137634277344
2024-12-04 21:36:44.566507,198.72726440429688,181.81251525878906,182.0907745361328,231.76161193847656,185.42193603515625,117.79222106933594,228.43112182617188,187.9816436767578,63.091922760009766,219.7135467529297,194.9418487548828,11.77893352508545,207.84988403320312,203.1963653564453,-40.078826904296875
2024-12-04 21:36:44.582195,198.7361297607422,181.8212432861328,182.1064453125,231.77145385742188,185.4317626953125,117.78937530517578,228.423828125,188.0092010498047,63.07479476928711,219.6938018798828,194.8695526123047,11.635221481323242,207.8280029296875,203.1919403076172,-40.08073425292969
2024-12-04 21:36:44.598554,198.74949645996094,181.84347534179688,182.10667419433594,231.75076293945312,185.41177368164062,117.79370880126953,228.41786193847656,187.9738311767578,63.0828742980957,219.66598510742188,194.9208221435547,11.761929512023926,207.84173583984375,203.2021026611328,-40.05137634277344
2024-12-04 21:36:44.613683,198.75973510742188,181.75315856933594,182.06324768066406,231.77145385742188,185.4317626953125,117.78937530517578,228.43112182617188,187.9816436767578,63.091922760009766,219.7132568359375,194.87835693359375,11.738335609436035,207.83619689941406,203.19329833984375,-40.03108215332031
2024-12-04 21:36:44.613683,198.68963623046875,181.87950134277344,182.12850952148438,231.7598114013672,185.42098999023438,117.78624725341797,228.41786193847656,187.9738311767578,63.0828742980957,219.69630432128906,194.86326599121094,11.717957496643066,207.82235717773438,203.18312072753906,-40.06111145019531
2024-12-04 21:36:44.629430,198.69850158691406,181.8882293701172,182.1441650390625,231.7624053955078,185.42254638671875,117.79682922363281,228.42840576171875,187.98345947265625,63.08216857910156,219.69676208496094,194.91656494140625,11.729545593261719,207.83619689941406,203.19329833984375,-40.03108215332031
2024-12-04 21:36:44.646963,198.7583770751953,181.85220336914062,182.12232971191406,231.75076293945312,185.41177368164062,117.79370880126953,228.42140197753906,187.99423217773438,63.07777786254883,219.6462860107422,194.97323608398438,11.79390811920166,207.83241271972656,203.19363403320312,-40.0606689453125
2024-12-04 21:36:44.657581,198.7644500732422,181.79014587402344,182.02484130859375,231.75076293945312,185.41177368164062,117.79370880126953,228.408935546875,187.96360778808594,63.08829116821289,219.70486450195312,194.86886596679688,11.747100830078125,207.8280029296875,203.1919403076172,-40.08073425292969
2024-12-04 21:36:44.668099,198.7567901611328,181.73561096191406,181.99545288085938,231.7598114013672,185.42098999023438,117.78624725341797,228.41831970214844,187.98516845703125,63.11928176879883,219.65484619140625,194.9788360595703,11.823042869567871,207.81817626953125,203.18606567382812,-40.111328125
2024-12-04 21:36:44.668099,198.71920776367188,181.85328674316406,182.12066650390625,231.7414093017578,185.40362548828125,117.77285766601562,228.4326934814453,187.96762084960938,63.127662658691406,219.7132568359375,194.87835693359375,11.738335609436035,207.8280029296875,203.1919403076172,-40.08073425292969
2024-12-04 21:36:44.685376,198.73056030273438,181.82736206054688,182.08367919921875,231.7598114013672,185.42098999023438,117.78624725341797,228.41786193847656,187.9738311767578,63.0828742980957,219.70126342773438,194.8708038330078,11.694674491882324,207.84173583984375,203.2021026611328,-40.05137634277344
2024-12-04 21:36:44.699891,198.69850158691406,181.8882293701172,182.1441650390625,231.7414093017578,185.40362548828125,117.77285766601562,228.41831970214844,187.98516845703125,63.11928176879883,219.68299865722656,194.9276885986328,11.74611759185791,207.84173583984375,203.2021026611328,-40.05137634277344
2024-12-04 21:36:44.699891,198.7644500732422,181.79014587402344,182.02484130859375,231.75076293945312,185.41177368164062,117.79370880126953,228.41786193847656,187.9738311767578,63.0828742980957,219.7515106201172,194.9005584716797,11.744095802307129,207.81817626953125,203.18606567382812,-40.111328125
2024-12-04 21:36:44.715661,198.72726440429688,181.81251525878906,182.0907745361328,231.7624053955078,185.42254638671875,117.79682922363281,228.43194580078125,188.0038604736328,63.07707214355469,219.68853759765625,194.92161560058594,11.730024337768555,207.84173583984375,203.2021026611328,-40.05137634277344
2024-12-04 21:36:44.730715,198.67002868652344,181.85447692871094,182.09124755859375,231.74998474121094,185.4111785888672,117.78914642333984,228.40347290039062,187.9959259033203,63.10354995727539,219.69602966308594,194.9253387451172,11.766557693481445,207.8280029296875,203.1919403076172,-40.08073425292969
2024-12-04 21:36:44.746404,198.7583770751953,181.85220336914062,182.12232971191406,231.75076293945312,185.41177368164062,117.79370880126953,228.4418182373047,188.00112915039062,63.13043212890625,219.7132568359375,194.87835693359375,11.738335609436035,207.83807373046875,203.2025604248047,-40.08086013793945
2024-12-04 21:36:44.746404,198.71315002441406,181.8348388671875,182.06259155273438,231.75076293945312,185.41177368164062,117.79370880126953,228.44606018066406,187.9875946044922,63.108760833740234,219.67906188964844,194.91024780273438,11.746183395385742,207.80718994140625,203.24661254882812,-39.98331832885742
2024-12-04 21:36:44.764495,198.73190307617188,181.82818603515625,182.1167449951172,231.7624053955078,185.42254638671875,117.79682922363281,228.43820190429688,187.99166870117188,63.08317565917969,219.72463989257812,194.89239501953125,11.715307235717773,207.84173583984375,203.2021026611328,-40.05137634277344
2024-12-04 21:36:44.777740,198.68829345703125,181.82028198242188,182.076171875,231.7624053955078,185.42254638671875,117.79682922363281,228.42489624023438,187.98507690429688,63.071189880371094,219.7204132080078,194.9383544921875,11.750849723815918,207.83619689941406,203.19329833984375,-40.03108215332031
2024-12-04 21:36:44.777740,198.76641845703125,181.81143188476562,182.0924530029297,231.75076293945312,185.41177368164062,117.79370880126953,228.40350341796875,187.99136352539062,63.07448959350586,219.692626953125,194.9417266845703,11.706528663635254,207.84173583984375,203.2021026611328,-40.05137634277344
2024-12-04 21:36:44.793428,198.7427215576172,181.80862426757812,182.05474853515625,231.7598114013672,185.42098999023438,117.78624725341797,228.42369079589844,188.01048278808594,63.07155227661133,219.69630432128906,194.86326599121094,11.717957496643066,208.13047790527344,202.46627807617188,-40.83456802368164
2024-12-04 21:36:44.810267,198.73944091796875,181.83609008789062,182.09934997558594,231.75489807128906,185.40541076660156,117.8016357421875,228.41053771972656,188.00262451171875,63.06280517578125,219.7357177734375,194.8894805908203,11.697195053100586,207.84173583984375,203.2021026611328,-40.05137634277344
2024-12-04 21:36:44.824823,198.7107696533203,181.87742614746094,182.1366424560547,231.7414093017578,185.40362548828125,117.77285766601562,228.42840576171875,187.98345947265625,63.08216857910156,219.71852111816406,194.9390869140625,11.725971221923828,207.83619689941406,203.19329833984375,-40.03108215332031
2024-12-04 21:36:44.824823,198.70509338378906,181.8756103515625,182.0924835205078,231.75076293945312,185.41177368164062,117.79370880126953,228.42840576171875,187.98345947265625,63.08216857910156,219.70486450195312,194.86886596679688,11.747100830078125,207.82620239257812,203.18727111816406,-40.06181335449219
2024-12-04 21:36:44.841695,198.75755310058594,181.80270385742188,182.0767822265625,231.72691345214844,185.43821716308594,117.81766510009766,228.41053771972656,188.00262451171875,63.06280517578125,219.7248992919922,194.87371826171875,11.741827964782715,207.85366821289062,203.19602966308594,-40.04924011230469
2024-12-04 21:36:44.857456,198.7238311767578,181.8316192626953,182.10787963867188,231.74765014648438,185.4098663330078,117.77869415283203,228.41786193847656,187.9738311767578,63.0828742980957,219.66952514648438,194.91798400878906,11.708712577819824,208.2345733642578,202.44334411621094,-40.85820007324219
2024-12-04 21:36:44.864522,198.70681762695312,181.8637237548828,182.12242126464844,231.75076293945312,185.41177368164062,117.79370880126953,228.41786193847656,187.9738311767578,63.0828742980957,219.7309112548828,194.88204956054688,11.721144676208496,207.84173583984375,203.2021026611328,-40.05137634277344
2024-12-04 21:36:44.872580,198.72743225097656,181.804443359375,182.063720703125,231.7598114013672,185.42098999023438,117.78624725341797,228.41831970214844,187.98516845703125,63.11928176879883,219.6890106201172,194.9150390625,11.66987133026123,207.8123016357422,203.17703247070312,-40.091880798339844
2024-12-04 21:36:44.888274,198.72610473632812,181.84072875976562,182.0687255859375,231.75076293945312,185.41177368164062,117.79370880126953,228.4314727783203,187.98068237304688,63.09485626220703,219.68533325195312,194.93307495117188,11.83150863647461,207.83619689941406,203.19329833984375,-40.03108215332031
2024-12-04 21:36:44.888274,198.72743225097656,181.804443359375,182.063720703125,231.7414093017578,185.40362548828125,117.77285766601562,228.42140197753906,187.99423217773438,63.07777786254883,219.74229431152344,194.89608764648438,11.698111534118652,207.81842041015625,203.18331909179688,-40.09075164794922
2024-12-04 21:36:44.903888,198.70655822753906,181.8474578857422,182.11428833007812,231.75076293945312,185.41177368164062,117.79370880126953,228.38784790039062,187.98834228515625,63.150909423828125,219.69064331054688,194.8553009033203,11.73863697052002,207.82235717773438,203.18312072753906,-40.06111145019531
2024-12-04 21:36:44.919510,198.73033142089844,181.77130126953125,182.04403686523438,231.74998474121094,185.4111785888672,117.78914642333984,228.41786193847656,187.9738311767578,63.0828742980957,219.6840362548828,194.9178009033203,11.722901344299316,207.84173583984375,203.2021026611328,-40.05137634277344
2024-12-04 21:36:44.935136,198.74949645996094,181.84347534179688,182.10667419433594,231.75076293945312,185.41177368164062,117.79370880126953,228.42140197753906,187.99423217773438,63.07777786254883,219.6890106201172,194.9150390625,11.66987133026123,207.83897399902344,203.16195678710938,-40.043663024902344
2024-12-04 21:36:44.935136,198.72251892089844,181.8681182861328,182.1135711669922,231.7624053955078,185.42254638671875,117.79682922363281,228.43112182617188,187.9816436767578,63.091922760009766,219.68870544433594,194.92428588867188,11.706596374511719,207.84173583984375,203.2021026611328,-40.05137634277344
2024-12-04 21:36:44.951731,198.72610473632812,181.84072875976562,182.0687255859375,231.75076293945312,185.41177368164062,117.79370880126953,228.42840576171875,187.98345947265625,63.08216857910156,219.70904541015625,194.93801879882812,11.771822929382324,207.84173583984375,203.2021026611328,-40.05137634277344
2024-12-04 21:36:44.966825,198.72251892089844,181.8681182861328,182.1135711669922,231.72479248046875,185.44427490234375,117.82010650634766,228.42044067382812,187.98464965820312,63.063026428222656,219.7309112548828,194.88204956054688,11.721144676208496,207.83619689941406,203.19329833984375,-40.03108215332031
2024-12-04 21:36:44.966825,198.71487426757812,181.8229522705078,182.09254455566406,231.7624053955078,185.42254638671875,117.79682922363281,228.43394470214844,187.99276733398438,63.07191848754883,219.6680450439453,194.99575805664062,11.790336608886719,207.8280029296875,203.1919403076172,-40.08073425292969
2024-12-04 21:36:44.982466,198.73138427734375,181.87684631347656,182.1292266845703,231.7624053955078,185.42254638671875,117.79682922363281,228.41831970214844,187.98516845703125,63.11928176879883,219.7212371826172,194.88876342773438,11.716938018798828,207.84173583984375,203.2021026611328,-40.05137634277344
2024-12-04 21:36:44.998091,198.69850158691406,181.8882293701172,182.1441650390625,231.7598114013672,185.42098999023438,117.78624725341797,228.41786193847656,187.9738311767578,63.0828742980957,219.70571899414062,194.8826141357422,11.626688957214355,207.84173583984375,203.2021026611328,-40.05137634277344
2024-12-04 21:36:45.013714,198.72117614746094,181.8089141845703,182.0612335205078,231.759033203125,185.42039489746094,117.78169250488281,228.4513702392578,187.99951171875,63.09196472167969,219.7262725830078,194.8910369873047,11.74360179901123,207.83619689941406,203.19329833984375,-40.03108215332031
2024-12-04 21:36:45.013714,198.69850158691406,181.8882293701172,182.1441650390625,231.7819061279297,185.38565063476562,117.77596282958984,228.3954620361328,188.03964233398438,63.06358337402344,219.7235870361328,194.88099670410156,11.661172866821289,207.8280029296875,203.1919403076172,-40.08073425292969
2024-12-04 21:36:45.035989,198.69769287109375,181.83872985839844,182.09861755371094,231.75076293945312,185.41177368164062,117.79370880126953,228.43466186523438,188.00204467773438,63.08682632446289,219.70445251464844,194.9307861328125,11.795835494995117,207.83619689941406,203.19329833984375,-40.03108215332031
2024-12-04 21:36:45.045825,198.70352172851562,181.848876953125,182.1295166015625,231.7624053955078,185.42254638671875,117.79682922363281,228.43112182617188,187.9816436767578,63.091922760009766,219.68853759765625,194.8617401123047,11.658281326293945,207.83241271972656,203.19363403320312,-40.0606689453125
2024-12-04 21:36:45.045825,198.75755310058594,181.80270385742188,182.0767822265625,231.77145385742188,185.4317626953125,117.78937530517578,228.40350341796875,187.99136352539062,63.07448959350586,219.71395874023438,194.86695861816406,11.700766563415527,207.8389129638672,203.19873046875,-40.12421798706055
2024-12-04 21:36:45.064985,198.72808837890625,181.8620147705078,182.13632202148438,231.7386016845703,185.40065002441406,117.7861557006836,228.40704345703125,188.01177978515625,63.069393157958984,219.67906188964844,194.91024780273438,11.746183395385742,207.84173583984375,203.2021026611328,-40.05137634277344
2024-12-04 21:36:45.077493,198.74334716796875,181.7201385498047,182.0214080810547,231.7398223876953,185.40240478515625,117.76363372802734,228.41786193847656,187.9738311767578,63.0828742980957,219.70619201660156,194.8654327392578,11.64108657836914,207.82620239257812,203.18727111816406,-40.06181335449219
2024-12-04 21:36:45.083703,198.71315002441406,181.8348388671875,182.06259155273438,231.75076293945312,185.41177368164062,117.79370880126953,228.40350341796875,187.99136352539062,63.07448959350586,219.65724182128906,194.97998046875,11.834955215454102,207.8123016357422,203.17703247070312,-40.091880798339844
2024-12-04 21:36:45.093254,198.68829345703125,181.82028198242188,182.076171875,231.7386016845703,185.40065002441406,117.7861557006836,228.38739013671875,187.97698974609375,63.114501953125,219.71395874023438,194.86695861816406,11.700766563415527,207.82620239257812,203.18727111816406,-40.06181335449219
2024-12-04 21:36:45.109014,198.7097930908203,181.83053588867188,182.02435302734375,231.75076293945312,185.41177368164062,117.79370880126953,228.40350341796875,187.99136352539062,63.07448959350586,219.65823364257812,194.9193115234375,11.702262878417969,207.84173583984375,203.2021026611328,-40.05137634277344
2024-12-04 21:36:45.124647,198.69960021972656,181.82826232910156,182.08340454101562,231.75076293945312,185.41177368164062,117.79370880126953,228.41786193847656,187.9738311767578,63.0828742980957,219.7132568359375,194.87835693359375,11.738335609436035,207.82235717773438,203.18312072753906,-40.06111145019531
2024-12-04 21:36:45.124647,198.72251892089844,181.8681182861328,182.1135711669922,231.75076293945312,185.41177368164062,117.79370880126953,228.44569396972656,187.974365234375,63.138671875,219.71395874023438,194.86695861816406,11.700766563415527,207.8280029296875,203.1919403076172,-40.08073425292969
2024-12-04 21:36:45.140275,198.73056030273438,181.82736206054688,182.08367919921875,231.7624053955078,185.42254638671875,117.79682922363281,228.41786193847656,187.9738311767578,63.0828742980957,219.69561767578125,194.86285400390625,11.71539306640625,207.83619689941406,203.19329833984375,-40.03108215332031
2024-12-04 21:36:45.155895,198.67002868652344,181.85447692871094,182.09124755859375,231.75076293945312,185.41177368164062,117.79370880126953,228.41786193847656,187.9738311767578,63.0828742980957,219.702880859375,194.86985778808594,11.718873977661133,207.84173583984375,203.2021026611328,-40.05137634277344
2024-12-04 21:36:45.165031,198.68963623046875,181.87950134277344,182.12850952148438,231.7386016845703,185.40065002441406,117.7861557006836,228.4276885986328,188.0078125,63.085968017578125,219.71893310546875,194.87449645996094,11.677480697631836,207.8280029296875,203.1919403076172,-40.08073425292969
2024-12-04 21:36:45.171663,198.71920776367188,181.85328674316406,182.12066650390625,231.75308227539062,185.4144287109375,117.77576446533203,228.41786193847656,187.9738311767578,63.0828742980957,219.68299865722656,194.9276885986328,11.74611759185791,207.84173583984375,203.2021026611328,-40.05137634277344
2024-12-04 21:36:45.187427,198.68829345703125,181.82028198242188,182.076171875,231.75076293945312,185.41177368164062,117.79370880126953,228.41404724121094,188.00099182128906,63.07378387451172,219.69602966308594,194.9253387451172,11.766557693481445,207.79336547851562,203.23643493652344,-40.01333999633789
2024-12-04 21:36:45.187427,198.75755310058594,181.80270385742188,182.0767822265625,231.75076293945312,185.41177368164062,117.79370880126953,228.4564666748047,187.97549438476562,63.15818405151367,219.69630432128906,194.86326599121094,11.717957496643066,207.8280029296875,203.1919403076172,-40.08073425292969
2024-12-04 21:36:45.203050,198.69769287109375,181.83872985839844,182.09861755371094,231.75076293945312,185.41177368164062,117.79370880126953,228.38739013671875,187.97698974609375,63.114501953125,219.65484619140625,194.9788360595703,11.823042869567871,207.84173583984375,203.2021026611328,-40.05137634277344
2024-12-04 21:36:45.218597,198.72808837890625,181.8620147705078,182.13632202148438,231.7624053955078,185.42254638671875,117.79682922363281,228.41786193847656,187.9738311767578,63.0828742980957,219.74392700195312,194.8947296142578,11.726409912109375,207.84173583984375,203.2021026611328,-40.05137634277344
2024-12-04 21:36:45.234302,198.7481689453125,181.7842559814453,182.05433654785156,231.75076293945312,185.41177368164062,117.79370880126953,228.44471740722656,187.9884796142578,63.10395812988281,219.7357177734375,194.8894805908203,11.697195053100586,207.84173583984375,203.2021026611328,-40.05137634277344
2024-12-04 21:36:45.234302,198.73745727539062,181.81480407714844,182.03173828125,231.7624053955078,185.42254638671875,117.79682922363281,228.41709899902344,187.99822998046875,63.08647537231445,219.71890258789062,194.94418334960938,11.681838989257812,207.83807373046875,203.2025604248047,-40.08086013793945
2024-12-04 21:36:45.249923,198.70655822753906,181.8474578857422,182.11428833007812,231.75076293945312,185.41177368164062,117.79370880126953,228.4314727783203,187.98068237304688,63.09485626220703,219.74392700195312,194.8947296142578,11.726409912109375,207.84173583984375,203.2021026611328,-40.05137634277344
2024-12-04 21:36:45.268944,198.73416137695312,181.79995727539062,182.03883361816406,231.75076293945312,185.41177368164062,117.79370880126953,228.44471740722656,187.9884796142578,63.10395812988281,219.7132568359375,194.87835693359375,11.738335609436035,207.8280029296875,203.1919403076172,-40.08073425292969
2024-12-04 21:36:45.268944,198.7563934326172,181.83091735839844,182.0547332763672,231.7414093017578,185.40362548828125,117.77285766601562,228.41786193847656,187.9738311767578,63.0828742980957,219.69630432128906,194.86326599121094,11.717957496643066,207.84173583984375,203.2021026611328,-40.05137634277344
2024-12-04 21:36:45.282080,198.78329467773438,181.7476043701172,182.07345581054688,231.75045776367188,185.412841796875,117.76539611816406,228.40750122070312,188.03488159179688,63.099308013916016,219.6462860107422,194.97323608398438,11.79390811920166,207.87338256835938,203.15415954589844,-40.13399124145508
2024-12-04 21:36:45.297850,198.70681762695312,181.8637237548828,182.12242126464844,231.7624053955078,185.42254638671875,117.79682922363281,228.42221069335938,187.98257446289062,63.13328170776367,219.71395874023438,194.86695861816406,11.700766563415527,207.8280029296875,203.1919403076172,-40.08073425292969
2024-12-04 21:36:45.313346,198.7438507080078,181.77085876464844,182.06777954101562,231.73826599121094,185.4016876220703,117.75800323486328,228.35092163085938,188.14303588867188,63.21035385131836,219.6840362548828,194.9178009033203,11.722901344299316,207.83619689941406,203.19329833984375,-40.03108215332031
2024-12-04 21:36:45.313346,198.72251892089844,181.8681182861328,182.1135711669922,231.75076293945312,185.41177368164062,117.79370880126953,228.41786193847656,187.9738311767578,63.0828742980957,219.7059326171875,194.87730407714844,11.67836856842041,207.83619689941406,203.19329833984375,-40.03108215332031
2024-12-04 21:36:45.333512,198.73928833007812,181.77552795410156,182.03866577148438,231.75076293945312,185.41177368164062,117.79370880126953,228.40350341796875,187.99136352539062,63.07448959350586,219.7132568359375,194.87835693359375,11.738335609436035,207.83619689941406,203.19329833984375,-40.03108215332031
2024-12-04 21:36:45.345144,198.69850158691406,181.8882293701172,182.1441650390625,231.75076293945312,185.41177368164062,117.79370880126953,228.43820190429688,187.99166870117188,63.08317565917969,219.69630432128906,194.86326599121094,11.717957496643066,207.83241271972656,203.19363403320312,-40.0606689453125
2024-12-04 21:36:45.345144,198.71176147460938,181.85182189941406,182.09197998046875,231.75076293945312,185.41177368164062,117.79370880126953,228.40350341796875,187.99136352539062,63.07448959350586,219.68853759765625,194.8617401123047,11.658281326293945,207.85922241210938,203.204833984375,-40.06953430175781
2024-12-04 21:36:45.365040,198.69769287109375,181.83872985839844,182.09861755371094,231.7598114013672,185.42098999023438,117.78624725341797,228.41786193847656,187.9738311767578,63.0828742980957,219.7235870361328,194.88099670410156,11.661172866821289,207.83619689941406,203.19329833984375,-40.03108215332031
2024-12-04 21:36:45.376669,198.70901489257812,181.78533935546875,182.0526580810547,231.7598114013672,185.42098999023438,117.78624725341797,228.42044067382812,187.98464965820312,63.063026428222656,219.7216796875,194.88380432128906,11.767616271972656,207.83619689941406,203.19329833984375,-40.03108215332031
2024-12-04 21:36:45.376669,198.73797607421875,181.86424255371094,182.07754516601562,231.72479248046875,185.44427490234375,117.82010650634766,228.42140197753906,187.99423217773438,63.07777786254883,219.71395874023438,194.86695861816406,11.700766563415527,208.13047790527344,202.46627807617188,-40.83456802368164
2024-12-04 21:36:45.392430,198.73944091796875,181.83609008789062,182.09934997558594,231.76161193847656,185.42193603515625,117.79222106933594,228.44204711914062,187.99154663085938,63.09135818481445,219.69149780273438,194.9175262451172,11.796595573425293,207.83619689941406,203.19329833984375,-40.03108215332031
2024-12-04 21:36:45.407960,198.6627960205078,181.8464813232422,182.0341339111328,231.7598114013672,185.42098999023438,117.78624725341797,228.40093994140625,187.99583435058594,63.16035079956055,219.69699096679688,195.01904296875,11.768285751342773,207.84173583984375,203.2021026611328,-40.05137634277344
2024-12-04 21:36:45.423676,198.69786071777344,181.83065795898438,182.07156372070312,231.7624053955078,185.42254638671875,117.79682922363281,228.4418182373047,188.00112915039062,63.13043212890625,219.69676208496094,194.91656494140625,11.729545593261719,207.84173583984375,203.2021026611328,-40.05137634277344
2024-12-04 21:36:45.426396,198.73944091796875,181.83609008789062,182.09934997558594,231.73641967773438,185.45504760742188,117.82323455810547,228.43394470214844,187.99276733398438,63.07191848754883,219.70962524414062,194.87620544433594,11.723750114440918,207.83241271972656,203.19363403320312,-40.0606689453125
2024-12-04 21:36:45.440887,198.70541381835938,181.93356323242188,182.159423828125,231.7624053955078,185.42254638671875,117.79682922363281,228.4326934814453,187.96762084960938,63.127662658691406,219.6840362548828,194.9178009033203,11.722901344299316,207.83619689941406,203.19329833984375,-40.03108215332031
2024-12-04 21:36:45.455433,198.7481689453125,181.7842559814453,182.05433654785156,231.74765014648438,185.4098663330078,117.77869415283203,228.41183471679688,188.00839233398438,63.10751724243164,219.6840362548828,194.9178009033203,11.722901344299316,207.84173583984375,203.2021026611328,-40.05137634277344
2024-12-04 21:36:45.464984,198.70457458496094,181.826171875,182.0466766357422,231.74998474121094,185.4111785888672,117.78914642333984,228.3894500732422,188.14320373535156,63.227210998535156,219.69337463378906,194.92022705078125,11.789104461669922,207.84173583984375,203.2021026611328,-40.05137634277344
2024-12-04 21:36:45.472257,198.73928833007812,181.77552795410156,182.03866577148438,231.75076293945312,185.41177368164062,117.79370880126953,228.41786193847656,187.9738311767578,63.0828742980957,219.6984100341797,194.92251586914062,11.815766334533691,207.83807373046875,203.2025604248047,-40.08086013793945
2024-12-04 21:36:45.487395,198.71157836914062,181.80810546875,182.09963989257812,231.75076293945312,185.41177368164062,117.79370880126953,228.38739013671875,187.97698974609375,63.114501953125,219.71372985839844,194.93165588378906,11.749919891357422,207.84173583984375,203.2021026611328,-40.05137634277344
2024-12-04 21:36:45.487395,198.74949645996094,181.84347534179688,182.10667419433594,231.75076293945312,185.41177368164062,117.79370880126953,228.40350341796875,187.99136352539062,63.07448959350586,219.68870544433594,194.92428588867188,11.706596374511719,207.83241271972656,203.19363403320312,-40.0606689453125
2024-12-04 21:36:45.503157,198.71505737304688,181.82437133789062,182.04737854003906,231.75076293945312,185.41177368164062,117.79370880126953,228.40350341796875,187.99136352539062,63.07448959350586,219.69676208496094,194.91656494140625,11.729545593261719,207.83619689941406,203.19329833984375,-40.03108215332031
2024-12-04 21:36:45.518782,198.7526092529297,181.79324340820312,182.09323120117188,231.75076293945312,185.41177368164062,117.79370880126953,228.38221740722656,188.03182983398438,63.05453109741211,219.68853759765625,194.8617401123047,11.658281326293945,207.84173583984375,203.2021026611328,-40.05137634277344
2024-12-04 21:36:45.534412,198.70384216308594,181.78347778320312,182.00289916992188,231.7598114013672,185.42098999023438,117.78624725341797,228.36654663085938,188.01776123046875,63.09435272216797,219.65286254882812,194.97982788085938,11.79482364654541,207.84173583984375,203.2021026611328,-40.05137634277344
2024-12-04 21:36:45.534412,198.74185180664062,181.7982940673828,182.0856475830078,231.7598114013672,185.42098999023438,117.78624725341797,228.42869567871094,187.9749755859375,63.10242462158203,219.69630432128906,194.86326599121094,11.717957496643066,207.8319549560547,203.1962890625,-40.08198547363281
2024-12-04 21:36:45.550037,198.73056030273438,181.82736206054688,182.08367919921875,231.7386016845703,185.40065002441406,117.7861557006836,228.41831970214844,187.98516845703125,63.11928176879883,219.6631317138672,194.9834442138672,11.779025077819824,207.83619689941406,203.19329833984375,-40.03108215332031
2024-12-04 21:36:45.566144,198.69119262695312,181.90316772460938,182.12046813964844,231.74765014648438,185.4098663330078,117.77869415283203,228.41786193847656,187.9738311767578,63.0828742980957,219.7004852294922,194.85723876953125,11.663354873657227,207.82235717773438,203.18312072753906,-40.06111145019531
2024-12-04 21:36:45.566144,198.7346649169922,181.84939575195312,182.08465576171875,231.75076293945312,185.41177368164062,117.79370880126953,228.41709899902344,187.99822998046875,63.08647537231445,219.71395874023438,194.86695861816406,11.700766563415527,207.83619689941406,203.19329833984375,-40.03108215332031
2024-12-04 21:36:45.581819,198.79177856445312,181.7921600341797,182.09490966796875,231.75076293945312,185.41177368164062,117.79370880126953,228.416748046875,187.99917602539062,63.08354187011719,219.7059326171875,194.87730407714844,11.67836856842041,207.84173583984375,203.2021026611328,-40.05137634277344
2024-12-04 21:36:45.597441,198.71209716796875,181.87098693847656,182.0619354248047,231.75076293945312,185.41177368164062,117.79370880126953,228.41786193847656,187.9738311767578,63.0828742980957,219.69630432128906,194.86326599121094,11.717957496643066,207.83619689941406,203.19329833984375,-40.03108215332031
2024-12-04 21:36:45.613034,198.7294158935547,181.85557556152344,182.06163024902344,231.7624053955078,185.42254638671875,117.79682922363281,228.4022216796875,187.97079467773438,63.1592903137207,219.7357177734375,194.8894805908203,11.697195053100586,207.84173583984375,203.2021026611328,-40.05137634277344
2024-12-04 21:36:45.613034,198.73944091796875,181.83609008789062,182.09934997558594,231.7624053955078,185.42254638671875,117.79682922363281,228.41786193847656,187.9738311767578,63.0828742980957,219.68853759765625,194.92161560058594,11.730024337768555,207.83619689941406,203.19329833984375,-40.03108215332031
2024-12-04 21:36:45.628659,198.7563934326172,181.83091735839844,182.0547332763672,231.75076293945312,185.41177368164062,117.79370880126953,228.40347290039062,187.9959259033203,63.10354995727539,219.736083984375,194.89459228515625,11.653059005737305,207.83619689941406,203.19329833984375,-40.03108215332031
2024-12-04 21:36:45.644324,198.73416137695312,181.79995727539062,182.03883361816406,231.75076293945312,185.41177368164062,117.79370880126953,228.404052734375,188.02584838867188,63.0510368347168,219.70619201660156,194.8654327392578,11.64108657836914,207.84173583984375,203.2021026611328,-40.05137634277344
2024-12-04 21:36:45.644324,198.73928833007812,181.77552795410156,182.03866577148438,231.75076293945312,185.41177368164062,117.79370880126953,228.43112182617188,187.9816436767578,63.091922760009766,219.71292114257812,194.94586181640625,11.735451698303223,207.84173583984375,203.2021026611328,-40.05137634277344
2024-12-04 21:36:45.665000,198.72610473632812,181.84072875976562,182.0687255859375,231.77145385742188,185.4317626953125,117.78937530517578,228.43930053710938,187.9786376953125,63.11567306518555,219.7309112548828,194.88204956054688,11.721144676208496,207.84173583984375,203.2021026611328,-40.05137634277344
2024-12-04 21:36:45.676053,198.73416137695312,181.79995727539062,182.03883361816406,231.7624053955078,185.42254638671875,117.79682922363281,228.3970184326172,188.01458740234375,63.062721252441406,219.65724182128906,194.97998046875,11.834955215454102,207.84173583984375,203.2021026611328,-40.05137634277344
2024-12-04 21:36:45.691724,198.75755310058594,181.80270385742188,182.0767822265625,231.7598114013672,185.42098999023438,117.78624725341797,228.42140197753906,187.99423217773438,63.07777786254883,219.6756134033203,194.9348602294922,11.722346305847168,207.84173583984375,203.2021026611328,-40.05137634277344
2024-12-04 21:36:45.691724,198.68963623046875,181.87950134277344,182.12850952148438,231.7642059326172,185.42486572265625,117.7740249633789,228.41786193847656,187.9738311767578,63.0828742980957,219.70333862304688,194.92315673828125,11.730461120605469,207.83619689941406,203.19329833984375,-40.03108215332031
2024-12-04 21:36:45.707360,198.73138427734375,181.87684631347656,182.1292266845703,231.75076293945312,185.41177368164062,117.79370880126953,228.40350341796875,187.99136352539062,63.07448959350586,219.7158660888672,194.93931579589844,11.824692726135254,207.84173583984375,203.2021026611328,-40.05137634277344
2024-12-04 21:36:45.723005,198.7107696533203,181.87742614746094,182.1366424560547,231.74765014648438,185.4098663330078,117.77869415283203,228.41786193847656,187.9738311767578,63.0828742980957,219.70640563964844,194.93060302734375,11.68995475769043,207.82235717773438,203.18312072753906,-40.06111145019531
2024-12-04 21:36:45.723005,198.7294158935547,181.85557556152344,182.06163024902344,231.75076293945312,185.41177368164062,117.79370880126953,228.42140197753906,187.99423217773438,63.07777786254883,219.69676208496094,194.91656494140625,11.729545593261719,207.83619689941406,203.19329833984375,-40.03108215332031
2024-12-04 21:36:45.738603,198.70558166503906,181.804443359375,182.0697784423828,231.74998474121094,185.4111785888672,117.78914642333984,228.41786193847656,187.9738311767578,63.0828742980957,219.65536499023438,194.98191833496094,11.719361305236816,207.83619689941406,203.19329833984375,-40.03108215332031
2024-12-04 21:36:45.754236,198.73745727539062,181.81480407714844,182.03173828125,231.74998474121094,185.4111785888672,117.78914642333984,228.41786193847656,187.9738311767578,63.0828742980957,219.70619201660156,194.8654327392578,11.64108657836914,207.82235717773438,203.18312072753906,-40.06111145019531
2024-12-04 21:36:45.765288,198.72726440429688,181.81251525878906,182.0907745361328,231.75076293945312,185.41177368164062,117.79370880126953,228.4326934814453,187.96762084960938,63.127662658691406,219.69630432128906,194.86326599121094,11.717957496643066,207.84173583984375,203.2021026611328,-40.05137634277344
2024-12-04 21:36:45.779548,198.71920776367188,181.85328674316406,182.12066650390625,231.7386016845703,185.40065002441406,117.7861557006836,228.41786193847656,187.9738311767578,63.0828742980957,219.71893310546875,194.87449645996094,11.677480697631836,207.83619689941406,203.19329833984375,-40.03108215332031
2024-12-04 21:36:45.787274,198.7097930908203,181.83053588867188,182.02435302734375,231.7386016845703,185.40065002441406,117.7861557006836,228.44174194335938,188.01206970214844,63.07808303833008,219.7393341064453,194.8874969482422,11.750426292419434,207.8319549560547,203.1962890625,-40.08198547363281
2024-12-04 21:36:45.802484,198.7361297607422,181.8212432861328,182.1064453125,231.7624053955078,185.42254638671875,117.79682922363281,228.4326934814453,187.96762084960938,63.127662658691406,219.6631317138672,194.9834442138672,11.779025077819824,207.84173583984375,203.2021026611328,-40.05137634277344
2024-12-04 21:36:45.810307,198.76641845703125,181.81143188476562,182.0924530029297,231.7624053955078,185.42254638671875,117.79682922363281,228.42840576171875,187.98345947265625,63.08216857910156,219.640625,194.96527099609375,11.814583778381348,208.1176300048828,202.46470642089844,-40.854774475097656
2024-12-04 21:36:45.818879,198.70655822753906,181.8474578857422,182.11428833007812,231.7386016845703,185.40065002441406,117.7861557006836,228.38739013671875,187.97698974609375,63.114501953125,219.71804809570312,194.8857879638672,11.714388847351074,207.8280029296875,203.1919403076172,-40.08073425292969
2024-12-04 21:36:45.835224,198.73944091796875,181.83609008789062,182.09934997558594,231.7414093017578,185.40362548828125,117.77285766601562,228.42840576171875,187.98345947265625,63.08216857910156,219.70126342773438,194.8708038330078,11.694674491882324,207.84173583984375,203.2021026611328,-40.05137634277344
2024-12-04 21:36:45.835224,198.71315002441406,181.8348388671875,182.06259155273438,231.7624053955078,185.42254638671875,117.79682922363281,228.416748046875,187.99917602539062,63.08354187011719,219.71804809570312,194.8857879638672,11.714388847351074,207.84173583984375,203.2021026611328,-40.05137634277344
2024-12-04 21:36:45.849777,198.74664306640625,181.7349853515625,182.01429748535156,231.75076293945312,185.41177368164062,117.79370880126953,228.42153930664062,188.01927185058594,63.113800048828125,219.71395874023438,194.86695861816406,11.700766563415527,207.87704467773438,203.15370178222656,-40.1045036315918
2024-12-04 21:36:45.865345,198.72251892089844,181.8681182861328,182.1135711669922,231.7386016845703,185.40065002441406,117.7861557006836,228.41758728027344,188.02139282226562,63.068687438964844,219.699951171875,194.94277954101562,11.766490936279297,207.82620239257812,203.18727111816406,-40.06181335449219
2024-12-04 21:36:45.865345,198.73928833007812,181.77552795410156,182.03866577148438,231.76394653320312,185.41464233398438,117.79418182373047,228.43112182617188,187.9816436767578,63.091922760009766,219.68295288085938,194.9359130859375,11.782303810119629,207.82235717773438,203.18312072753906,-40.06111145019531
2024-12-04 21:36:45.881039,198.74603271484375,181.82347106933594,182.0476531982422,231.75076293945312,185.41177368164062,117.79370880126953,228.40350341796875,187.99136352539062,63.07448959350586,219.71372985839844,194.93165588378906,11.749919891357422,207.84173583984375,203.2021026611328,-40.05137634277344
2024-12-04 21:36:45.896649,198.7052001953125,181.883544921875,182.11387634277344,231.7386016845703,185.40065002441406,117.7861557006836,228.41709899902344,187.99822998046875,63.08647537231445,219.69630432128906,194.86326599121094,11.717957496643066,207.84451293945312,203.17076110839844,-40.06395721435547
2024-12-04 21:36:45.912357,198.77301025390625,181.79881286621094,182.04075622558594,231.72479248046875,185.44427490234375,117.82010650634766,228.42124938964844,188.00672912597656,63.1102409362793,219.70724487304688,194.87002563476562,11.759016990661621,207.82235717773438,203.18312072753906,-40.06111145019531
2024-12-04 21:36:45.912357,198.7294158935547,181.85557556152344,182.06163024902344,231.77145385742188,185.4317626953125,117.78937530517578,228.41786193847656,187.9738311767578,63.0828742980957,219.7340087890625,194.88119506835938,11.758641242980957,207.82235717773438,203.18312072753906,-40.06111145019531
2024-12-04 21:36:45.927980,198.73944091796875,181.83609008789062,182.09934997558594,231.7386016845703,185.40065002441406,117.7861557006836,228.41831970214844,187.98516845703125,63.11928176879883,219.68853759765625,194.8617401123047,11.658281326293945,207.85922241210938,203.204833984375,-40.06953430175781
2024-12-04 21:36:45.943756,198.75755310058594,181.80270385742188,182.0767822265625,231.7386016845703,185.40065002441406,117.7861557006836,228.41786193847656,187.9738311767578,63.0828742980957,219.69630432128906,194.86326599121094,11.717957496643066,207.83619689941406,203.19329833984375,-40.03108215332031
2024-12-04 21:36:45.956662,198.72808837890625,181.8620147705078,182.13632202148438,231.75076293945312,185.41177368164062,117.79370880126953,228.4326934814453,187.96762084960938,63.127662658691406,219.71395874023438,194.86695861816406,11.700766563415527,207.83619689941406,203.19329833984375,-40.03108215332031
2024-12-04 21:36:45.965767,198.73056030273438,181.82736206054688,182.08367919921875,231.73826599121094,185.4016876220703,117.75800323486328,228.4037322998047,187.99461364746094,63.10713195800781,219.70974731445312,194.93104553222656,11.843892097473145,207.83619689941406,203.19329833984375,-40.03108215332031
2024-12-04 21:36:45.975817,198.69769287109375,181.83872985839844,182.09861755371094,231.75076293945312,185.41177368164062,117.79370880126953,228.40065002441406,187.98480224609375,63.12355422973633,219.70619201660156,194.8654327392578,11.64108657836914,207.83619689941406,203.19329833984375,-40.03108215332031
2024-12-04 21:36:45.991492,198.74949645996094,181.84347534179688,182.10667419433594,231.75076293945312,185.41177368164062,117.79370880126953,228.40350341796875,187.99136352539062,63.07448959350586,219.7216796875,194.88380432128906,11.767616271972656,207.83619689941406,203.19329833984375,-40.03108215332031
2024-12-04 21:36:45.991492,198.73745727539062,181.81480407714844,182.03173828125,231.7624053955078,185.42254638671875,117.79682922363281,228.41786193847656,187.9738311767578,63.0828742980957,219.70640563964844,194.93060302734375,11.68995475769043,207.8280029296875,203.1919403076172,-40.08073425292969
2024-12-04 21:36:46.010694,198.7022705078125,181.7895965576172,182.07687377929688,231.75076293945312,185.41177368164062,117.79370880126953,228.369140625,187.99423217773438,63.13240051269531,219.69630432128906,194.86326599121094,11.717957496643066,207.83619689941406,203.19329833984375,-40.03108215332031
2024-12-04 21:36:46.023331,198.71487426757812,181.8229522705078,182.09254455566406,231.75076293945312,185.41177368164062,117.79370880126953,228.41786193847656,187.9738311767578,63.0828742980957,219.67906188964844,194.91024780273438,11.746183395385742,207.84173583984375,203.2021026611328,-40.05137634277344
2024-12-04 21:36:46.023331,198.7649688720703,181.83958435058594,182.07064819335938,231.7624053955078,185.42254638671875,117.79682922363281,228.38478088378906,188.0426483154297,63.03468322753906,219.71804809570312,194.8857879638672,11.714388847351074,207.83619689941406,203.19329833984375,-40.03108215332031
2024-12-04 21:36:46.039103,198.69769287109375,181.83872985839844,182.09861755371094,231.7624053955078,185.42254638671875,117.79682922363281,228.43466186523438,188.00204467773438,63.08682632446289,219.70904541015625,194.93801879882812,11.771822929382324,207.84173583984375,203.2021026611328,-40.05137634277344
2024-12-04 21:36:46.054718,198.73944091796875,181.83609008789062,182.09934997558594,231.75076293945312,185.41177368164062,117.79370880126953,228.43394470214844,187.99276733398438,63.07191848754883,219.7132568359375,194.87835693359375,11.738335609436035,207.83619689941406,203.19329833984375,-40.03108215332031
2024-12-04 21:36:46.065847,198.74949645996094,181.84347534179688,182.10667419433594,231.7427520751953,185.4412078857422,117.80349731445312,228.41786193847656,187.9738311767578,63.0828742980957,219.7515106201172,194.9005584716797,11.744095802307129,207.83807373046875,203.2025604248047,-40.08086013793945
2024-12-04 21:36:46.070510,198.70457458496094,181.826171875,182.0466766357422,231.75076293945312,185.41177368164062,117.79370880126953,228.44578552246094,187.97512817382812,63.137107849121094,219.6840362548828,194.9178009033203,11.722901344299316,207.84173583984375,203.2021026611328,-40.05137634277344
2024-12-04 21:36:46.086271,198.73056030273438,181.82736206054688,182.08367919921875,231.75076293945312,185.41177368164062,117.79370880126953,228.45974731445312,187.99560546875,63.11820983886719,219.71372985839844,194.93165588378906,11.749919891357422,207.83619689941406,203.19329833984375,-40.03108215332031
2024-12-04 21:36:46.101893,198.69769287109375,181.83872985839844,182.09861755371094,231.75076293945312,185.41177368164062,117.79370880126953,228.40350341796875,187.99136352539062,63.07448959350586,219.69239807128906,194.92320251464844,11.751974105834961,207.83807373046875,203.2025604248047,-40.08086013793945
2024-12-04 21:36:46.101893,198.71176147460938,181.85182189941406,182.09197998046875,231.77145385742188,185.4317626953125,117.78937530517578,228.43466186523438,188.00204467773438,63.08682632446289,219.7017364501953,194.9241180419922,11.706260681152344,207.87149047851562,203.14488220214844,-40.084205627441406
2024-12-04 21:36:46.117529,198.7361297607422,181.8212432861328,182.1064453125,231.74765014648438,185.4098663330078,117.77869415283203,228.41786193847656,187.9738311767578,63.0828742980957,219.70619201660156,194.8654327392578,11.64108657836914,207.82235717773438,203.18312072753906,-40.06111145019531
2024-12-04 21:36:46.133150,198.7644500732422,181.79014587402344,182.02484130859375,231.75076293945312,185.41177368164062,117.79370880126953,228.41709899902344,187.99822998046875,63.08647537231445,219.69064331054688,194.8553009033203,11.73863697052002,207.8280029296875,203.1919403076172,-40.08073425292969
2024-12-04 21:36:46.133150,198.73875427246094,181.82717895507812,182.0850830078125,231.7624053955078,185.42254638671875,117.79682922363281,228.44204711914062,187.99154663085938,63.09135818481445,219.70724487304688,194.87002563476562,11.759016990661621,207.83619689941406,203.19329833984375,-40.03108215332031
2024-12-04 21:36:46.150252,198.67002868652344,181.85447692871094,182.09124755859375,231.75076293945312,185.41177368164062,117.79370880126953,228.40350341796875,187.99136352539062,63.07448959350586,219.7059326171875,194.87730407714844,11.67836856842041,207.83619689941406,203.19329833984375,-40.03108215332031
2024-12-04 21:36:46.166061,198.71315002441406,181.8348388671875,182.06259155273438,231.7598114013672,185.42098999023438,117.78624725341797,228.41709899902344,187.99822998046875,63.08647537231445,219.7335662841797,194.9456329345703,11.808056831359863,207.87704467773438,203.15370178222656,-40.1045036315918
2024-12-04 21:36:46.166061,198.70655822753906,181.8474578857422,182.11428833007812,231.75076293945312,185.41177368164062,117.79370880126953,228.42489624023438,187.98507690429688,63.071189880371094,219.7132568359375,194.87835693359375,11.738335609436035,207.83619689941406,203.19329833984375,-40.03108215332031
2024-12-04 21:36:46.180700,198.75755310058594,181.80270385742188,182.0767822265625,231.75076293945312,185.41177368164062,117.79370880126953,228.42369079589844,188.01048278808594,63.07155227661133,219.72251892089844,194.87255859375,11.729911804199219,207.83619689941406,203.19329833984375,-40.03108215332031
2024-12-04 21:36:46.196478,198.73902893066406,181.78810119628906,182.08676147460938,231.72479248046875,185.44427490234375,117.82010650634766,228.43112182617188,187.9816436767578,63.091922760009766,219.69064331054688,194.8553009033203,11.73863697052002,207.83619689941406,203.19329833984375,-40.03108215332031
2024-12-04 21:36:46.212089,198.75973510742188,181.75315856933594,182.06324768066406,231.75076293945312,185.41177368164062,117.79370880126953,228.41786193847656,187.9738311767578,63.0828742980957,219.69064331054688,194.8553009033203,11.73863697052002,207.83619689941406,203.19329833984375,-40.03108215332031
2024-12-04 21:36:46.212089,198.72251892089844,181.8681182861328,182.1135711669922,231.7598114013672,185.42098999023438,117.78624725341797,228.43540954589844,187.97804260253906,63.10906219482422,219.6783905029297,194.9098358154297,11.743618965148926,207.84173583984375,203.2021026611328,-40.05137634277344
2024-12-04 21:36:46.235834,198.73745727539062,181.81480407714844,182.03173828125,231.75076293945312,185.41177368164062,117.79370880126953,228.43539428710938,187.99472045898438,63.07032775878906,219.69110107421875,194.90859985351562,11.750226974487305,207.84173583984375,203.2021026611328,-40.05137634277344
2024-12-04 21:36:46.243598,198.73056030273438,181.82736206054688,182.08367919921875,231.75076293945312,185.41177368164062,117.79370880126953,228.4559783935547,187.98985290527344,63.12384033203125,219.6975860595703,194.91510009765625,11.751126289367676,207.83619689941406,203.19329833984375,-40.03108215332031
2024-12-04 21:36:46.243598,198.71231079101562,181.8001708984375,182.04556274414062,231.7624053955078,185.42254638671875,117.79682922363281,228.41786193847656,187.9738311767578,63.0828742980957,219.69630432128906,194.86326599121094,11.717957496643066,208.24266052246094,202.44789123535156,-40.85308837890625
2024-12-04 21:36:46.266499,198.73944091796875,181.83609008789062,182.09934997558594,231.7624053955078,185.42254638671875,117.79682922363281,228.42140197753906,187.99423217773438,63.07777786254883,219.7235870361328,194.88099670410156,11.661172866821289,207.8280029296875,203.1919403076172,-40.08073425292969
2024-12-04 21:36:46.275138,198.68963623046875,181.87950134277344,182.12850952148438,231.7624053955078,185.42254638671875,117.79682922363281,228.40757751464844,187.99610900878906,63.111568450927734,219.6908416748047,194.92298889160156,11.73906421661377,207.84173583984375,203.2021026611328,-40.05137634277344
2024-12-04 21:36:46.290900,198.69850158691406,181.8882293701172,182.1441650390625,231.75076293945312,185.41177368164062,117.79370880126953,228.416748046875,187.99917602539062,63.08354187011719,219.7216796875,194.88380432128906,11.767616271972656,207.84173583984375,203.2021026611328,-40.05137634277344
2024-12-04 21:36:46.290900,198.74603271484375,181.82347106933594,182.0476531982422,231.7624053955078,185.42254638671875,117.79682922363281,228.40960693359375,188.02259826660156,63.0495491027832,219.71395874023438,194.86695861816406,11.700766563415527,207.84173583984375,203.2021026611328,-40.05137634277344
2024-12-04 21:36:46.306529,198.7361297607422,181.8212432861328,182.1064453125,231.7624053955078,185.42254638671875,117.79682922363281,228.40350341796875,187.99136352539062,63.07448959350586,219.6876220703125,194.9158477783203,11.775323867797852,207.83619689941406,203.19329833984375,-40.03108215332031
2024-12-04 21:36:46.322163,198.7346649169922,181.84939575195312,182.08465576171875,231.7386016845703,185.40065002441406,117.7861557006836,228.40350341796875,187.99136352539062,63.07448959350586,219.69630432128906,194.86326599121094,11.717957496643066,207.84173583984375,203.2021026611328,-40.05137634277344
2024-12-04 21:36:46.322163,198.7644500732422,181.79014587402344,182.02484130859375,231.75076293945312,185.41177368164062,117.79370880126953,228.40350341796875,187.99136352539062,63.07448959350586,219.70082092285156,194.93276977539062,11.742612838745117,207.83619689941406,203.19329833984375,-40.03108215332031
2024-12-04 21:36:46.337770,198.69094848632812,181.84300231933594,182.12281799316406,231.75076293945312,185.41177368164062,117.79370880126953,228.41786193847656,187.9738311767578,63.0828742980957,219.70126342773438,194.8708038330078,11.694674491882324,207.84173583984375,203.2021026611328,-40.05137634277344
2024-12-04 21:36:46.353405,198.70846557617188,181.8369903564453,182.0990753173828,231.75076293945312,185.41177368164062,117.79370880126953,228.4326934814453,187.96762084960938,63.127662658691406,219.71395874023438,194.86695861816406,11.700766563415527,207.84173583984375,203.2021026611328,-40.05137634277344
