2024-10-17 20:34:03.614,-0.0,0.0,0.0,-0.0,3.0,703.0,704.0
2024-10-17 20:34:03.902,-0.08791208791217286,0.0,0.0,0.7912087912088737,793.0,703.0,704.0
2024-10-17 20:34:04.286,-0.0,0.0,0.0,1.8461538461538112,793.0,703.0,704.0
2024-10-17 20:34:04.591,-0.08791208791217286,-0.08791208791217286,0.0,2.901098901098976,794.0,703.0,704.0
2024-10-17 20:34:04.894,-0.0,0.0,0.0,3.868131868131968,794.0,703.0,704.0
2024-10-17 20:34:05.214,-0.08791208791217286,0.0,0.0,4.835164835164733,794.0,703.0,704.0
2024-10-17 20:34:05.502,-0.0,0.0,0.0,5.890109890109898,795.0,703.0,704.0
2024-10-17 20:34:05.806,-0.0,0.0,0.0,6.85714285714289,795.0,704.0,704.0
2024-10-17 20:34:06.127,-0.0,0.0,0.0,7.912087912087827,796.0,704.0,704.0
2024-10-17 20:34:06.430,-0.0,-0.08791208791217286,0.0,8.87912087912082,796.0,704.0,704.0
2024-10-17 20:34:06.719,-0.0,0.0,0.0,9.846153846153811,797.0,705.0,705.0
2024-10-17 20:34:07.038,-0.0,0.0,0.0,10.901098901098976,798.0,704.0,705.0
2024-10-17 20:34:07.326,-0.08791208791217286,-0.08791208791217286,0.0,11.868131868131968,798.0,705.0,705.0
2024-10-17 20:34:07.630,-0.0,0.0,0.0,12.747252747252787,799.0,705.0,705.0
2024-10-17 20:34:07.934,-0.0,0.0,0.0,13.802197802197725,800.0,705.0,705.0
2024-10-17 20:34:08.254,-0.0,-0.08791208791217286,0.0,14.769230769230717,800.0,705.0,705.0
2024-10-17 20:34:08.595,-0.0,-0.08791208791217286,0.0,15.912087912087827,801.0,706.0,706.0
2024-10-17 20:34:08.958,-0.0,-0.08791208791217286,0.0,16.791208791208874,802.0,706.0,706.0
2024-10-17 20:34:09.263,-0.0,-0.08791208791217286,0.0,17.84615384615381,803.0,706.0,706.0
2024-10-17 20:34:09.582,-0.0,0.0,0.0,18.901098901098976,803.0,706.0,706.0
2024-10-17 20:34:09.966,-0.0,0.0,0.0,19.868131868131968,804.0,706.0,706.0
2024-10-17 20:34:10.270,-0.0,0.0,0.0,20.835164835164733,804.0,706.0,706.0
2024-10-17 20:34:10.591,-0.08791208791217286,0.0,0.0,21.802197802197725,805.0,707.0,706.0
2024-10-17 20:34:10.879,-0.0,-0.08791208791217286,0.0,22.769230769230717,806.0,707.0,707.0
2024-10-17 20:34:11.183,-0.0,0.0,0.0,23.82417582417588,806.0,707.0,707.0
2024-10-17 20:34:11.487,-0.0,0.0,0.0,24.791208791208874,807.0,707.0,707.0
2024-10-17 20:34:11.791,-0.0,0.0,0.0,25.758241758241866,808.0,708.0,707.0
2024-10-17 20:34:12.111,-0.0,-0.08791208791217286,0.0,26.901098901098976,809.0,708.0,708.0
2024-10-17 20:34:12.399,-0.08791208791217286,0.0,0.0,27.780219780219795,810.0,708.0,708.0
2024-10-17 20:34:12.702,-0.08791208791217286,0.0,0.0,28.835164835164733,811.0,708.0,708.0
2024-10-17 20:34:13.007,-0.08791208791217286,0.0,0.0,29.890109890109898,812.0,708.0,708.0
2024-10-17 20:34:13.312,-0.0,0.0,0.0,30.769230769230717,812.0,709.0,709.0
2024-10-17 20:34:13.647,-0.0,0.0,0.0,31.912087912087827,813.0,709.0,709.0
2024-10-17 20:34:14.031,-0.0,0.0,0.0,32.87912087912082,814.0,709.0,709.0
2024-10-17 20:34:14.351,-0.0,0.0,0.0,33.84615384615381,814.0,709.0,709.0
2024-10-17 20:34:14.735,-0.0,0.0,0.0,34.8131868131868,815.0,709.0,709.0
2024-10-17 20:34:15.055,-0.0,0.0,0.0,35.86813186813197,816.0,710.0,710.0
2024-10-17 20:34:15.343,-0.0,0.0,0.0,36.74725274725279,817.0,710.0,710.0
2024-10-17 20:34:15.647,-0.0,0.0,0.0,37.802197802197725,819.0,710.0,711.0
2024-10-17 20:34:15.951,-0.0,0.0,0.0,38.76923076923072,820.0,710.0,711.0
2024-10-17 20:34:16.255,-0.0,0.0,0.0,39.82417582417588,821.0,711.0,712.0
2024-10-17 20:34:16.576,-0.08791208791217286,0.0,0.0,40.791208791208874,822.0,711.0,712.0
2024-10-17 20:34:16.863,-0.0,0.0,0.0,41.758241758241866,823.0,711.0,712.0
2024-10-17 20:34:17.168,-0.0,0.0,0.0,42.8131868131868,824.0,712.0,712.0
2024-10-17 20:34:17.472,-0.0,0.0,0.0,43.780219780219795,825.0,712.0,713.0
2024-10-17 20:34:17.776,-0.0,0.0,0.0,44.74725274725279,826.0,712.0,713.0
2024-10-17 20:34:18.080,-0.0,0.0,0.0,45.802197802197725,828.0,713.0,714.0
2024-10-17 20:34:18.399,-0.0,0.0,0.0,46.76923076923072,829.0,713.0,714.0
2024-10-17 20:34:18.702,-0.0,0.0,0.0,47.82417582417588,830.0,713.0,714.0
2024-10-17 20:34:19.007,-0.0,0.0,0.0,48.791208791208874,831.0,713.0,715.0
2024-10-17 20:34:19.312,-0.08791208791217286,0.0,0.0,49.758241758241866,832.0,714.0,715.0
2024-10-17 20:34:19.615,-0.0,0.0,0.0,50.8131868131868,833.0,714.0,715.0
2024-10-17 20:34:19.920,-0.0,0.0,0.0,51.780219780219795,834.0,714.0,715.0
2024-10-17 20:34:20.239,-0.0,0.0,0.0,52.74725274725279,835.0,714.0,716.0
2024-10-17 20:34:20.639,-0.0,0.0,0.0,53.802197802197725,836.0,715.0,716.0
2024-10-17 20:34:21.039,-0.0,0.0,0.0,54.76923076923072,837.0,715.0,716.0
2024-10-17 20:34:21.455,-0.0,0.0,0.0,55.82417582417588,839.0,716.0,717.0
2024-10-17 20:34:21.855,-0.0,0.0,0.0,56.791208791208874,839.0,716.0,717.0
2024-10-17 20:34:22.239,-0.0,0.0,0.0,57.67032967032969,841.0,716.0,718.0
2024-10-17 20:34:22.560,-0.0,0.0,0.0,58.8131868131868,842.0,717.0,718.0
2024-10-17 20:34:22.848,-0.0,0.0,0.0,59.780219780219795,843.0,717.0,718.0
2024-10-17 20:34:23.151,-0.0,0.0,0.0,60.74725274725279,845.0,717.0,718.0
2024-10-17 20:34:23.455,-0.0,0.0,0.0,61.802197802197725,846.0,717.0,719.0
2024-10-17 20:34:23.759,-0.0,0.0,0.0,62.76923076923072,848.0,718.0,719.0
2024-10-17 20:34:24.063,-0.0,0.0,0.0,63.82417582417588,849.0,718.0,720.0
2024-10-17 20:34:24.368,-0.0,0.0,0.0,64.7032967032967,850.0,718.0,720.0
2024-10-17 20:34:24.671,-0.0,0.0,0.0,65.75824175824187,851.0,719.0,720.0
2024-10-17 20:34:24.976,-0.0,0.0,0.0,66.8131868131868,853.0,719.0,720.0
2024-10-17 20:34:25.279,-0.0,0.0,0.0,67.7802197802198,854.0,720.0,721.0
2024-10-17 20:34:25.600,-0.0,0.0,0.0,68.74725274725279,856.0,720.0,722.0
2024-10-17 20:34:25.888,-0.08791208791217286,0.0,0.0,69.80219780219772,858.0,720.0,722.0
2024-10-17 20:34:26.191,-0.0,0.0,0.0,70.68131868131877,859.0,721.0,723.0
2024-10-17 20:34:26.496,-0.0,0.0,0.0,71.73626373626371,861.0,721.0,723.0
2024-10-17 20:34:26.800,-0.0,0.0,0.0,72.79120879120887,862.0,722.0,723.0
2024-10-17 20:34:27.104,-0.08791208791217286,0.0,0.0,73.67032967032969,863.0,722.0,724.0
2024-10-17 20:34:27.408,-0.0,0.0,0.0,74.8131868131868,864.0,722.0,724.0
2024-10-17 20:34:27.712,-0.0,0.0,0.0,75.69230769230762,865.0,722.0,724.0
2024-10-17 20:34:28.032,-0.0,0.0,0.0,76.65934065934061,866.0,722.0,725.0
2024-10-17 20:34:28.319,-0.0,0.0,0.0,77.71428571428578,867.0,722.0,725.0
2024-10-17 20:34:28.624,-0.0,0.0,0.0,78.68131868131877,869.0,723.0,725.0
2024-10-17 20:34:28.944,-0.0,0.0,0.0,79.73626373626371,870.0,723.0,725.0
2024-10-17 20:34:29.232,-0.0,0.0,0.0,80.79120879120887,871.0,723.0,725.0
2024-10-17 20:34:29.536,-0.0,0.0,0.0,81.67032967032969,872.0,724.0,726.0
2024-10-17 20:34:29.840,-0.0,0.0,0.0,82.72527472527463,874.0,724.0,726.0
2024-10-17 20:34:30.176,-0.0,0.0,0.0,83.60439560439568,875.0,724.0,727.0
2024-10-17 20:34:30.560,-0.0,0.0,0.0,84.65934065934061,876.0,725.0,727.0
2024-10-17 20:34:30.864,-0.0,0.0,0.0,85.71428571428578,877.0,725.0,727.0
2024-10-17 20:34:31.168,-0.0,0.0,0.0,86.5934065934066,878.0,725.0,727.0
2024-10-17 20:34:31.472,-0.0,0.0,0.0,87.73626373626371,879.0,725.0,728.0
2024-10-17 20:34:31.792,-0.0,0.0,0.0,88.7032967032967,880.0,726.0,728.0
2024-10-17 20:34:32.177,-0.08791208791217286,0.0,0.0,89.67032967032969,881.0,726.0,728.0
2024-10-17 20:34:32.496,-0.0,0.0,0.0,90.63736263736268,882.0,726.0,728.0
2024-10-17 20:34:32.784,-0.0,0.0,0.0,-1909.4065934065934,883.0,726.0,729.0
2024-10-17 20:34:33.216,-0.0,0.0,0.0,92.57142857142867,884.0,726.0,729.0
2024-10-17 20:34:33.617,-0.0,0.0,0.0,93.6263736263736,885.0,727.0,729.0
2024-10-17 20:34:34.016,-0.0,0.0,0.0,94.5934065934066,887.0,727.0,729.0
2024-10-17 20:34:34.320,-0.0,0.0,0.0,95.64835164835176,888.0,727.0,730.0
2024-10-17 20:34:34.608,-0.0,0.0,0.0,96.7032967032967,889.0,728.0,730.0
2024-10-17 20:34:34.912,-0.0,0.0,0.0,97.67032967032969,890.0,728.0,730.0
2024-10-17 20:34:35.216,-0.0,0.0,0.0,98.63736263736268,891.0,728.0,730.0
2024-10-17 20:34:35.522,-0.0,0.0,0.0,99.60439560439568,892.0,729.0,731.0
2024-10-17 20:34:35.835,-0.0,0.0,0.0,100.57142857142867,893.0,728.0,731.0
2024-10-17 20:34:36.128,-0.08791208791217286,0.0,0.0,101.53846153846143,895.0,729.0,732.0
2024-10-17 20:34:36.432,-0.0,0.0,0.0,102.5934065934066,896.0,730.0,732.0
2024-10-17 20:34:36.736,-0.0,0.0,0.0,103.64835164835176,898.0,730.0,732.0
2024-10-17 20:34:37.040,-0.0,0.0,0.0,104.61538461538453,899.0,730.0,732.0
2024-10-17 20:34:37.376,-0.0,0.0,0.0,105.58241758241752,900.0,730.0,732.0
2024-10-17 20:34:37.777,-0.0,0.0,0.0,106.63736263736268,901.0,731.0,733.0
2024-10-17 20:34:38.160,-0.0,0.0,0.0,107.60439560439568,903.0,731.0,733.0
2024-10-17 20:34:38.480,-0.0,0.0,0.0,108.57142857142867,905.0,731.0,734.0
2024-10-17 20:34:38.768,-0.0,0.0,0.0,109.53846153846143,906.0,731.0,734.0
2024-10-17 20:34:39.073,-0.0,0.0,0.0,110.50549450549443,908.0,732.0,734.0
2024-10-17 20:34:39.377,-0.0,0.0,0.0,111.64835164835176,910.0,732.0,735.0
2024-10-17 20:34:39.681,-0.0,0.0,0.0,112.52747252747258,912.0,733.0,735.0
2024-10-17 20:34:40.016,-0.08791208791217286,0.0,0.0,113.49450549450557,913.0,733.0,735.0
2024-10-17 20:34:40.417,-0.0,0.0,0.0,114.46153846153857,914.0,733.0,735.0
2024-10-17 20:34:40.801,-0.0,0.0,0.0,115.5164835164835,916.0,733.0,736.0
2024-10-17 20:34:41.105,-0.0,0.0,0.0,116.39560439560432,917.0,734.0,736.0
2024-10-17 20:34:41.408,-0.0,0.0,0.0,117.45054945054949,919.0,734.0,736.0
2024-10-17 20:34:41.728,-0.0,0.0,0.0,118.50549450549443,921.0,734.0,737.0
2024-10-17 20:34:42.113,-0.0,0.0,0.0,119.56043956043959,922.0,735.0,737.0
2024-10-17 20:34:42.449,-0.0,0.0,0.0,120.52747252747258,924.0,735.0,737.0
2024-10-17 20:34:42.849,-0.0,0.0,0.0,121.49450549450557,925.0,735.0,738.0
2024-10-17 20:34:43.249,-0.0,0.0,0.0,122.46153846153857,927.0,735.0,738.0
2024-10-17 20:34:43.649,-0.0,0.0,0.0,123.42857142857133,929.0,736.0,739.0
2024-10-17 20:34:43.937,-0.0,0.0,0.0,124.4835164835165,931.0,736.0,739.0
2024-10-17 20:34:44.241,-0.0,0.0,0.0,125.45054945054949,933.0,737.0,739.0
2024-10-17 20:34:44.545,-0.0,0.0,0.0,126.41758241758248,935.0,737.0,740.0
2024-10-17 20:34:44.849,-0.0,0.0,0.0,127.47252747252742,938.0,738.0,740.0
2024-10-17 20:34:45.153,-0.0,0.0,0.0,128.35164835164846,940.0,738.0,741.0
2024-10-17 20:34:45.472,-0.08791208791217286,0.0,0.0,129.4065934065934,942.0,738.0,741.0
2024-10-17 20:34:45.777,-0.0,0.0,0.0,130.3736263736264,944.0,739.0,742.0
2024-10-17 20:34:46.081,-0.0,0.0,0.0,131.34065934065939,945.0,739.0,742.0
2024-10-17 20:34:46.386,-0.0,0.0,0.0,132.30769230769238,948.0,739.0,743.0
2024-10-17 20:34:46.705,-0.0,0.0,0.0,133.36263736263732,951.0,739.0,743.0
2024-10-17 20:34:47.089,-0.0,0.0,0.0,134.3296703296703,953.0,740.0,744.0
2024-10-17 20:34:47.409,-0.0,0.0,0.0,135.5604395604396,957.0,741.0,745.0
2024-10-17 20:34:47.793,-0.0,0.0,0.0,136.35164835164846,960.0,741.0,745.0
2024-10-17 20:34:48.129,-0.0,0.0,0.0,137.31868131868123,963.0,742.0,746.0
2024-10-17 20:34:48.513,-0.0,0.0,0.0,138.46153846153857,966.0,742.0,746.0
2024-10-17 20:34:48.817,-0.0,0.0,0.0,139.34065934065939,969.0,743.0,747.0
2024-10-17 20:34:49.121,-0.0,0.0,0.0,140.30769230769238,971.0,743.0,747.0
2024-10-17 20:34:49.441,-0.0,0.0,0.0,141.3626373626371,974.0,744.0,748.0
2024-10-17 20:34:49.825,-0.0,0.0,0.0,142.32967032967053,976.0,745.0,749.0
2024-10-17 20:34:50.129,-0.0,0.0,0.0,143.47252747252742,980.0,745.0,749.0
2024-10-17 20:34:50.433,-0.0,0.0,0.0,144.4395604395604,984.0,745.0,751.0
2024-10-17 20:34:50.737,-0.0,0.0,0.0,145.4065934065934,986.0,746.0,751.0
2024-10-17 20:34:51.041,-0.0,0.0,0.0,146.3736263736264,990.0,747.0,752.0
2024-10-17 20:34:51.345,-0.0,0.0,0.0,147.34065934065939,993.0,747.0,752.0
2024-10-17 20:34:51.650,-0.0,0.0,0.0,148.2197802197802,996.0,748.0,753.0
2024-10-17 20:34:51.985,-0.0,0.0,0.0,149.3626373626371,999.0,748.0,754.0
2024-10-17 20:34:52.354,-0.0,0.0,0.0,148.7472527472528,998.0,748.0,753.0
2024-10-17 20:34:52.658,-0.0,0.0,0.0,147.86813186813197,995.0,748.0,753.0
2024-10-17 20:34:52.993,-0.08791208791217286,0.0,0.0,146.90109890109898,993.0,747.0,752.0
2024-10-17 20:34:53.393,-0.0,0.0,0.0,145.8461538461538,989.0,746.0,751.0
2024-10-17 20:34:53.794,-0.0,0.0,0.0,144.79120879120865,986.0,745.0,751.0
2024-10-17 20:34:54.113,-0.0,-0.08791208791217286,0.0,143.91208791208783,981.0,745.0,750.0
2024-10-17 20:34:54.497,-0.0,0.0,0.0,142.85714285714266,978.0,744.0,749.0
2024-10-17 20:34:54.787,-0.0,0.0,0.0,141.97802197802184,975.0,744.0,749.0
2024-10-17 20:34:55.122,-0.0,0.0,0.0,140.92307692307668,970.0,743.0,747.0
2024-10-17 20:34:55.506,-0.0,0.0,0.0,139.86813186813197,967.0,742.0,747.0
2024-10-17 20:34:55.810,-0.0,0.0,0.0,138.9890109890107,963.0,742.0,746.0
2024-10-17 20:34:56.114,-0.0,0.0,0.0,137.93406593406598,959.0,741.0,745.0
2024-10-17 20:34:56.435,-0.0,0.0,0.0,136.87912087912082,955.0,740.0,744.0
2024-10-17 20:34:56.834,-0.0,-0.08791208791217286,0.0,136.0,952.0,740.0,744.0
2024-10-17 20:34:57.122,-0.08791208791217286,0.0,0.0,134.94505494505506,948.0,739.0,742.0
2024-10-17 20:34:57.442,-0.0,0.0,0.0,133.97802197802207,944.0,738.0,742.0
2024-10-17 20:34:57.730,-0.0,0.0,0.0,133.01098901098908,940.0,737.0,741.0
2024-10-17 20:34:58.034,-0.0,0.0,0.0,131.9560439560439,937.0,737.0,740.0
2024-10-17 20:34:58.337,-0.0,0.0,0.0,130.98901098901092,933.0,736.0,740.0
2024-10-17 20:34:58.642,-0.0,0.0,0.0,129.93406593406598,930.0,736.0,739.0
2024-10-17 20:34:58.963,-0.0,0.0,0.0,128.967032967033,927.0,735.0,738.0
2024-10-17 20:34:59.251,-0.0,0.0,0.0,128.0,924.0,734.0,737.0
2024-10-17 20:34:59.570,-0.0,0.0,0.0,126.94505494505506,920.0,734.0,736.0
2024-10-17 20:34:59.859,-0.0,0.0,0.0,126.06593406593402,917.0,733.0,736.0
2024-10-17 20:35:00.162,-0.0,0.0,0.0,124.9230769230769,913.0,733.0,735.0
2024-10-17 20:35:00.466,-0.0,0.0,0.0,123.95604395604391,910.0,732.0,734.0
2024-10-17 20:35:00.770,-0.0,0.0,0.0,123.0769230769231,907.0,731.0,734.0
2024-10-17 20:35:01.074,-0.0,0.0,0.0,122.02197802197793,903.0,730.0,733.0
2024-10-17 20:35:01.378,-0.0,0.0,0.0,120.96703296703299,900.0,730.0,732.0
2024-10-17 20:35:01.683,-0.0,0.0,0.0,120.08791208791217,897.0,729.0,732.0
2024-10-17 20:35:02.002,-0.0,0.0,0.0,119.03296703296701,894.0,729.0,731.0
2024-10-17 20:35:02.306,-0.0,0.0,0.0,118.06593406593402,891.0,728.0,730.0
2024-10-17 20:35:02.611,-0.0,0.0,0.0,117.01098901098908,888.0,727.0,729.0
2024-10-17 20:35:02.914,-0.0,0.0,0.0,116.04395604395609,885.0,727.0,728.0
2024-10-17 20:35:03.202,-0.0,0.0,0.0,115.0769230769231,883.0,726.0,728.0
2024-10-17 20:35:03.522,-0.0,0.0,0.0,114.02197802197793,880.0,726.0,727.0
2024-10-17 20:35:03.826,-0.0,0.0,0.0,112.96703296703299,877.0,725.0,727.0
2024-10-17 20:35:04.114,-0.0,0.0,0.0,112.08791208791217,875.0,725.0,726.0
2024-10-17 20:35:04.418,-0.0,0.0,0.0,111.03296703296701,872.0,724.0,726.0
2024-10-17 20:35:04.738,-0.0,0.0,0.0,110.06593406593402,870.0,723.0,725.0
2024-10-17 20:35:05.042,-0.0,0.0,-0.08791208791217286,109.01098901098908,868.0,723.0,725.0
2024-10-17 20:35:05.330,-0.0,0.0,0.0,108.04395604395609,866.0,722.0,724.0
2024-10-17 20:35:05.650,-0.0,-0.08791208791217286,0.0,107.0769230769231,863.0,722.0,723.0
2024-10-17 20:35:05.954,-0.0,0.0,0.0,106.02197802197793,861.0,721.0,723.0
2024-10-17 20:35:06.258,-0.0,-0.08791208791217286,0.0,105.05494505494516,860.0,721.0,722.0
2024-10-17 20:35:06.563,-0.0,0.0,0.0,104.08791208791217,858.0,720.0,722.0
2024-10-17 20:35:06.882,-0.0,0.0,0.0,103.03296703296701,856.0,720.0,721.0
2024-10-17 20:35:07.266,-0.0,0.0,0.0,102.06593406593402,854.0,720.0,721.0
2024-10-17 20:35:07.570,-0.0,0.0,0.0,100.9230769230769,852.0,719.0,721.0
2024-10-17 20:35:07.874,-0.0,0.0,0.0,100.04395604395609,851.0,719.0,720.0
2024-10-17 20:35:08.178,-0.0,-0.08791208791217286,0.0,99.0769230769231,850.0,719.0,720.0
2024-10-17 20:35:08.482,-0.0,0.0,0.0,98.02197802197793,847.0,718.0,719.0
2024-10-17 20:35:08.786,-0.0,0.0,-0.08791208791217286,97.05494505494516,846.0,718.0,719.0
2024-10-17 20:35:09.106,-0.0,-0.08791208791217286,-0.08791208791217286,96.08791208791217,845.0,717.0,718.0
2024-10-17 20:35:09.491,-0.0,0.0,0.0,94.94505494505506,843.0,717.0,718.0
2024-10-17 20:35:09.810,-0.0,0.0,-0.08791208791217286,94.06593406593402,841.0,716.0,717.0
2024-10-17 20:35:10.130,-0.0,0.0,-0.08791208791217286,93.01098901098908,839.0,716.0,717.0
2024-10-17 20:35:10.514,-0.0,0.0,-0.08791208791217286,92.04395604395609,838.0,715.0,716.0
2024-10-17 20:35:10.835,-0.0,0.0,0.0,91.0769230769231,836.0,715.0,716.0
2024-10-17 20:35:11.235,-0.0,0.0,-0.08791208791217286,90.02197802197793,835.0,715.0,715.0
2024-10-17 20:35:11.523,-0.0,0.0,-0.08791208791217286,89.05494505494516,834.0,714.0,715.0
2024-10-17 20:35:11.843,-0.0,-0.08791208791217286,-0.08791208791217286,88.08791208791217,832.0,714.0,714.0
2024-10-17 20:35:12.147,-0.0,0.0,-0.08791208791217286,87.03296703296701,830.0,713.0,714.0
2024-10-17 20:35:12.435,-0.0,0.0,-0.08791208791217286,86.06593406593402,829.0,713.0,714.0
2024-10-17 20:35:12.739,-0.0,0.0,-0.08791208791217286,85.01098901098908,828.0,713.0,713.0
2024-10-17 20:35:13.044,-0.0,0.0,-0.08791208791217286,84.04395604395609,826.0,712.0,713.0
2024-10-17 20:35:13.347,-0.0,0.0,-0.08791208791217286,83.0769230769231,825.0,712.0,712.0
2024-10-17 20:35:13.651,-0.0,0.0,-0.08791208791217286,82.02197802197793,824.0,712.0,711.0
2024-10-17 20:35:13.971,-0.0,0.0,-0.08791208791217286,81.05494505494516,822.0,712.0,711.0
2024-10-17 20:35:14.275,-0.0,0.0,-0.08791208791217286,80.08791208791217,821.0,711.0,711.0
2024-10-17 20:35:14.579,-0.0,0.0,-0.08791208791217286,79.03296703296701,820.0,711.0,710.0
2024-10-17 20:35:14.867,-0.0,0.0,-0.08791208791217286,78.06593406593402,818.0,710.0,710.0
2024-10-17 20:35:15.171,-0.0,0.0,0.0,77.01098901098908,817.0,710.0,710.0
2024-10-17 20:35:15.475,-0.0,-0.08791208791217286,-0.08791208791217286,76.04395604395609,816.0,710.0,709.0
2024-10-17 20:35:15.796,-0.0,0.0,0.0,75.0769230769231,815.0,709.0,709.0
2024-10-17 20:35:16.083,-0.0,0.0,-0.08791208791217286,74.02197802197793,814.0,709.0,708.0
2024-10-17 20:35:16.403,-0.0,0.0,-0.08791208791217286,73.05494505494516,813.0,708.0,708.0
2024-10-17 20:35:16.691,-0.0,0.0,-0.08791208791217286,72.08791208791217,812.0,708.0,708.0
2024-10-17 20:35:17.011,-0.0,0.0,0.0,70.94505494505506,810.0,708.0,707.0
2024-10-17 20:35:17.315,-0.0,-0.08791208791217286,-0.08791208791217286,69.97802197802207,809.0,708.0,707.0
2024-10-17 20:35:17.603,-0.0,0.0,-0.08791208791217286,68.9230769230769,808.0,707.0,707.0
2024-10-17 20:35:17.908,-0.0,0.0,-0.08791208791217286,67.95604395604391,807.0,707.0,707.0
2024-10-17 20:35:18.227,-0.0,0.0,-0.08791208791217286,67.0769230769231,806.0,707.0,706.0
2024-10-17 20:35:18.547,-0.0,-0.08791208791217286,-0.08791208791217286,65.93406593406598,806.0,706.0,706.0
2024-10-17 20:35:18.931,-0.0,0.0,-0.08791208791217286,65.05494505494516,805.0,706.0,706.0
2024-10-17 20:35:19.235,-0.0,-0.08791208791217286,-0.08791208791217286,64.08791208791217,804.0,706.0,706.0
2024-10-17 20:35:19.555,-0.0,0.0,-0.08791208791217286,63.03296703296701,803.0,706.0,706.0
2024-10-17 20:35:19.939,-0.0,-0.08791208791217286,0.0,62.065934065934016,802.0,705.0,705.0
2024-10-17 20:35:20.243,-0.0,-0.08791208791217286,0.0,61.01098901098908,801.0,706.0,705.0
2024-10-17 20:35:20.579,-0.0,-0.08791208791217286,-0.08791208791217286,60.043956043956086,801.0,705.0,705.0
2024-10-17 20:35:20.979,-0.0,-0.08791208791217286,-0.08791208791217286,59.16483516483527,800.0,705.0,705.0
2024-10-17 20:35:21.364,-0.0,0.0,-0.08791208791217286,58.02197802197793,800.0,705.0,704.0
2024-10-17 20:35:21.683,-0.0,0.0,-0.08791208791217286,56.96703296703299,799.0,705.0,705.0
2024-10-17 20:35:21.988,-0.0,-0.08791208791217286,-0.08791208791217286,56.08791208791217,799.0,704.0,705.0
2024-10-17 20:35:22.372,-0.0,-0.08791208791217286,0.0,55.03296703296701,798.0,705.0,704.0
2024-10-17 20:35:22.675,-0.0,-0.08791208791217286,-0.08791208791217286,54.065934065934016,798.0,704.0,704.0
2024-10-17 20:35:22.980,-0.0,0.0,-0.08791208791217286,53.01098901098908,797.0,704.0,704.0
2024-10-17 20:35:23.284,-0.0,-0.08791208791217286,-0.08791208791217286,52.043956043956086,797.0,704.0,704.0
2024-10-17 20:35:23.604,-0.0,0.0,-0.08791208791217286,51.076923076923094,797.0,704.0,704.0
2024-10-17 20:35:23.892,-0.08791208791217286,0.0,0.0,50.02197802197793,796.0,704.0,704.0
2024-10-17 20:35:24.196,-0.0,0.0,-0.08791208791217286,49.054945054945165,796.0,704.0,704.0
2024-10-17 20:35:24.500,-0.0,0.0,-0.08791208791217286,48.08791208791217,796.0,704.0,704.0
2024-10-17 20:35:24.804,-0.0,0.0,-0.08791208791217286,47.03296703296701,795.0,704.0,704.0
2024-10-17 20:35:25.124,-0.0,0.0,-0.08791208791217286,46.065934065934016,795.0,704.0,704.0
2024-10-17 20:35:25.443,-0.0,-0.08791208791217286,-0.08791208791217286,45.01098901098908,795.0,703.0,704.0
2024-10-17 20:35:25.828,-0.0,-0.08791208791217286,-0.08791208791217286,44.043956043956086,795.0,704.0,704.0
2024-10-17 20:35:26.133,-0.0,-0.08791208791217286,-0.08791208791217286,43.076923076923094,795.0,704.0,703.0
2024-10-17 20:35:26.436,-0.0,-0.08791208791217286,-0.08791208791217286,42.02197802197793,795.0,704.0,704.0
2024-10-17 20:35:26.741,-0.0,0.0,0.0,41.14285714285711,795.0,703.0,704.0
2024-10-17 20:35:27.044,-0.08791208791217286,0.0,-0.08791208791217286,40.08791208791217,795.0,703.0,703.0
2024-10-17 20:35:27.365,-0.0,0.0,0.0,39.03296703296701,795.0,703.0,704.0
2024-10-17 20:35:27.764,-0.08791208791217286,-0.08791208791217286,-0.08791208791217286,38.065934065934016,795.0,703.0,704.0
2024-10-17 20:35:28.052,-0.0,-0.08791208791217286,-0.08791208791217286,37.01098901098908,794.0,704.0,704.0
2024-10-17 20:35:28.357,-0.08791208791217286,0.0,-0.08791208791217286,36.043956043956086,794.0,704.0,703.0
2024-10-17 20:35:28.660,-0.0,0.0,-0.08791208791217286,35.076923076923094,795.0,703.0,704.0
2024-10-17 20:35:28.964,-0.08791208791217286,0.0,-0.08791208791217286,34.02197802197793,794.0,703.0,703.0
2024-10-17 20:35:29.268,-0.08791208791217286,-0.08791208791217286,-0.08791208791217286,33.054945054945165,794.0,703.0,704.0
2024-10-17 20:35:29.588,-0.0,0.0,-0.08791208791217286,32.08791208791217,794.0,703.0,703.0
2024-10-17 20:35:29.877,-0.0,0.0,0.0,31.032967032967008,794.0,704.0,704.0
2024-10-17 20:35:30.180,-0.08791208791217286,-0.08791208791217286,-0.08791208791217286,30.065934065934016,794.0,703.0,704.0
2024-10-17 20:35:30.500,-0.08791208791217286,0.0,-0.08791208791217286,29.01098901098908,794.0,703.0,703.0
2024-10-17 20:35:30.804,-0.08791208791217286,0.0,-0.08791208791217286,28.043956043956086,794.0,703.0,704.0
2024-10-17 20:35:31.108,-0.08791208791217286,0.0,-0.08791208791217286,27.076923076923094,794.0,703.0,704.0
2024-10-17 20:35:31.397,-0.0,-0.08791208791217286,-0.08791208791217286,26.02197802197793,794.0,703.0,703.0
2024-10-17 20:35:31.717,-0.0,-0.08791208791217286,-0.08791208791217286,25.054945054945165,794.0,703.0,703.0
2024-10-17 20:35:32.021,-0.0,0.0,-0.08791208791217286,24.087912087912173,794.0,703.0,704.0
2024-10-17 20:35:32.309,-0.0,0.0,-0.08791208791217286,23.032967032967008,794.0,703.0,704.0
2024-10-17 20:35:32.629,-0.08791208791217286,0.0,-0.08791208791217286,22.065934065934016,794.0,703.0,703.0
2024-10-17 20:35:32.933,-0.0,-2779.032967032967,-0.08791208791217286,21.01098901098908,794.0,703.0,703.0
2024-10-17 20:35:33.332,-0.0,0.0,0.0,20.043956043956086,794.0,703.0,703.0
2024-10-17 20:35:33.653,-0.0,0.0,-0.08791208791217286,18.98901098901092,794.0,703.0,703.0
2024-10-17 20:35:34.037,-0.0,-0.08791208791217286,-0.08791208791217286,18.02197802197793,794.0,703.0,703.0
2024-10-17 20:35:34.341,-0.08791208791217286,-0.08791208791217286,-0.08791208791217286,17.054945054945165,794.0,703.0,703.0
2024-10-17 20:35:34.644,-0.08791208791217286,0.0,0.0,16.087912087912173,794.0,703.0,703.0
2024-10-17 20:35:34.965,-0.0,-0.08791208791217286,-0.08791208791217286,15.032967032967008,794.0,703.0,703.0
2024-10-17 20:35:35.252,-0.0,0.0,-0.08791208791217286,14.065934065934016,794.0,703.0,703.0
2024-10-17 20:35:35.557,-0.08791208791217286,-0.08791208791217286,-0.08791208791217286,13.010989010989078,794.0,703.0,703.0
2024-10-17 20:35:35.861,-0.0,0.0,-0.08791208791217286,12.043956043956086,794.0,703.0,703.0
2024-10-17 20:35:36.165,-0.0,-0.08791208791217286,0.0,11.076923076923094,794.0,703.0,703.0
2024-10-17 20:35:36.468,-0.08791208791217286,-0.08791208791217286,-0.08791208791217286,10.02197802197793,794.0,703.0,703.0
2024-10-17 20:35:36.773,-0.0,-0.08791208791217286,-0.08791208791217286,9.054945054945165,794.0,703.0,703.0
2024-10-17 20:35:37.093,-0.0,-0.08791208791217286,-0.08791208791217286,8.087912087912173,794.0,703.0,703.0
2024-10-17 20:35:37.397,-0.0,-0.08791208791217286,0.0,7.032967032967008,794.0,703.0,704.0
2024-10-17 20:35:37.685,-0.08791208791217286,0.0,-0.08791208791217286,6.065934065934016,794.0,704.0,703.0
2024-10-17 20:35:38.004,-0.0,0.0,0.0,5.0109890109890785,794.0,703.0,703.0
2024-10-17 20:35:38.310,-0.0,0.0,-0.08791208791217286,4.043956043956086,794.0,703.0,703.0
2024-10-17 20:35:38.598,-0.08791208791217286,-0.08791208791217286,-0.08791208791217286,3.0769230769230944,794.0,703.0,703.0
2024-10-17 20:35:38.917,-0.0,0.0,0.0,2.0219780219779295,794.0,703.0,704.0
2024-10-17 20:35:39.205,-0.0,0.0,-0.08791208791217286,1.0549450549451649,794.0,703.0,703.0
2024-10-17 20:35:39.653,-0.0,0.0,-0.08791208791217286,1.0549450549451649,794.0,703.0,703.0
2024-10-17 20:35:40.181,0.8791208791208192,-0.3516483516482367,-0.08791208791217286,1.0549450549451649,794.0,703.0,703.0
2024-10-17 20:35:40.678,1.8461538461538112,-0.7912087912086463,-0.08791208791217286,1.0549450549451649,794.0,703.0,703.0
2024-10-17 20:35:41.173,2.813186813186803,-1.1428571428573377,-0.08791208791217286,1.0549450549451649,794.0,704.0,703.0
2024-10-17 20:35:41.669,3.780219780219795,-1.5824175824177473,-0.08791208791217286,1.0549450549451649,795.0,704.0,703.0
2024-10-17 20:35:42.197,4.747252747252787,-1.934065934065984,-0.08791208791217286,1.0549450549451649,795.0,704.0,703.0
2024-10-17 20:35:42.693,5.714285714285779,-2.3736263736263936,-0.08791208791217286,1.1428571428571104,796.0,704.0,703.0
2024-10-17 20:35:43.189,6.769230769230944,-2.7252747252746303,-0.08791208791217286,1.0549450549451649,795.0,705.0,703.0
2024-10-17 20:35:43.727,7.736263736263936,-3.16483516483504,-0.08791208791217286,1.0549450549451649,796.0,705.0,703.0
2024-10-17 20:35:44.229,8.791208791208646,-3.5164835164832766,-0.08791208791217286,1.0549450549451649,797.0,705.0,703.0
2024-10-17 20:35:44.709,9.758241758241638,-3.956043956044141,-0.08791208791217286,1.0549450549451649,797.0,706.0,703.0
2024-10-17 20:35:45.221,10.72527472527463,-4.3956043956045505,-0.08791208791217286,1.0549450549451649,798.0,706.0,703.0
2024-10-17 20:35:45.733,11.780219780219795,-4.747252747252787,-0.08791208791217286,1.0549450549451649,798.0,706.0,703.0
2024-10-17 20:35:46.229,12.747252747252787,-5.186813186813197,-0.08791208791217286,1.0549450549451649,798.0,707.0,703.0
2024-10-17 20:35:46.742,13.802197802197952,-5.5384615384614335,-0.08791208791217286,1.0549450549451649,799.0,707.0,704.0
2024-10-17 20:35:47.253,14.769230769230944,-5.978021978021843,-0.08791208791217286,1.0549450549451649,799.0,707.0,704.0
2024-10-17 20:35:47.766,15.824175824175654,-6.32967032967008,-0.08791208791217286,1.0549450549451649,799.0,707.0,703.0
2024-10-17 20:35:48.261,16.703296703296473,-6.769230769230944,-0.08791208791217286,1.0549450549451649,800.0,708.0,704.0
2024-10-17 20:35:48.774,17.670329670329465,-7.120879120879181,0.0,1.0549450549451649,800.0,708.0,704.0
2024-10-17 20:35:49.286,18.813186813186803,-7.56043956043959,-0.08791208791217286,1.0549450549451649,801.0,708.0,703.0
2024-10-17 20:35:49.781,19.780219780219795,-7.824175824175654,-0.08791208791217286,1.0549450549451649,801.0,709.0,704.0
2024-10-17 20:35:50.293,20.747252747252787,-8.351648351648237,-0.08791208791217286,1.0549450549451649,801.0,709.0,704.0
2024-10-17 20:35:50.822,21.802197802197952,-8.791208791208646,-0.08791208791217286,1.0549450549451649,802.0,709.0,704.0
2024-10-17 20:35:51.301,22.68131868131877,-9.142857142857338,-0.08791208791217286,1.0549450549451649,802.0,709.0,704.0
2024-10-17 20:35:51.814,23.736263736263936,-9.582417582417747,-0.08791208791217286,1.0549450549451649,803.0,709.0,704.0
2024-10-17 20:35:52.326,24.703296703296473,-9.934065934065984,-0.08791208791217286,1.0549450549451649,803.0,710.0,704.0
2024-10-17 20:35:52.822,25.75824175824164,-10.373626373626394,-0.08791208791217286,1.0549450549451649,804.0,710.0,704.0
2024-10-17 20:35:53.350,26.813186813186803,-10.72527472527463,-0.08791208791217286,1.0549450549451649,804.0,710.0,704.0
2024-10-17 20:35:53.846,27.60439560439545,-11.16483516483504,0.0,1.0549450549451649,804.0,711.0,704.0
2024-10-17 20:35:54.358,28.659340659340614,-11.516483516483277,-0.08791208791217286,1.0549450549451649,804.0,711.0,704.0
2024-10-17 20:35:54.854,29.71428571428578,-11.956043956044141,-0.08791208791217286,1.0549450549451649,805.0,712.0,704.0
2024-10-17 20:35:55.366,30.68131868131877,-12.39560439560455,-0.08791208791217286,1.0549450549451649,805.0,712.0,704.0
2024-10-17 20:35:55.894,31.736263736263936,-12.747252747252787,-0.08791208791217286,1.0549450549451649,806.0,712.0,704.0
2024-10-17 20:35:56.374,32.791208791208646,-13.098901098901024,-0.08791208791217286,1.0549450549451649,806.0,713.0,704.0
2024-10-17 20:35:56.902,33.58241758241775,-13.538461538461434,-0.08791208791217286,1.0549450549451649,807.0,712.0,704.0
2024-10-17 20:35:57.399,34.8131868131868,-13.978021978021843,-0.08791208791217286,1.0549450549451649,807.0,713.0,704.0
2024-10-17 20:35:57.894,35.69230769230762,-14.32967032967008,-0.08791208791217286,1.0549450549451649,808.0,713.0,704.0
2024-10-17 20:35:58.407,36.659340659340614,-14.769230769230944,-0.08791208791217286,1.0549450549451649,808.0,714.0,705.0
2024-10-17 20:35:58.903,37.71428571428578,-15.12087912087918,0.0,1.0549450549451649,809.0,714.0,705.0
2024-10-17 20:35:59.415,38.68131868131877,-15.56043956043959,-0.08791208791217286,1.0549450549451649,809.0,714.0,705.0
2024-10-17 20:35:59.927,39.736263736263936,-15.912087912087827,-0.08791208791217286,1.0549450549451649,810.0,714.0,705.0
2024-10-17 20:36:00.439,40.52747252747258,-16.351648351648237,-0.08791208791217286,1.0549450549451649,810.0,715.0,705.0
2024-10-17 20:36:00.935,41.58241758241775,-16.791208791208646,-0.08791208791217286,1.0549450549451649,810.0,715.0,705.0
2024-10-17 20:36:01.447,42.63736263736246,-17.142857142857338,-0.08791208791217286,1.0549450549451649,811.0,715.0,705.0
2024-10-17 20:36:01.958,43.60439560439545,-17.582417582417747,-0.08791208791217286,1.0549450549451649,811.0,716.0,705.0
2024-10-17 20:36:02.471,44.57142857142844,-17.934065934065984,-0.08791208791217286,1.0549450549451649,812.0,717.0,705.0
2024-10-17 20:36:02.967,45.53846153846143,-18.373626373626394,-0.08791208791217286,1.0549450549451649,812.0,716.0,705.0
2024-10-17 20:36:03.494,46.5934065934066,-18.72527472527463,-0.08791208791217286,1.0549450549451649,813.0,717.0,705.0
2024-10-17 20:36:03.991,47.56043956043959,-19.076923076922867,-0.08791208791217286,1.0549450549451649,813.0,717.0,705.0
2024-10-17 20:36:04.487,48.615384615384755,-19.516483516483277,-0.08791208791217286,1.0549450549451649,814.0,717.0,705.0
2024-10-17 20:36:05.015,49.494505494505574,-19.95604395604414,-0.08791208791217286,1.0549450549451649,814.0,717.0,705.0
2024-10-17 20:36:05.511,50.54945054945074,-20.39560439560455,-0.08791208791217286,1.0549450549451649,814.0,718.0,705.0
2024-10-17 20:36:06.039,51.51648351648328,-20.747252747252787,-0.08791208791217286,1.1428571428571104,815.0,718.0,706.0
2024-10-17 20:36:06.535,52.57142857142844,-21.186813186813197,-0.08791208791217286,1.0549450549451649,815.0,718.0,706.0
2024-10-17 20:36:07.031,53.53846153846143,-21.538461538461434,-0.08791208791217286,1.0549450549451649,815.0,719.0,706.0
2024-10-17 20:36:07.527,54.68131868131877,-21.978021978021843,0.0,1.0549450549451649,816.0,719.0,706.0
2024-10-17 20:36:08.039,55.64835164835176,-22.32967032967008,-0.08791208791217286,1.0549450549451649,817.0,719.0,706.0
2024-10-17 20:36:08.567,56.70329670329647,-22.769230769230944,-0.08791208791217286,1.0549450549451649,817.0,719.0,706.0
2024-10-17 20:36:09.047,57.58241758241775,-23.12087912087918,-0.08791208791217286,1.0549450549451649,817.0,720.0,706.0
2024-10-17 20:36:09.575,58.72527472527463,-23.56043956043959,-0.08791208791217286,1.0549450549451649,818.0,720.0,707.0
2024-10-17 20:36:10.087,59.60439560439545,-23.912087912087827,0.0,1.0549450549451649,818.0,720.0,707.0
2024-10-17 20:36:10.583,60.57142857142844,-24.351648351648237,0.0,1.0549450549451649,819.0,720.0,707.0
2024-10-17 20:36:11.110,61.53846153846143,-24.791208791208646,0.0,1.0549450549451649,819.0,721.0,706.0
2024-10-17 20:36:11.591,62.41758241758225,-25.142857142857338,-0.08791208791217286,1.0549450549451649,819.0,721.0,707.0
2024-10-17 20:36:12.103,63.64835164835176,-25.582417582417747,-0.08791208791217286,1.0549450549451649,820.0,721.0,707.0
2024-10-17 20:36:12.616,64.52747252747258,-25.934065934065984,-0.08791208791217286,1.0549450549451649,820.0,721.0,707.0
2024-10-17 20:36:13.112,65.58241758241775,-26.373626373626394,-0.08791208791217286,1.0549450549451649,821.0,722.0,707.0
2024-10-17 20:36:13.639,66.54945054945074,-26.72527472527463,-0.08791208791217286,1.0549450549451649,821.0,722.0,707.0
2024-10-17 20:36:14.135,67.51648351648328,-27.16483516483504,-0.08791208791217286,1.0549450549451649,821.0,722.0,707.0
2024-10-17 20:36:14.647,68.39560439560455,-27.516483516483277,0.0,1.0549450549451649,822.0,722.0,707.0
2024-10-17 20:36:15.159,69.53846153846143,-27.95604395604414,-0.08791208791217286,1.0549450549451649,822.0,722.0,707.0
2024-10-17 20:36:15.655,70.50549450549443,-28.39560439560455,-0.08791208791217286,1.0549450549451649,822.0,722.0,707.0
2024-10-17 20:36:16.167,71.56043956043959,-28.747252747252787,-0.08791208791217286,1.0549450549451649,823.0,723.0,707.0
2024-10-17 20:36:16.663,72.52747252747258,-29.186813186813197,-0.08791208791217286,1.0549450549451649,823.0,723.0,707.0
2024-10-17 20:36:17.191,73.49450549450557,-29.538461538461434,-0.08791208791217286,1.0549450549451649,824.0,723.0,708.0
2024-10-17 20:36:17.688,74.46153846153857,-29.978021978021843,-0.08791208791217286,1.0549450549451649,824.0,723.0,708.0
2024-10-17 20:36:18.183,75.51648351648328,-30.32967032967008,-0.08791208791217286,1.0549450549451649,824.0,723.0,707.0
2024-10-17 20:36:18.695,76.57142857142844,-30.769230769230944,-0.08791208791217286,1.0549450549451649,825.0,724.0,708.0
2024-10-17 20:36:19.191,77.53846153846143,-31.12087912087918,-0.08791208791217286,1.0549450549451649,825.0,724.0,708.0
2024-10-17 20:36:19.703,78.50549450549443,-31.56043956043959,-0.08791208791217286,1.0549450549451649,826.0,724.0,708.0
2024-10-17 20:36:20.216,79.47252747252742,-31.912087912087827,-0.08791208791217286,1.0549450549451649,826.0,724.0,708.0
2024-10-17 20:36:20.728,80.52747252747258,-32.35164835164824,-0.08791208791217286,1.0549450549451649,827.0,724.0,708.0
2024-10-17 20:36:21.224,81.49450549450557,-32.791208791208646,-0.08791208791217286,1.0549450549451649,827.0,724.0,708.0
2024-10-17 20:36:21.735,82.54945054945074,-33.14285714285734,-0.08791208791217286,1.0549450549451649,828.0,725.0,708.0
2024-10-17 20:36:22.231,83.51648351648328,-33.58241758241775,-0.08791208791217286,1.0549450549451649,828.0,725.0,709.0
2024-10-17 20:36:22.760,84.48351648351627,-33.934065934065984,-0.08791208791217286,1.0549450549451649,828.0,725.0,709.0
2024-10-17 20:36:23.256,85.45054945054926,-34.373626373626394,-0.08791208791217286,1.0549450549451649,829.0,725.0,709.0
2024-10-17 20:36:23.768,86.41758241758225,-34.72527472527463,-0.08791208791217286,1.0549450549451649,829.0,725.0,709.0
2024-10-17 20:36:24.280,87.56043956043959,-35.16483516483504,-0.08791208791217286,1.0549450549451649,829.0,726.0,709.0
2024-10-17 20:36:24.776,88.52747252747258,-35.51648351648328,-0.08791208791217286,1.0549450549451649,830.0,725.0,709.0
2024-10-17 20:36:25.288,89.49450549450557,-35.95604395604414,-0.17582417582434573,1.0549450549451649,830.0,725.0,709.0
2024-10-17 20:36:25.784,90.54945054945074,-36.39560439560455,-0.08791208791217286,1.0549450549451649,831.0,725.0,709.0
2024-10-17 20:36:26.297,91.51648351648328,-36.74725274725279,-0.08791208791217286,1.0549450549451649,831.0,726.0,709.0
2024-10-17 20:36:26.825,92.48351648351627,-37.1868131868132,-0.17582417582434573,1.0549450549451649,831.0,726.0,709.0
2024-10-17 20:36:27.336,93.45054945054926,-37.53846153846143,-0.17582417582434573,1.0549450549451649,832.0,726.0,710.0
2024-10-17 20:36:27.833,94.41758241758225,-37.97802197802184,-0.08791208791217286,1.0549450549451649,832.0,727.0,709.0
2024-10-17 20:36:28.344,95.47252747252742,-38.32967032967008,-0.17582417582434573,1.0549450549451649,833.0,726.0,710.0
2024-10-17 20:36:28.825,96.35164835164824,-38.769230769230944,-0.08791208791217286,1.0549450549451649,833.0,727.0,710.0
2024-10-17 20:36:29.352,97.49450549450557,-39.12087912087918,-0.08791208791217286,1.0549450549451649,834.0,727.0,710.0
2024-10-17 20:36:29.848,98.54945054945074,-39.56043956043959,-0.08791208791217286,1.0549450549451649,834.0,727.0,710.0
2024-10-17 20:36:30.377,99.51648351648328,-39.91208791208783,-0.08791208791217286,1.0549450549451649,834.0,727.0,710.0
2024-10-17 20:36:30.857,100.39560439560455,-40.35164835164824,-0.08791208791217286,1.0549450549451649,835.0,727.0,710.0
2024-10-17 20:36:31.392,101.36263736263754,-40.791208791208646,-0.17582417582434573,1.0549450549451649,835.0,727.0,710.0
2024-10-17 20:36:31.865,102.41758241758225,-41.14285714285734,-0.08791208791217286,1.0549450549451649,836.0,727.0,710.0
2024-10-17 20:36:32.393,103.38461538461524,-41.58241758241775,-0.17582417582434573,1.0549450549451649,836.0,728.0,711.0
2024-10-17 20:36:32.904,104.52747252747258,-41.934065934065984,-0.08791208791217286,1.0549450549451649,836.0,727.0,711.0
2024-10-17 20:36:33.417,105.4065934065934,-42.373626373626394,-0.08791208791217286,1.0549450549451649,836.0,728.0,711.0
2024-10-17 20:36:33.913,106.46153846153857,-42.72527472527463,-0.17582417582434573,1.0549450549451649,837.0,728.0,711.0
2024-10-17 20:36:34.424,107.34065934065939,-43.16483516483504,-0.08791208791217286,1.0549450549451649,837.0,728.0,711.0
2024-10-17 20:36:34.921,108.30769230769238,-43.51648351648328,-0.08791208791217286,1.0549450549451649,838.0,728.0,711.0
2024-10-17 20:36:35.416,109.45054945054926,-43.95604395604414,-0.08791208791217286,1.0549450549451649,838.0,728.0,711.0
2024-10-17 20:36:35.929,110.41758241758225,-44.39560439560455,-0.17582417582434573,1.0549450549451649,839.0,728.0,711.0
2024-10-17 20:36:36.425,111.47252747252742,-44.74725274725279,-0.17582417582434573,1.0549450549451649,839.0,729.0,711.0
2024-10-17 20:36:36.969,112.43956043956041,-45.1868131868132,-0.17582417582434573,1.0549450549451649,839.0,729.0,711.0
2024-10-17 20:36:37.481,113.4065934065934,-45.53846153846143,-0.08791208791217286,1.1428571428571104,840.0,729.0,711.0
2024-10-17 20:36:37.976,114.3736263736264,-45.97802197802184,-0.08791208791217286,1.0549450549451649,841.0,729.0,712.0
2024-10-17 20:36:38.457,115.42857142857156,-46.32967032967008,-0.17582417582434573,1.0549450549451649,841.0,729.0,711.0
2024-10-17 20:36:38.969,116.48351648351627,-46.769230769230944,-0.08791208791217286,1.0549450549451649,841.0,730.0,711.0
2024-10-17 20:36:39.497,117.45054945054926,-47.12087912087918,-0.08791208791217286,1.0549450549451649,842.0,730.0,712.0
2024-10-17 20:36:39.977,118.41758241758225,-47.56043956043959,-0.17582417582434573,1.1428571428571104,842.0,730.0,712.0
2024-10-17 20:36:40.504,119.47252747252742,-47.91208791208783,-0.08791208791217286,1.0549450549451649,842.0,730.0,711.0
2024-10-17 20:36:41.001,120.35164835164824,-48.35164835164824,-0.08791208791217286,1.0549450549451649,843.0,730.0,712.0
2024-10-17 20:36:41.497,121.4065934065934,-48.791208791208646,-0.17582417582434573,1.0549450549451649,843.0,730.0,712.0
2024-10-17 20:36:42.009,122.46153846153857,-49.14285714285734,-0.17582417582434573,1.0549450549451649,843.0,730.0,712.0
2024-10-17 20:36:42.537,123.34065934065939,-49.58241758241775,-0.08791208791217286,1.0549450549451649,843.0,730.0,712.0
2024-10-17 20:36:43.033,124.39560439560455,-2779.032967032967,-0.17582417582434573,1.0549450549451649,844.0,730.0,712.0
2024-10-17 20:36:43.529,125.53846153846143,-50.373626373626394,-0.08791208791217286,1.0549450549451649,845.0,731.0,712.0
2024-10-17 20:36:44.041,126.41758241758225,-50.72527472527463,-0.08791208791217286,1.0549450549451649,845.0,731.0,712.0
2024-10-17 20:36:44.569,127.29670329670307,-51.16483516483504,-0.08791208791217286,1.0549450549451649,845.0,731.0,712.0
2024-10-17 20:36:45.049,128.35164835164824,-51.51648351648328,-0.17582417582434573,1.0549450549451649,846.0,731.0,712.0
2024-10-17 20:36:45.577,129.4065934065934,-51.95604395604414,-0.17582417582434573,1.0549450549451649,846.0,731.0,712.0
2024-10-17 20:36:46.089,130.46153846153857,-52.39560439560455,-0.17582417582434573,1.0549450549451649,846.0,731.0,712.0
2024-10-17 20:36:46.570,131.51648351648328,-52.74725274725279,-0.08791208791217286,1.0549450549451649,846.0,731.0,712.0
2024-10-17 20:36:47.082,132.39560439560455,-53.27472527472537,-0.17582417582434573,1.0549450549451649,847.0,731.0,712.0
2024-10-17 20:36:47.593,133.36263736263754,-53.53846153846143,-0.17582417582434573,1.1428571428571104,847.0,731.0,712.0
2024-10-17 20:36:48.106,134.32967032967008,-53.97802197802184,-0.17582417582434573,1.0549450549451649,847.0,731.0,712.0
2024-10-17 20:36:48.617,135.47252747252742,-54.32967032967008,-0.17582417582434573,1.0549450549451649,848.0,731.0,712.0
2024-10-17 20:36:49.114,136.4395604395604,-54.769230769230944,-0.26373626373606385,1.0549450549451649,848.0,731.0,712.0
2024-10-17 20:36:49.625,137.4065934065934,-55.12087912087918,-0.26373626373606385,1.0549450549451649,849.0,732.0,713.0
2024-10-17 20:36:50.121,138.3736263736264,-55.56043956043959,-0.17582417582434573,1.0549450549451649,849.0,732.0,712.0
2024-10-17 20:36:50.633,139.34065934065939,-55.91208791208783,-0.17582417582434573,1.0549450549451649,849.0,732.0,713.0
2024-10-17 20:36:51.161,140.30769230769238,-56.35164835164824,-0.17582417582434573,1.0549450549451649,850.0,732.0,713.0
2024-10-17 20:36:51.658,141.53846153846143,-56.791208791208646,-0.26373626373606385,1.0549450549451649,850.0,732.0,713.0
2024-10-17 20:36:52.169,142.32967032967008,-57.14285714285734,-0.17582417582434573,1.0549450549451649,851.0,732.0,713.0
2024-10-17 20:36:52.665,143.38461538461524,-57.58241758241775,-0.17582417582434573,1.0549450549451649,851.0,732.0,713.0
2024-10-17 20:36:53.211,144.35164835164824,-57.934065934065984,-0.26373626373606385,1.0549450549451649,851.0,732.0,713.0
2024-10-17 20:36:53.674,145.31868131868123,-58.373626373626394,-0.17582417582434573,1.0549450549451649,852.0,732.0,713.0
2024-10-17 20:36:54.186,146.46153846153857,-58.72527472527463,-0.17582417582434573,1.0549450549451649,852.0,732.0,713.0
2024-10-17 20:36:54.681,147.2527472527472,-59.16483516483504,-0.26373626373606385,1.0549450549451649,852.0,732.0,713.0
2024-10-17 20:36:55.203,148.30769230769238,-59.51648351648328,-0.17582417582434573,1.0549450549451649,853.0,733.0,713.0
2024-10-17 20:36:55.707,149.53846153846143,-59.95604395604414,-0.17582417582434573,1.0549450549451649,854.0,733.0,713.0
2024-10-17 20:36:56.218,149.01098901098885,-59.60439560439545,-0.17582417582434573,1.0549450549451649,853.0,733.0,713.0
2024-10-17 20:36:56.731,147.95604395604414,-59.42857142857156,-0.26373626373606385,1.0549450549451649,852.0,732.0,713.0
2024-10-17 20:36:57.225,146.98901098901115,-58.901098901098976,-0.17582417582434573,1.0549450549451649,851.0,732.0,713.0
2024-10-17 20:36:57.738,145.93406593406598,-58.54945054945074,-0.26373626373606385,1.0549450549451649,851.0,732.0,713.0
2024-10-17 20:36:58.234,145.05494505494516,-58.19780219780205,-0.17582417582434573,1.0549450549451649,850.0,732.0,712.0
2024-10-17 20:36:58.746,144.0,-57.75824175824164,-0.26373626373606385,1.0549450549451649,849.0,731.0,712.0
2024-10-17 20:36:59.243,143.032967032967,-57.4065934065934,-0.17582417582434573,1.1428571428571104,848.0,731.0,712.0
2024-10-17 20:36:59.754,141.97802197802184,-56.96703296703299,-0.17582417582434573,1.0549450549451649,847.0,731.0,712.0
2024-10-17 20:37:00.267,140.92307692307668,-56.52747252747258,-0.26373626373606385,1.0549450549451649,846.0,730.0,712.0
2024-10-17 20:37:00.795,139.95604395604414,-56.175824175824346,-0.26373626373606385,1.0549450549451649,846.0,730.0,711.0
2024-10-17 20:37:01.285,139.07692307692287,-55.824175824175654,-0.17582417582434573,1.0549450549451649,845.0,730.0,712.0
2024-10-17 20:37:01.786,137.93406593406598,-55.384615384615245,-0.26373626373606385,1.0549450549451649,844.0,730.0,712.0
2024-10-17 20:37:02.299,137.05494505494516,-54.945054945054835,-0.26373626373606385,1.0549450549451649,843.0,729.0,712.0
2024-10-17 20:37:02.795,136.08791208791217,-54.505494505494426,-0.26373626373606385,1.0549450549451649,843.0,729.0,711.0
2024-10-17 20:37:03.332,135.032967032967,-54.15384615384619,-0.26373626373606385,1.0549450549451649,842.0,729.0,711.0
2024-10-17 20:37:03.818,133.97802197802184,-53.71428571428578,-0.17582417582434573,1.1428571428571104,841.0,729.0,711.0
2024-10-17 20:37:04.347,132.92307692307668,-53.36263736263754,-0.17582417582434573,1.0549450549451649,841.0,729.0,711.0
2024-10-17 20:37:04.826,131.95604395604414,-52.92307692307668,-0.17582417582434573,1.0549450549451649,840.0,729.0,711.0
2024-10-17 20:37:05.338,131.07692307692287,-52.57142857142844,-0.17582417582434573,1.0549450549451649,839.0,728.0,710.0
2024-10-17 20:37:05.867,129.93406593406598,-52.219780219780205,-0.26373626373606385,1.0549450549451649,838.0,728.0,710.0
2024-10-17 20:37:06.347,129.05494505494516,-51.69230769230762,-0.17582417582434573,1.0549450549451649,838.0,728.0,710.0
2024-10-17 20:37:06.858,128.08791208791217,-51.340659340659386,-0.26373626373606385,1.0549450549451649,838.0,728.0,710.0
2024-10-17 20:37:07.354,126.94505494505484,-50.98901098901115,-0.26373626373606385,1.0549450549451649,837.0,727.0,710.0
2024-10-17 20:37:07.866,126.06593406593402,-50.63736263736246,-0.26373626373606385,1.0549450549451649,836.0,727.0,710.0
2024-10-17 20:37:08.378,125.01098901098885,-50.19780219780205,-0.17582417582434573,1.0549450549451649,836.0,727.0,710.0
2024-10-17 20:37:08.906,124.04395604395586,-49.75824175824164,-0.17582417582434573,1.0549450549451649,835.0,727.0,710.0
2024-10-17 20:37:09.403,123.07692307692287,-49.31868131868123,-0.17582417582434573,1.0549450549451649,834.0,727.0,709.0
2024-10-17 20:37:09.899,122.02197802197816,-49.054945054945165,-0.17582417582434573,1.0549450549451649,834.0,726.0,709.0
2024-10-17 20:37:10.443,120.96703296703299,-48.52747252747258,-0.17582417582434573,1.0549450549451649,834.0,726.0,709.0
2024-10-17 20:37:10.907,120.08791208791217,-48.08791208791217,-0.17582417582434573,1.0549450549451649,834.0,726.0,709.0
2024-10-17 20:37:11.435,119.03296703296701,-47.736263736263936,-0.17582417582434573,1.0549450549451649,833.0,726.0,709.0
2024-10-17 20:37:11.937,118.06593406593402,-47.29670329670307,-0.17582417582434573,1.0549450549451649,833.0,726.0,709.0
2024-10-17 20:37:12.443,117.01098901098885,-46.945054945054835,-0.17582417582434573,1.0549450549451649,832.0,726.0,709.0
2024-10-17 20:37:12.955,115.95604395604414,-46.505494505494426,-0.17582417582434573,1.0549450549451649,832.0,726.0,709.0
2024-10-17 20:37:13.452,115.07692307692287,-46.15384615384619,-0.17582417582434573,1.0549450549451649,831.0,726.0,709.0
2024-10-17 20:37:13.963,114.02197802197816,-45.71428571428578,-0.17582417582434573,1.0549450549451649,831.0,726.0,708.0
2024-10-17 20:37:14.475,113.05494505494516,-45.36263736263754,-0.17582417582434573,1.0549450549451649,830.0,725.0,709.0
2024-10-17 20:37:14.971,112.08791208791217,-44.92307692307668,-0.26373626373606385,1.0549450549451649,830.0,725.0,708.0
2024-10-17 20:37:15.483,111.03296703296701,-44.57142857142844,-0.26373626373606385,1.0549450549451649,830.0,725.0,709.0
2024-10-17 20:37:15.979,109.97802197802184,-44.13186813186803,-0.26373626373606385,1.0549450549451649,829.0,725.0,709.0
2024-10-17 20:37:16.491,109.01098901098885,-43.69230769230762,-0.17582417582434573,1.0549450549451649,829.0,725.0,709.0
2024-10-17 20:37:17.003,108.04395604395586,-43.340659340659386,-0.17582417582434573,1.0549450549451649,828.0,725.0,708.0
2024-10-17 20:37:17.500,107.07692307692287,-42.901098901098976,-0.17582417582434573,1.0549450549451649,828.0,725.0,708.0
2024-10-17 20:37:18.028,106.02197802197816,-42.63736263736246,-0.17582417582434573,1.0549450549451649,828.0,725.0,708.0
2024-10-17 20:37:18.539,105.05494505494516,-42.109890109889875,-0.26373626373606385,1.0549450549451649,827.0,724.0,708.0
2024-10-17 20:37:19.019,104.08791208791217,-41.75824175824164,-0.26373626373606385,1.0549450549451649,827.0,724.0,708.0
2024-10-17 20:37:19.547,103.03296703296701,-41.31868131868123,-0.26373626373606385,1.0549450549451649,827.0,724.0,708.0
2024-10-17 20:37:20.060,102.06593406593402,-40.96703296703299,-0.17582417582434573,1.0549450549451649,826.0,724.0,707.0
2024-10-17 20:37:20.556,101.01098901098885,-40.52747252747258,-0.26373626373606385,1.0549450549451649,826.0,724.0,707.0
2024-10-17 20:37:21.051,100.04395604395586,-40.08791208791217,-0.17582417582434573,1.0549450549451649,825.0,724.0,708.0
2024-10-17 20:37:21.564,99.07692307692287,-39.736263736263936,-0.17582417582434573,1.0549450549451649,825.0,724.0,708.0
2024-10-17 20:37:22.059,97.93406593406598,-39.29670329670307,-0.17582417582434573,1.0549450549451649,825.0,724.0,707.0
2024-10-17 20:37:22.587,97.05494505494516,-38.945054945054835,-0.17582417582434573,1.0549450549451649,824.0,724.0,707.0
2024-10-17 20:37:23.100,96.08791208791217,-38.5934065934066,-0.17582417582434573,1.0549450549451649,824.0,724.0,707.0
2024-10-17 20:37:23.597,95.03296703296701,-38.15384615384619,-0.26373626373606385,1.0549450549451649,823.0,724.0,707.0
2024-10-17 20:37:24.097,94.06593406593402,-37.71428571428578,-0.17582417582434573,1.0549450549451649,823.0,723.0,707.0
2024-10-17 20:37:24.604,93.01098901098885,-37.36263736263754,-0.17582417582434573,1.0549450549451649,823.0,723.0,706.0
2024-10-17 20:37:25.116,92.04395604395586,-36.92307692307668,-0.17582417582434573,1.0549450549451649,823.0,723.0,707.0
2024-10-17 20:37:25.612,91.07692307692287,-36.57142857142844,-0.26373626373606385,1.0549450549451649,822.0,723.0,707.0
2024-10-17 20:37:26.124,90.02197802197816,-36.219780219780205,-0.17582417582434573,1.0549450549451649,821.0,722.0,706.0
2024-10-17 20:37:26.636,89.05494505494516,-35.69230769230762,-0.17582417582434573,1.0549450549451649,821.0,722.0,706.0
2024-10-17 20:37:27.132,88.08791208791217,-35.340659340659386,-0.17582417582434573,1.0549450549451649,821.0,722.0,706.0
2024-10-17 20:37:27.660,87.03296703296701,-34.901098901098976,-0.17582417582434573,1.0549450549451649,820.0,722.0,706.0
2024-10-17 20:37:28.157,86.06593406593402,-34.54945054945074,-0.26373626373606385,1.0549450549451649,820.0,722.0,706.0
2024-10-17 20:37:28.669,85.09890109890102,-34.109890109889875,-0.17582417582434573,1.0549450549451649,819.0,722.0,706.0
2024-10-17 20:37:29.164,84.04395604395586,-33.75824175824164,-0.17582417582434573,1.0549450549451649,819.0,722.0,706.0
2024-10-17 20:37:29.676,83.07692307692287,-33.31868131868123,-0.17582417582434573,1.0549450549451649,819.0,721.0,706.0
2024-10-17 20:37:30.190,82.02197802197816,-32.96703296703299,-0.26373626373606385,1.0549450549451649,818.0,722.0,705.0
2024-10-17 20:37:30.700,81.05494505494516,-32.52747252747258,-0.17582417582434573,1.0549450549451649,818.0,721.0,706.0
2024-10-17 20:37:31.197,80.08791208791217,-32.08791208791217,-0.17582417582434573,1.0549450549451649,817.0,721.0,705.0
2024-10-17 20:37:31.709,79.12087912087918,-31.736263736263936,-0.17582417582434573,1.0549450549451649,817.0,721.0,705.0
2024-10-17 20:37:32.205,78.06593406593402,-31.296703296703072,-0.17582417582434573,1.0549450549451649,817.0,720.0,705.0
2024-10-17 20:37:32.717,77.01098901098885,-31.032967032967008,-0.26373626373606385,1.0549450549451649,816.0,721.0,705.0
2024-10-17 20:37:33.246,76.13186813186803,-30.505494505494426,-0.17582417582434573,1.0549450549451649,816.0,720.0,705.0
2024-10-17 20:37:33.724,75.07692307692287,-30.15384615384619,-0.17582417582434573,1.0549450549451649,815.0,720.0,705.0
2024-10-17 20:37:34.237,74.02197802197816,-29.71428571428578,-0.17582417582434573,1.1428571428571104,815.0,720.0,705.0
2024-10-17 20:37:34.748,73.05494505494516,-29.362637362637543,-0.17582417582434573,1.0549450549451649,815.0,720.0,705.0
2024-10-17 20:37:35.245,72.08791208791217,-29.01098901098885,-0.17582417582434573,1.0549450549451649,814.0,720.0,705.0
2024-10-17 20:37:35.757,71.12087912087918,-28.57142857142844,-0.17582417582434573,1.0549450549451649,814.0,719.0,704.0
2024-10-17 20:37:36.284,70.15384615384619,-28.131868131868032,-0.17582417582434573,1.0549450549451649,813.0,719.0,705.0
2024-10-17 20:37:36.765,69.09890109890102,-27.692307692307622,-0.17582417582434573,1.0549450549451649,813.0,718.0,704.0
2024-10-17 20:37:37.293,68.04395604395586,-27.42857142857156,-0.17582417582434573,1.0549450549451649,812.0,719.0,704.0
2024-10-17 20:37:37.789,67.07692307692287,-26.901098901098976,-0.17582417582434573,1.0549450549451649,812.0,718.0,705.0
2024-10-17 20:37:38.317,66.10989010988988,-26.54945054945074,-0.17582417582434573,1.0549450549451649,812.0,718.0,704.0
2024-10-17 20:37:38.798,65.05494505494516,-26.109890109889875,-0.17582417582434573,1.0549450549451649,811.0,717.0,704.0
2024-10-17 20:37:39.309,64.08791208791217,-25.75824175824164,-0.17582417582434573,1.0549450549451649,811.0,717.0,704.0
2024-10-17 20:37:39.804,63.12087912087918,-25.31868131868123,-0.17582417582434573,1.0549450549451649,810.0,717.0,704.0
2024-10-17 20:37:40.316,62.065934065934016,-24.967032967032992,-0.17582417582434573,1.0549450549451649,810.0,717.0,704.0
2024-10-17 20:37:40.829,61.098901098901024,-24.527472527472582,-0.17582417582434573,1.0549450549451649,809.0,716.0,704.0
2024-10-17 20:37:41.341,60.13186813186803,-24.087912087912173,-0.26373626373606385,1.0549450549451649,809.0,716.0,704.0
2024-10-17 20:37:41.853,59.16483516483504,-23.736263736263936,-0.26373626373606385,1.0549450549451649,809.0,716.0,704.0
2024-10-17 20:37:42.349,58.02197802197816,-23.296703296703072,-0.17582417582434573,1.0549450549451649,808.0,715.0,704.0
2024-10-17 20:37:42.861,57.054945054945165,-22.945054945054835,-0.17582417582434573,1.0549450549451649,808.0,715.0,703.0
2024-10-17 20:37:43.357,56.08791208791217,-22.505494505494426,-0.26373626373606385,1.0549450549451649,808.0,715.0,704.0
2024-10-17 20:37:43.869,55.03296703296701,-22.15384615384619,-0.26373626373606385,1.0549450549451649,807.0,715.0,704.0
2024-10-17 20:37:44.382,54.065934065934016,-21.71428571428578,-0.17582417582434573,1.0549450549451649,807.0,714.0,704.0
2024-10-17 20:37:44.878,53.01098901098885,-21.362637362637543,-0.26373626373606385,1.0549450549451649,806.0,714.0,704.0
2024-10-17 20:37:45.389,52.13186813186803,-20.923076923076678,-0.17582417582434573,1.0549450549451649,806.0,714.0,703.0
2024-10-17 20:37:45.901,51.07692307692287,-20.57142857142844,-0.17582417582434573,1.0549450549451649,806.0,714.0,703.0
2024-10-17 20:37:46.398,50.109890109889875,-20.131868131868032,-0.17582417582434573,1.0549450549451649,805.0,713.0,703.0
2024-10-17 20:37:46.925,49.054945054945165,-19.692307692307622,-0.26373626373606385,1.0549450549451649,805.0,713.0,704.0
2024-10-17 20:37:47.423,48.08791208791217,-19.340659340659386,-0.17582417582434573,1.0549450549451649,804.0,713.0,703.0
2024-10-17 20:37:47.950,47.12087912087918,-18.901098901098976,-0.17582417582434573,1.0549450549451649,804.0,712.0,703.0
2024-10-17 20:37:48.429,46.15384615384619,-18.54945054945074,-0.17582417582434573,1.0549450549451649,803.0,712.0,703.0
2024-10-17 20:37:48.942,45.098901098901024,-18.109890109889875,-0.26373626373606385,1.0549450549451649,803.0,712.0,703.0
2024-10-17 20:37:49.469,44.13186813186803,-17.75824175824164,-0.17582417582434573,1.0549450549451649,802.0,712.0,703.0
2024-10-17 20:37:49.965,43.07692307692287,-17.31868131868123,-0.26373626373606385,1.0549450549451649,802.0,711.0,703.0
2024-10-17 20:37:50.461,42.02197802197816,-16.967032967032992,-0.26373626373606385,1.0549450549451649,802.0,711.0,703.0
2024-10-17 20:37:50.974,41.14285714285734,-16.527472527472582,-0.17582417582434573,1.0549450549451649,801.0,711.0,703.0
2024-10-17 20:37:51.470,40.175824175824346,-16.087912087912173,-0.17582417582434573,1.0549450549451649,801.0,711.0,703.0
2024-10-17 20:37:51.998,39.12087912087918,-15.736263736263936,-0.17582417582434573,1.0549450549451649,800.0,710.0,703.0
2024-10-17 20:37:52.494,38.15384615384619,-15.296703296703072,-0.17582417582434573,1.0549450549451649,800.0,710.0,703.0
2024-10-17 20:37:53.006,37.098901098901024,-14.945054945054835,-0.26373626373606385,1.0549450549451649,799.0,709.0,703.0
2024-10-17 20:37:53.518,36.13186813186803,-14.593406593406598,-0.26373626373606385,1.0549450549451649,799.0,709.0,703.0
2024-10-17 20:37:54.034,35.16483516483504,-14.153846153846189,-0.17582417582434573,1.0549450549451649,798.0,709.0,703.0
2024-10-17 20:37:54.526,34.109890109889875,-13.71428571428578,-0.17582417582434573,1.0549450549451649,798.0,708.0,703.0
2024-10-17 20:37:55.026,33.14285714285734,-13.45054945054926,-0.17582417582434573,1.0549450549451649,797.0,708.0,703.0
2024-10-17 20:37:55.550,32.175824175824346,-12.923076923076678,-0.17582417582434573,1.0549450549451649,797.0,708.0,702.0
2024-10-17 20:37:56.061,31.12087912087918,-12.571428571428442,-0.17582417582434573,1.0549450549451649,797.0,707.0,703.0
2024-10-17 20:37:56.559,30.15384615384619,-12.131868131868032,-0.17582417582434573,1.0549450549451649,796.0,707.0,703.0
2024-10-17 20:37:57.069,29.01098901098885,-11.692307692307622,-0.17582417582434573,1.0549450549451649,796.0,707.0,702.0
2024-10-17 20:37:57.566,28.04395604395586,-11.340659340659386,-0.17582417582434573,1.0549450549451649,795.0,707.0,703.0
2024-10-17 20:37:58.062,27.16483516483504,-10.901098901098976,-0.17582417582434573,1.0549450549451649,795.0,706.0,703.0
2024-10-17 20:37:58.574,26.109890109889875,-10.54945054945074,-0.17582417582434573,1.0549450549451649,794.0,706.0,702.0
2024-10-17 20:37:59.086,25.142857142857338,-10.109890109889875,-0.26373626373606385,1.0549450549451649,794.0,706.0,702.0
2024-10-17 20:37:59.582,24.175824175824346,-9.758241758241638,-0.17582417582434573,1.0549450549451649,793.0,705.0,702.0
2024-10-17 20:38:00.095,23.12087912087918,-9.318681318681229,-0.17582417582434573,1.0549450549451649,793.0,705.0,702.0
2024-10-17 20:38:00.639,22.24175824175836,-8.967032967032992,-0.26373626373606385,1.0549450549451649,793.0,705.0,702.0
2024-10-17 20:38:01.118,21.186813186813197,-8.527472527472582,-0.26373626373606385,1.1428571428571104,792.0,705.0,702.0
2024-10-17 20:38:01.614,20.131868131868032,-8.087912087912173,-0.17582417582434573,1.0549450549451649,792.0,704.0,702.0
2024-10-17 20:38:02.126,19.16483516483504,-7.736263736263936,-0.17582417582434573,1.0549450549451649,792.0,704.0,702.0
2024-10-17 20:38:02.638,18.109890109889875,-7.296703296703072,-0.17582417582434573,1.0549450549451649,792.0,704.0,702.0
2024-10-17 20:38:03.135,17.142857142857338,-6.945054945054835,-0.17582417582434573,1.0549450549451649,791.0,704.0,702.0
2024-10-17 20:38:03.647,16.175824175824346,-6.5054945054944255,-0.17582417582434573,1.0549450549451649,791.0,704.0,702.0
2024-10-17 20:38:04.142,15.12087912087918,-6.153846153846189,-0.17582417582434573,1.0549450549451649,790.0,703.0,702.0
2024-10-17 20:38:04.655,14.065934065934016,-5.714285714285779,-0.17582417582434573,1.0549450549451649,790.0,703.0,702.0
2024-10-17 20:38:05.166,13.098901098901024,-5.3626373626375425,-0.26373626373606385,1.0549450549451649,790.0,703.0,702.0
2024-10-17 20:38:05.694,12.219780219780205,-4.923076923076678,-0.26373626373606385,1.0549450549451649,789.0,702.0,702.0
2024-10-17 20:38:06.176,11.16483516483504,-4.5714285714284415,-0.17582417582434573,1.0549450549451649,789.0,702.0,702.0
2024-10-17 20:38:06.687,10.021978021978157,-4.219780219780205,-0.17582417582434573,1.0549450549451649,789.0,702.0,702.0
2024-10-17 20:38:07.216,9.142857142857338,-3.6923076923076223,-0.17582417582434573,1.0549450549451649,788.0,702.0,702.0
2024-10-17 20:38:07.710,8.175824175824346,-3.3406593406593856,-0.17582417582434573,1.0549450549451649,788.0,701.0,702.0
2024-10-17 20:38:08.239,7.208791208791354,-2.901098901098976,-0.17582417582434573,1.0549450549451649,787.0,702.0,702.0
2024-10-17 20:38:08.719,6.241758241758362,-2.5494505494507393,-0.17582417582434573,1.0549450549451649,787.0,701.0,702.0
2024-10-17 20:38:09.231,5.186813186813197,-2.109890109889875,-0.26373626373606385,1.0549450549451649,787.0,701.0,702.0
2024-10-17 20:38:09.743,4.131868131868032,-1.7582417582416383,-0.17582417582434573,1.0549450549451649,787.0,701.0,702.0
2024-10-17 20:38:10.272,3.2527472527472128,-1.3186813186812287,-0.26373626373606385,1.0549450549451649,787.0,700.0,702.0
2024-10-17 20:38:10.751,2.021978021978157,-0.967032967032992,-0.17582417582434573,1.0549450549451649,786.0,700.0,702.0
2024-10-17 20:38:11.264,1.1428571428573377,-0.5274725274725824,-0.26373626373606385,1.0549450549451649,786.0,700.0,702.0
2024-10-17 20:38:11.775,0.08791208791217286,-0.08791208791217286,-0.26373626373606385,1.0549450549451649,786.0,700.0,702.0
2024-10-17 20:38:12.271,-0.3516483516482367,0.8791208791208192,-0.17582417582434573,1.0549450549451649,786.0,700.0,703.0
2024-10-17 20:38:12.767,-0.7912087912086463,1.8461538461538112,-0.26373626373606385,1.0549450549451649,787.0,700.0,703.0
2024-10-17 20:38:13.280,-1.1428571428573377,2.901098901098976,-0.26373626373606385,1.0549450549451649,787.0,700.0,703.0
2024-10-17 20:38:13.792,-1.5824175824177473,3.780219780219795,-0.17582417582434573,1.0549450549451649,787.0,700.0,703.0
2024-10-17 20:38:14.303,-1.934065934065984,4.83516483516496,-0.26373626373606385,1.0549450549451649,787.0,700.0,703.0
2024-10-17 20:38:14.799,-2.3736263736263936,5.890109890110125,-0.17582417582434573,1.0549450549451649,788.0,700.0,704.0
2024-10-17 20:38:15.311,-2.7252747252746303,6.857142857142662,-0.17582417582434573,1.0549450549451649,787.0,700.0,704.0
2024-10-17 20:38:15.824,-3.16483516483504,7.912087912087827,-0.26373626373606385,1.0549450549451649,788.0,700.0,704.0
2024-10-17 20:38:16.336,-3.5164835164837314,8.791208791208646,-0.17582417582434573,1.0549450549451649,788.0,700.0,705.0
2024-10-17 20:38:16.832,-3.956043956044141,9.846153846153811,-0.17582417582434573,1.0549450549451649,788.0,700.0,704.0
2024-10-17 20:38:17.344,-4.3956043956045505,10.901098901098976,-0.17582417582434573,1.0549450549451649,789.0,700.0,705.0
2024-10-17 20:38:17.856,-4.747252747252787,11.868131868131968,-0.17582417582434573,1.0549450549451649,789.0,700.0,705.0
2024-10-17 20:38:18.368,-5.186813186813197,12.83516483516496,-0.26373626373606385,1.0549450549451649,789.0,700.0,705.0
2024-10-17 20:38:18.864,-5.5384615384614335,13.802197802197952,-0.17582417582434573,1.0549450549451649,789.0,700.0,706.0
2024-10-17 20:38:19.360,-5.978021978021843,14.769230769230944,-0.26373626373606385,1.0549450549451649,790.0,700.0,706.0
2024-10-17 20:38:19.904,-6.329670329670535,15.824175824175654,-0.17582417582434573,1.0549450549451649,790.0,700.0,706.0
2024-10-17 20:38:20.384,-6.769230769230944,16.87912087912082,-0.26373626373606385,1.0549450549451649,790.0,700.0,706.0
2024-10-17 20:38:20.880,-7.120879120879181,17.84615384615381,-0.26373626373606385,1.0549450549451649,790.0,699.0,707.0
2024-10-17 20:38:21.393,-7.56043956043959,18.901098901098976,-0.17582417582434573,1.0549450549451649,791.0,700.0,707.0
2024-10-17 20:38:21.905,-7.912087912087827,19.868131868131968,-0.17582417582434573,1.0549450549451649,791.0,700.0,707.0
2024-10-17 20:38:22.417,-8.351648351648237,20.83516483516496,-0.26373626373606385,1.0549450549451649,791.0,700.0,708.0
2024-10-17 20:38:22.929,-8.791208791208646,21.890109890110125,-0.17582417582434573,1.0549450549451649,791.0,700.0,708.0
2024-10-17 20:38:23.472,-9.142857142857338,21.978021978021843,-0.17582417582434573,1.0549450549451649,791.0,699.0,708.0
2024-10-17 20:38:23.944,-9.582417582417747,23.824175824175654,-0.17582417582434573,1.0549450549451649,792.0,700.0,708.0
2024-10-17 20:38:24.432,-9.934065934065984,24.87912087912082,-0.17582417582434573,1.0549450549451649,792.0,700.0,708.0
2024-10-17 20:38:24.944,-10.373626373626394,25.75824175824164,-0.17582417582434573,1.0549450549451649,793.0,700.0,709.0
2024-10-17 20:38:25.457,-10.72527472527463,26.813186813186803,-0.17582417582434573,1.0549450549451649,793.0,700.0,709.0
2024-10-17 20:38:25.953,-11.16483516483504,27.780219780219795,-0.17582417582434573,1.0549450549451649,794.0,700.0,709.0
2024-10-17 20:38:26.491,-11.516483516483731,28.747252747252787,-0.17582417582434573,1.0549450549451649,793.0,700.0,709.0
2024-10-17 20:38:26.977,-11.956043956044141,29.802197802197952,-0.17582417582434573,1.0549450549451649,794.0,700.0,710.0
2024-10-17 20:38:27.472,-12.39560439560455,30.769230769230944,-0.17582417582434573,1.0549450549451649,794.0,700.0,710.0
2024-10-17 20:38:27.984,-12.747252747252787,31.824175824175654,-0.17582417582434573,1.0549450549451649,794.0,700.0,710.0
2024-10-17 20:38:28.496,-13.186813186813197,32.87912087912082,-0.17582417582434573,1.0549450549451649,795.0,700.0,710.0
2024-10-17 20:38:28.992,-13.538461538461434,33.75824175824164,-0.17582417582434573,1.0549450549451649,795.0,700.0,711.0
2024-10-17 20:38:29.521,-13.978021978021843,34.901098901098976,-0.26373626373606385,1.0549450549451649,795.0,700.0,711.0
2024-10-17 20:38:30.032,-14.329670329670535,35.780219780219795,-0.17582417582434573,1.0549450549451649,795.0,701.0,711.0
2024-10-17 20:38:30.529,-14.769230769230944,36.83516483516496,-0.17582417582434573,1.0549450549451649,796.0,700.0,711.0
2024-10-17 20:38:31.025,-15.12087912087918,37.80219780219795,-0.17582417582434573,1.0549450549451649,796.0,700.0,711.0
2024-10-17 20:38:31.537,-15.56043956043959,38.85714285714266,-0.17582417582434573,1.0549450549451649,797.0,700.0,712.0
2024-10-17 20:38:32.033,-15.912087912087827,39.824175824175654,-0.17582417582434573,1.0549450549451649,797.0,700.0,712.0
2024-10-17 20:38:32.561,-16.351648351648237,40.791208791208646,-0.26373626373606385,1.0549450549451649,797.0,700.0,712.0
2024-10-17 20:38:33.073,-16.791208791208646,41.75824175824164,-0.17582417582434573,1.0549450549451649,797.0,701.0,712.0
2024-10-17 20:38:33.553,-17.142857142857338,42.8131868131868,-0.17582417582434573,1.0549450549451649,798.0,701.0,713.0
2024-10-17 20:38:34.065,-17.582417582417747,43.780219780219795,-0.26373626373606385,1.0549450549451649,798.0,701.0,713.0
2024-10-17 20:38:34.577,-17.934065934065984,44.74725274725279,-0.26373626373606385,1.0549450549451649,799.0,701.0,713.0
2024-10-17 20:38:35.089,-18.373626373626394,45.80219780219795,-0.17582417582434573,1.0549450549451649,799.0,701.0,713.0
2024-10-17 20:38:35.601,-18.72527472527463,46.769230769230944,-0.17582417582434573,1.0549450549451649,799.0,701.0,713.0
2024-10-17 20:38:36.113,-19.16483516483504,47.824175824175654,-0.17582417582434573,1.0549450549451649,799.0,701.0,714.0
2024-10-17 20:38:36.609,-19.51648351648373,48.791208791208646,-0.17582417582434573,1.0549450549451649,800.0,701.0,714.0
2024-10-17 20:38:37.120,-19.95604395604414,49.84615384615381,-0.17582417582434573,1.0549450549451649,800.0,701.0,714.0
2024-10-17 20:38:37.634,-20.39560439560455,50.8131868131868,-0.26373626373606385,1.0549450549451649,800.0,701.0,714.0
2024-10-17 20:38:38.145,-20.747252747252787,51.780219780219795,-0.26373626373606385,1.0549450549451649,801.0,702.0,715.0
2024-10-17 20:38:38.625,-21.186813186813197,52.659340659340614,-0.17582417582434573,1.0549450549451649,801.0,701.0,715.0
2024-10-17 20:38:39.153,-21.538461538461434,53.80219780219795,-0.17582417582434573,1.0549450549451649,801.0,701.0,715.0
2024-10-17 20:38:39.650,-21.978021978021843,54.769230769230944,-0.17582417582434573,1.0549450549451649,802.0,701.0,715.0
2024-10-17 20:38:40.162,-22.329670329670535,55.824175824175654,-0.26373626373606385,1.0549450549451649,803.0,702.0,715.0
2024-10-17 20:38:40.658,-22.769230769230944,56.791208791208646,-0.26373626373606385,1.0549450549451649,802.0,702.0,715.0
2024-10-17 20:38:41.186,-23.12087912087918,57.84615384615381,-0.17582417582434573,1.0549450549451649,803.0,701.0,716.0
2024-10-17 20:38:41.697,-23.56043956043959,58.8131868131868,-0.17582417582434573,1.0549450549451649,803.0,702.0,716.0
2024-10-17 20:38:42.209,-23.912087912087827,59.780219780219795,-0.17582417582434573,1.0549450549451649,804.0,702.0,716.0
2024-10-17 20:38:42.689,-24.351648351648237,60.74725274725279,-0.26373626373606385,1.0549450549451649,804.0,702.0,716.0
2024-10-17 20:38:43.202,-24.791208791208646,61.71428571428578,-0.17582417582434573,1.0549450549451649,804.0,702.0,717.0
2024-10-17 20:38:43.698,-25.142857142857338,62.769230769230944,-0.17582417582434573,1.0549450549451649,805.0,702.0,717.0
2024-10-17 20:38:44.210,-25.494505494505574,63.736263736263936,-0.26373626373606385,1.0549450549451649,805.0,702.0,717.0
2024-10-17 20:38:44.738,-25.934065934065984,64.70329670329693,-0.17582417582434573,1.0549450549451649,805.0,702.0,717.0
2024-10-17 20:38:45.218,-26.373626373626394,65.75824175824164,-0.17582417582434573,1.0549450549451649,806.0,702.0,717.0
2024-10-17 20:38:45.730,-26.72527472527463,66.72527472527463,-0.17582417582434573,1.0549450549451649,807.0,703.0,718.0
2024-10-17 20:38:46.258,-27.16483516483504,67.69230769230762,-0.26373626373606385,1.0549450549451649,807.0,702.0,718.0
2024-10-17 20:38:46.753,-27.51648351648373,68.74725274725279,-0.17582417582434573,1.0549450549451649,807.0,702.0,718.0
2024-10-17 20:38:47.282,-27.95604395604414,69.71428571428578,-0.17582417582434573,1.0549450549451649,807.0,703.0,718.0
2024-10-17 20:38:47.762,-28.39560439560455,70.68131868131877,-0.26373626373606385,1.0549450549451649,808.0,703.0,718.0
2024-10-17 20:38:48.274,-28.747252747252787,71.73626373626394,-0.17582417582434573,1.0549450549451649,808.0,703.0,719.0
2024-10-17 20:38:48.770,-29.186813186813197,72.79120879120865,-0.17582417582434573,1.0549450549451649,808.0,703.0,719.0
2024-10-17 20:38:49.298,-29.538461538461434,73.67032967032992,-0.26373626373606385,1.0549450549451649,808.0,703.0,719.0
2024-10-17 20:38:49.794,-29.978021978021843,74.8131868131868,-0.17582417582434573,1.0549450549451649,809.0,703.0,719.0
2024-10-17 20:38:50.322,-30.329670329670535,75.69230769230762,-0.17582417582434573,1.0549450549451649,809.0,703.0,719.0
2024-10-17 20:38:50.802,-30.769230769230944,76.65934065934061,-0.17582417582434573,1.0549450549451649,810.0,703.0,720.0
2024-10-17 20:38:51.330,-31.12087912087918,77.80219780219795,-0.26373626373606385,1.0549450549451649,810.0,703.0,720.0
2024-10-17 20:38:51.810,-31.56043956043959,78.76923076923094,-0.26373626373606385,1.0549450549451649,810.0,703.0,720.0
2024-10-17 20:38:52.322,-31.912087912087827,79.73626373626394,-0.17582417582434573,1.0549450549451649,811.0,703.0,720.0
2024-10-17 20:38:52.833,-32.35164835164824,80.70329670329693,-0.17582417582434573,1.0549450549451649,812.0,703.0,721.0
2024-10-17 20:38:53.330,-32.791208791208646,81.67032967032992,-0.17582417582434573,1.0549450549451649,812.0,703.0,721.0
2024-10-17 20:38:53.842,-33.14285714285734,82.72527472527463,-0.26373626373606385,1.0549450549451649,812.0,704.0,721.0
2024-10-17 20:38:54.354,-33.58241758241775,83.69230769230762,-0.26373626373606385,1.0549450549451649,813.0,703.0,721.0
2024-10-17 20:38:54.850,-33.934065934065984,84.65934065934061,-0.17582417582434573,1.0549450549451649,813.0,704.0,722.0
2024-10-17 20:38:55.362,-34.373626373626394,85.80219780219795,-0.17582417582434573,1.0549450549451649,814.0,704.0,722.0
2024-10-17 20:38:55.891,-34.72527472527463,86.68131868131877,-0.17582417582434573,1.0549450549451649,814.0,704.0,722.0
2024-10-17 20:38:56.369,-35.16483516483504,87.73626373626394,-0.17582417582434573,1.0549450549451649,814.0,704.0,722.0
2024-10-17 20:38:56.882,-35.51648351648373,88.61538461538476,-0.17582417582434573,1.0549450549451649,815.0,704.0,722.0
2024-10-17 20:38:57.394,-35.95604395604414,89.67032967032992,-0.26373626373606385,1.0549450549451649,815.0,704.0,723.0
2024-10-17 20:38:57.910,-36.39560439560455,90.72527472527463,-0.17582417582434573,1.0549450549451649,815.0,704.0,723.0
2024-10-17 20:38:58.434,-36.74725274725279,91.51648351648373,-0.17582417582434573,1.0549450549451649,816.0,704.0,723.0
2024-10-17 20:38:58.947,-37.1868131868132,92.65934065934061,-0.17582417582434573,1.0549450549451649,816.0,704.0,723.0
2024-10-17 20:38:59.442,-37.53846153846143,93.71428571428578,-0.17582417582434573,1.0549450549451649,817.0,704.0,723.0
2024-10-17 20:38:59.939,-37.97802197802184,94.68131868131877,-0.17582417582434573,1.0549450549451649,817.0,704.0,724.0
2024-10-17 20:39:00.435,-38.329670329670535,95.64835164835176,-0.17582417582434573,1.0549450549451649,817.0,704.0,724.0
2024-10-17 20:39:00.963,-38.769230769230944,96.61538461538476,-0.17582417582434573,1.0549450549451649,818.0,705.0,724.0
2024-10-17 20:39:01.442,-39.12087912087918,97.58241758241775,-0.17582417582434573,1.0549450549451649,818.0,705.0,724.0
2024-10-17 20:39:01.955,-39.56043956043959,98.63736263736246,-0.17582417582434573,1.0549450549451649,818.0,705.0,724.0
2024-10-17 20:39:02.467,-39.91208791208783,99.60439560439545,-0.17582417582434573,1.0549450549451649,819.0,705.0,725.0
2024-10-17 20:39:02.978,-40.35164835164824,100.57142857142844,-0.26373626373606385,1.0549450549451649,819.0,705.0,725.0
2024-10-17 20:39:03.490,-40.791208791208646,101.6263736263736,-0.17582417582434573,1.0549450549451649,820.0,705.0,725.0
2024-10-17 20:39:04.019,-41.14285714285734,102.5934065934066,-0.26373626373606385,1.0549450549451649,820.0,705.0,725.0
2024-10-17 20:39:04.499,-41.58241758241775,103.56043956043959,-0.17582417582434573,1.0549450549451649,820.0,705.0,725.0
2024-10-17 20:39:05.011,-41.934065934065984,104.61538461538476,-0.26373626373606385,1.0549450549451649,821.0,705.0,726.0
2024-10-17 20:39:05.523,-42.373626373626394,105.58241758241775,-0.17582417582434573,1.0549450549451649,821.0,705.0,726.0
2024-10-17 20:39:06.019,-42.72527472527463,106.63736263736246,-0.26373626373606385,1.0549450549451649,822.0,705.0,727.0
2024-10-17 20:39:06.532,-43.25274725274721,107.51648351648373,-0.26373626373606385,1.0549450549451649,822.0,705.0,726.0
2024-10-17 20:39:07.027,-43.51648351648373,108.48351648351672,-0.17582417582434573,1.0549450549451649,822.0,705.0,727.0
2024-10-17 20:39:07.539,-43.95604395604414,109.53846153846143,-0.17582417582434573,1.0549450549451649,823.0,705.0,727.0
2024-10-17 20:39:08.035,-44.39560439560455,110.50549450549443,-0.17582417582434573,1.0549450549451649,823.0,706.0,727.0
2024-10-17 20:39:08.547,-44.74725274725279,111.47252747252742,-0.26373626373606385,1.0549450549451649,823.0,705.0,727.0
2024-10-17 20:39:09.059,-45.1868131868132,112.52747252747258,-0.26373626373606385,1.0549450549451649,824.0,706.0,727.0
2024-10-17 20:39:09.556,-45.53846153846143,113.58241758241775,-0.17582417582434573,1.0549450549451649,824.0,705.0,728.0
2024-10-17 20:39:10.069,-45.97802197802184,114.63736263736246,-0.26373626373606385,1.0549450549451649,824.0,706.0,728.0
2024-10-17 20:39:10.579,-46.329670329670535,115.60439560439545,-0.26373626373606385,1.0549450549451649,825.0,706.0,728.0
2024-10-17 20:39:11.075,-46.769230769230944,116.57142857142844,-0.26373626373606385,1.0549450549451649,825.0,706.0,728.0
2024-10-17 20:39:11.603,-47.12087912087918,117.53846153846143,-0.17582417582434573,1.0549450549451649,826.0,706.0,728.0
2024-10-17 20:39:12.115,-47.56043956043959,118.5934065934066,-0.17582417582434573,1.0549450549451649,826.0,706.0,728.0
2024-10-17 20:39:12.643,-47.91208791208783,119.64835164835176,-0.17582417582434573,1.0549450549451649,827.0,706.0,729.0
2024-10-17 20:39:13.107,-48.35164835164824,120.52747252747258,-0.26373626373606385,1.0549450549451649,827.0,706.0,729.0
2024-10-17 20:39:13.619,-48.791208791208646,121.49450549450557,-0.17582417582434573,1.0549450549451649,828.0,706.0,729.0
2024-10-17 20:39:14.132,-49.14285714285734,122.54945054945074,-0.17582417582434573,1.0549450549451649,828.0,706.0,729.0
2024-10-17 20:39:14.628,-49.58241758241775,123.60439560439545,-0.17582417582434573,1.0549450549451649,828.0,706.0,729.0
2024-10-17 20:39:15.140,-49.934065934065984,124.48351648351672,-0.17582417582434573,1.0549450549451649,828.0,706.0,729.0
2024-10-17 20:39:15.652,-50.373626373626394,125.45054945054926,-0.17582417582434573,1.0549450549451649,828.0,706.0,729.0
2024-10-17 20:39:16.180,-50.72527472527463,126.50549450549443,-0.17582417582434573,1.0549450549451649,829.0,707.0,730.0
2024-10-17 20:39:16.660,-51.16483516483504,127.56043956043959,-0.17582417582434573,1.0549450549451649,829.0,706.0,730.0
2024-10-17 20:39:17.188,-51.51648351648373,128.61538461538476,-0.17582417582434573,1.0549450549451649,830.0,707.0,730.0
2024-10-17 20:39:17.669,-51.95604395604414,129.49450549450557,-0.17582417582434573,1.0549450549451649,830.0,707.0,730.0
2024-10-17 20:39:18.179,-52.39560439560455,130.63736263736246,-0.26373626373606385,1.0549450549451649,831.0,707.0,730.0
2024-10-17 20:39:18.691,-52.74725274725279,131.60439560439545,-0.17582417582434573,1.0549450549451649,832.0,707.0,731.0
2024-10-17 20:39:19.188,-53.1868131868132,132.39560439560455,-0.17582417582434573,1.0549450549451649,832.0,707.0,731.0
2024-10-17 20:39:19.700,-53.53846153846143,133.53846153846143,-0.17582417582434573,1.0549450549451649,832.0,708.0,731.0
2024-10-17 20:39:20.212,-53.97802197802184,134.50549450549443,-0.17582417582434573,1.0549450549451649,834.0,708.0,731.0
2024-10-17 20:39:20.724,-54.329670329670535,135.5604395604396,-0.26373626373606385,1.0549450549451649,834.0,708.0,732.0
2024-10-17 20:39:21.221,-54.769230769230944,136.52747252747258,-0.17582417582434573,1.0549450549451649,834.0,708.0,732.0
2024-10-17 20:39:21.749,-55.208791208791354,137.49450549450557,-0.26373626373606385,1.0549450549451649,835.0,708.0,732.0
2024-10-17 20:39:22.245,-55.56043956043959,138.54945054945074,-0.17582417582434573,1.0549450549451649,835.0,708.0,732.0
2024-10-17 20:39:22.740,-55.91208791208783,139.51648351648373,-0.17582417582434573,1.0549450549451649,835.0,708.0,733.0
2024-10-17 20:39:23.253,-56.35164835164824,140.48351648351672,-0.17582417582434573,1.0549450549451649,836.0,708.0,733.0
2024-10-17 20:39:23.764,-56.791208791208646,141.53846153846143,-0.26373626373606385,1.0549450549451649,837.0,708.0,733.0
2024-10-17 20:39:24.261,-57.14285714285734,142.50549450549443,-0.26373626373606385,1.0549450549451649,837.0,708.0,733.0
2024-10-17 20:39:24.773,-57.58241758241775,143.47252747252742,-0.17582417582434573,1.0549450549451649,838.0,709.0,733.0
2024-10-17 20:39:25.284,-57.934065934065984,144.52747252747258,-0.26373626373606385,1.0549450549451649,838.0,709.0,733.0
2024-10-17 20:39:25.797,-58.373626373626394,145.49450549450557,-0.17582417582434573,1.0549450549451649,839.0,709.0,734.0
2024-10-17 20:39:26.292,-58.72527472527463,146.54945054945074,-0.17582417582434573,1.0549450549451649,840.0,709.0,734.0
2024-10-17 20:39:26.837,-59.16483516483504,147.51648351648373,-0.17582417582434573,1.0549450549451649,840.0,709.0,734.0
2024-10-17 20:39:27.317,-59.51648351648373,148.39560439560455,-0.17582417582434573,1.0549450549451649,840.0,710.0,734.0
2024-10-17 20:39:27.813,-59.95604395604414,149.45054945054926,-0.17582417582434573,1.0549450549451649,841.0,709.0,734.0
2024-10-17 20:39:28.325,-59.69230769230762,148.83516483516496,-0.26373626373606385,1.0549450549451649,840.0,709.0,734.0
2024-10-17 20:39:28.836,-59.340659340659386,147.95604395604414,-0.26373626373606385,1.0549450549451649,839.0,709.0,733.0
2024-10-17 20:39:29.333,-58.901098901098976,146.90109890109898,-0.17582417582434573,1.0549450549451649,838.0,708.0,732.0
2024-10-17 20:39:29.860,-58.63736263736246,145.8461538461538,-0.26373626373606385,1.0549450549451649,837.0,708.0,732.0
2024-10-17 20:39:30.357,-58.10989010989033,144.79120879120865,-0.17582417582434573,1.0549450549451649,836.0,707.0,732.0
2024-10-17 20:39:30.885,-57.75824175824164,144.0,-0.17582417582434573,1.0549450549451649,835.0,708.0,731.0
2024-10-17 20:39:31.365,-57.31868131868123,142.85714285714266,-0.26373626373606385,1.0549450549451649,834.0,707.0,731.0
2024-10-17 20:39:31.893,-56.96703296703299,141.97802197802184,-0.17582417582434573,1.0549450549451649,833.0,707.0,731.0
2024-10-17 20:39:32.373,-56.52747252747258,140.92307692307713,-0.17582417582434573,1.0549450549451649,832.0,707.0,730.0
2024-10-17 20:39:32.903,-56.08791208791217,139.95604395604414,-0.26373626373606385,1.0549450549451649,831.0,707.0,730.0
2024-10-17 20:39:33.397,-55.736263736263936,138.90109890109898,-0.17582417582434573,1.0549450549451649,831.0,707.0,729.0
2024-10-17 20:39:33.893,-55.29670329670353,137.93406593406598,-0.17582417582434573,1.0549450549451649,830.0,706.0,729.0
2024-10-17 20:39:34.422,-54.945054945054835,136.87912087912082,-0.17582417582434573,1.0549450549451649,828.0,706.0,729.0
2024-10-17 20:39:34.917,-54.505494505494426,136.0,-0.17582417582434573,1.0549450549451649,828.0,706.0,728.0
2024-10-17 20:39:35.461,-54.15384615384619,134.94505494505484,-0.26373626373606385,1.0549450549451649,827.0,706.0,728.0
2024-10-17 20:39:35.925,-53.71428571428578,133.97802197802184,-0.17582417582434573,1.0549450549451649,826.0,706.0,728.0
2024-10-17 20:39:36.437,-53.36263736263754,132.83516483516496,-0.26373626373606385,1.0549450549451649,826.0,705.0,727.0
2024-10-17 20:39:36.949,-52.92307692307713,131.95604395604414,-0.26373626373606385,1.0549450549451649,825.0,705.0,727.0
2024-10-17 20:39:37.445,-52.57142857142844,130.98901098901115,-0.17582417582434573,1.0549450549451649,825.0,705.0,727.0
2024-10-17 20:39:37.958,-52.13186813186803,129.93406593406598,-0.26373626373606385,1.0549450549451649,824.0,705.0,727.0
2024-10-17 20:39:38.469,-51.60439560439545,128.87912087912082,-0.26373626373606385,1.1428571428571104,824.0,705.0,727.0
2024-10-17 20:39:38.965,-51.340659340659386,128.0,-0.17582417582434573,1.0549450549451649,823.0,705.0,726.0
2024-10-17 20:39:39.477,-50.901098901098976,126.94505494505484,-0.26373626373606385,1.0549450549451649,822.0,705.0,726.0
2024-10-17 20:39:39.990,-50.54945054945074,125.97802197802184,-0.17582417582434573,1.0549450549451649,822.0,705.0,726.0
2024-10-17 20:39:40.502,-50.10989010989033,124.92307692307713,-0.26373626373606385,1.0549450549451649,822.0,705.0,725.0
2024-10-17 20:39:40.998,-49.75824175824164,123.95604395604414,-0.17582417582434573,1.0549450549451649,821.0,705.0,725.0
2024-10-17 20:39:41.526,-49.31868131868123,122.98901098901115,-0.17582417582434573,1.0549450549451649,821.0,705.0,725.0
2024-10-17 20:39:42.022,-48.96703296703299,121.84615384615381,-0.17582417582434573,1.0549450549451649,820.0,704.0,725.0
2024-10-17 20:39:42.519,-48.52747252747258,120.96703296703299,-0.17582417582434573,1.0549450549451649,820.0,704.0,725.0
2024-10-17 20:39:43.046,-48.08791208791217,119.91208791208783,-0.17582417582434573,1.0549450549451649,819.0,705.0,725.0
2024-10-17 20:39:43.542,-47.736263736263936,118.94505494505484,-0.26373626373606385,1.0549450549451649,819.0,704.0,725.0
2024-10-17 20:39:44.038,-47.29670329670353,117.97802197802184,-0.17582417582434573,1.0549450549451649,818.0,704.0,724.0
2024-10-17 20:39:44.550,-46.945054945054835,117.01098901098885,-0.17582417582434573,1.0549450549451649,818.0,704.0,725.0
2024-10-17 20:39:45.062,-46.505494505494426,115.95604395604414,-0.17582417582434573,1.0549450549451649,818.0,704.0,724.0
2024-10-17 20:39:45.574,-46.15384615384619,114.98901098901115,-0.17582417582434573,1.0549450549451649,818.0,704.0,724.0
2024-10-17 20:39:46.086,-45.71428571428578,113.93406593406598,-0.17582417582434573,1.0549450549451649,817.0,704.0,724.0
2024-10-17 20:39:46.615,-45.36263736263754,112.96703296703299,-0.26373626373606385,1.0549450549451649,816.0,703.0,724.0
2024-10-17 20:39:47.079,-44.92307692307713,112.0,-0.17582417582434573,1.0549450549451649,816.0,703.0,723.0
2024-10-17 20:39:47.622,-44.57142857142844,110.94505494505484,-0.26373626373606385,1.0549450549451649,815.0,703.0,723.0
2024-10-17 20:39:48.119,-44.13186813186803,109.97802197802184,-0.26373626373606385,1.0549450549451649,815.0,703.0,723.0
2024-10-17 20:39:48.599,-43.69230769230762,108.92307692307713,-0.26373626373606385,1.0549450549451649,815.0,703.0,723.0
2024-10-17 20:39:49.127,-43.340659340659386,107.95604395604414,-0.17582417582434573,1.0549450549451649,814.0,703.0,722.0
2024-10-17 20:39:49.638,-42.901098901098976,107.07692307692332,-0.17582417582434573,1.0549450549451649,814.0,703.0,722.0
2024-10-17 20:39:50.151,-42.54945054945074,105.93406593406598,-0.17582417582434573,1.0549450549451649,814.0,703.0,722.0
2024-10-17 20:39:50.630,-42.10989010989033,105.05494505494516,-0.17582417582434573,1.0549450549451649,813.0,703.0,722.0
2024-10-17 20:39:51.143,-41.75824175824164,104.0,-0.17582417582434573,1.0549450549451649,813.0,703.0,721.0
2024-10-17 20:39:51.655,-41.31868131868123,102.94505494505484,-0.17582417582434573,1.1428571428571104,812.0,703.0,721.0
2024-10-17 20:39:52.151,-40.96703296703299,102.06593406593402,-0.17582417582434573,1.0549450549451649,812.0,703.0,721.0
2024-10-17 20:39:52.678,-40.52747252747258,100.92307692307713,-0.17582417582434573,1.0549450549451649,811.0,703.0,721.0
2024-10-17 20:39:53.175,-40.08791208791217,100.04395604395586,-0.26373626373606385,1.0549450549451649,811.0,702.0,721.0
2024-10-17 20:39:53.686,-39.736263736263936,99.07692307692332,-0.17582417582434573,1.0549450549451649,811.0,702.0,721.0
2024-10-17 20:39:54.199,-39.29670329670353,98.02197802197816,-0.17582417582434573,1.0549450549451649,810.0,702.0,720.0
2024-10-17 20:39:54.710,-38.945054945054835,96.96703296703299,-0.17582417582434573,1.0549450549451649,810.0,702.0,720.0
2024-10-17 20:39:55.223,-38.505494505494426,96.0,-0.17582417582434573,1.0549450549451649,809.0,702.0,720.0
2024-10-17 20:39:55.703,-38.15384615384619,94.94505494505484,-0.26373626373606385,1.0549450549451649,809.0,702.0,720.0
2024-10-17 20:39:56.231,-37.71428571428578,94.06593406593402,-0.26373626373606385,1.0549450549451649,809.0,702.0,720.0
2024-10-17 20:39:56.743,-37.36263736263754,92.92307692307713,-0.17582417582434573,1.0549450549451649,808.0,702.0,720.0
2024-10-17 20:39:57.222,-36.92307692307713,91.95604395604414,-0.17582417582434573,1.0549450549451649,808.0,702.0,719.0
2024-10-17 20:39:57.767,-36.57142857142844,91.07692307692332,-0.17582417582434573,1.0549450549451649,807.0,701.0,719.0
2024-10-17 20:39:58.263,-36.13186813186803,89.93406593406598,-0.17582417582434573,1.0549450549451649,807.0,701.0,719.0
2024-10-17 20:39:58.759,-35.69230769230762,89.05494505494516,-0.17582417582434573,1.0549450549451649,807.0,701.0,719.0
2024-10-17 20:39:59.255,-35.340659340659386,88.08791208791217,-0.17582417582434573,1.0549450549451649,806.0,701.0,719.0
2024-10-17 20:39:59.783,-34.901098901098976,87.03296703296701,-0.17582417582434573,1.0549450549451649,806.0,701.0,719.0
2024-10-17 20:40:00.263,-34.54945054945074,85.97802197802184,-0.17582417582434573,1.0549450549451649,805.0,701.0,718.0
2024-10-17 20:40:00.775,-34.10989010989033,85.01098901098885,-0.17582417582434573,1.0549450549451649,805.0,701.0,718.0
2024-10-17 20:40:01.287,-33.75824175824164,83.95604395604414,-0.17582417582434573,1.0549450549451649,804.0,701.0,718.0
2024-10-17 20:40:01.815,-33.31868131868123,83.07692307692332,-0.17582417582434573,1.0549450549451649,804.0,701.0,718.0
2024-10-17 20:40:02.295,-32.96703296703299,82.10989010989033,-0.17582417582434573,1.0549450549451649,804.0,701.0,718.0
2024-10-17 20:40:02.807,-32.52747252747258,81.05494505494516,-0.26373626373606385,1.0549450549451649,804.0,701.0,717.0
2024-10-17 20:40:03.303,-32.08791208791217,80.08791208791217,-0.26373626373606385,1.0549450549451649,803.0,701.0,717.0
2024-10-17 20:40:03.815,-31.736263736263936,79.03296703296701,-0.17582417582434573,1.0549450549451649,802.0,700.0,717.0
2024-10-17 20:40:04.327,-31.296703296703527,78.06593406593402,-0.26373626373606385,1.0549450549451649,802.0,701.0,717.0
2024-10-17 20:40:04.841,-30.945054945054835,77.01098901098885,-0.17582417582434573,1.0549450549451649,802.0,700.0,716.0
2024-10-17 20:40:05.336,-30.505494505494426,76.04395604395586,-0.17582417582434573,1.0549450549451649,802.0,700.0,716.0
2024-10-17 20:40:05.847,-30.15384615384619,75.07692307692332,-0.17582417582434573,1.0549450549451649,801.0,700.0,716.0
2024-10-17 20:40:06.344,-29.71428571428578,74.02197802197816,-0.17582417582434573,1.0549450549451649,801.0,700.0,716.0
2024-10-17 20:40:06.872,-29.362637362637543,73.05494505494516,-0.17582417582434573,1.0549450549451649,800.0,700.0,716.0
2024-10-17 20:40:07.383,-28.923076923077133,72.08791208791217,-0.26373626373606385,1.1428571428571104,800.0,699.0,715.0
2024-10-17 20:40:07.912,-28.57142857142844,71.03296703296701,-0.26373626373606385,1.0549450549451649,800.0,700.0,715.0
2024-10-17 20:40:08.375,-28.131868131868032,70.06593406593402,-0.17582417582434573,1.0549450549451649,800.0,700.0,715.0
2024-10-17 20:40:08.888,-27.692307692307622,69.01098901098885,-0.17582417582434573,1.0549450549451649,799.0,700.0,714.0
2024-10-17 20:40:09.399,-27.340659340659386,68.04395604395586,-0.26373626373606385,1.0549450549451649,799.0,700.0,714.0
2024-10-17 20:40:09.896,-26.901098901098976,66.98901098901115,-0.17582417582434573,1.0549450549451649,799.0,700.0,714.0
2024-10-17 20:40:10.408,-26.54945054945074,66.02197802197816,-0.17582417582434573,1.0549450549451649,798.0,699.0,714.0
2024-10-17 20:40:10.936,-26.10989010989033,65.05494505494516,-0.26373626373606385,1.0549450549451649,798.0,699.0,714.0
2024-10-17 20:40:11.416,-25.75824175824164,64.08791208791217,-0.17582417582434573,1.0549450549451649,798.0,699.0,714.0
2024-10-17 20:40:11.943,-25.31868131868123,63.03296703296701,-0.17582417582434573,1.0549450549451649,797.0,699.0,713.0
2024-10-17 20:40:12.472,-24.967032967032992,62.065934065934016,-0.17582417582434573,1.0549450549451649,797.0,699.0,713.0
2024-10-17 20:40:12.953,-24.527472527472582,61.098901098901024,-0.17582417582434573,1.0549450549451649,797.0,699.0,713.0
2024-10-17 20:40:13.448,-24.087912087912173,60.04395604395586,-0.17582417582434573,1.0549450549451649,796.0,699.0,713.0
2024-10-17 20:40:13.960,-23.736263736263936,59.07692307692332,-0.17582417582434573,1.0549450549451649,796.0,699.0,712.0
2024-10-17 20:40:14.472,-23.296703296703527,58.02197802197816,-0.17582417582434573,1.0549450549451649,796.0,699.0,712.0
2024-10-17 20:40:14.967,-22.945054945054835,57.054945054945165,-0.17582417582434573,1.0549450549451649,795.0,699.0,712.0
2024-10-17 20:40:15.496,-22.505494505494426,56.08791208791217,-0.26373626373606385,1.0549450549451649,795.0,699.0,711.0
2024-10-17 20:40:16.007,-22.15384615384619,55.03296703296701,-0.17582417582434573,1.0549450549451649,794.0,699.0,711.0
2024-10-17 20:40:16.488,-21.71428571428578,54.065934065934016,-0.17582417582434573,1.0549450549451649,794.0,699.0,711.0
2024-10-17 20:40:17.017,-21.362637362637543,53.01098901098885,-0.17582417582434573,1.0549450549451649,794.0,699.0,710.0
2024-10-17 20:40:17.545,-20.923076923077133,52.04395604395586,-0.26373626373606385,1.0549450549451649,794.0,699.0,710.0
2024-10-17 20:40:18.009,-20.57142857142844,51.07692307692332,-0.17582417582434573,1.0549450549451649,794.0,699.0,710.0
2024-10-17 20:40:18.520,-20.131868131868032,50.02197802197816,-0.26373626373606385,1.0549450549451649,793.0,699.0,710.0
2024-10-17 20:40:19.049,-19.692307692307622,49.054945054945165,-0.26373626373606385,1.0549450549451649,792.0,699.0,710.0
2024-10-17 20:40:19.529,-19.340659340659386,48.08791208791217,-0.26373626373606385,1.0549450549451649,792.0,699.0,709.0
2024-10-17 20:40:20.041,-18.901098901098976,47.03296703296701,-0.17582417582434573,1.0549450549451649,792.0,699.0,709.0
2024-10-17 20:40:20.553,-18.54945054945074,46.065934065934016,-0.26373626373606385,1.0549450549451649,792.0,699.0,709.0
2024-10-17 20:40:21.049,-18.10989010989033,45.01098901098885,-0.17582417582434573,1.0549450549451649,791.0,699.0,708.0
2024-10-17 20:40:21.593,-17.75824175824164,44.04395604395586,-0.17582417582434573,1.0549450549451649,791.0,698.0,708.0
2024-10-17 20:40:22.073,-17.31868131868123,43.07692307692332,-0.17582417582434573,1.0549450549451649,791.0,698.0,708.0
2024-10-17 20:40:22.585,-16.967032967032992,42.02197802197816,-0.17582417582434573,1.0549450549451649,790.0,699.0,708.0
2024-10-17 20:40:23.081,-16.527472527472582,41.054945054945165,-0.17582417582434573,1.0549450549451649,790.0,699.0,708.0
2024-10-17 20:40:23.592,-16.087912087912173,40.08791208791217,-0.17582417582434573,1.0549450549451649,790.0,698.0,707.0
2024-10-17 20:40:24.104,-15.736263736263936,39.03296703296701,-0.17582417582434573,1.1428571428571104,789.0,698.0,707.0
2024-10-17 20:40:24.633,-15.296703296703527,38.065934065934016,-0.17582417582434573,1.0549450549451649,789.0,698.0,707.0
2024-10-17 20:40:25.145,-14.945054945054835,37.01098901098885,-0.17582417582434573,1.0549450549451649,789.0,698.0,707.0
2024-10-17 20:40:25.640,-14.505494505494426,36.04395604395586,-0.17582417582434573,1.0549450549451649,788.0,698.0,706.0
2024-10-17 20:40:26.121,-14.153846153846189,35.07692307692332,-0.26373626373606385,1.0549450549451649,788.0,698.0,706.0
2024-10-17 20:40:26.633,-13.71428571428578,34.02197802197816,-0.17582417582434573,1.0549450549451649,788.0,698.0,706.0
2024-10-17 20:40:27.160,-13.362637362637543,33.054945054945165,-0.26373626373606385,1.0549450549451649,788.0,698.0,705.0
2024-10-17 20:40:27.657,-12.923076923077133,32.08791208791217,-0.17582417582434573,1.0549450549451649,787.0,698.0,705.0
2024-10-17 20:40:28.203,-12.483516483516723,31.032967032967008,-0.17582417582434573,1.0549450549451649,787.0,698.0,705.0
2024-10-17 20:40:28.665,-12.131868131868032,30.15384615384619,-0.26373626373606385,1.0549450549451649,787.0,698.0,705.0
2024-10-17 20:40:29.177,-11.692307692307622,29.01098901098885,-0.17582417582434573,1.0549450549451649,786.0,698.0,704.0
2024-10-17 20:40:29.704,-11.340659340659386,28.04395604395586,-0.17582417582434573,1.0549450549451649,786.0,698.0,705.0
2024-10-17 20:40:30.218,-10.901098901098976,27.076923076923322,-0.17582417582434573,1.0549450549451649,786.0,698.0,704.0
2024-10-17 20:40:30.697,-10.54945054945074,26.021978021978157,-0.17582417582434573,1.0549450549451649,785.0,698.0,704.0
2024-10-17 20:40:31.209,-10.10989010989033,25.054945054945165,-0.26373626373606385,1.0549450549451649,784.0,698.0,703.0
2024-10-17 20:40:31.721,-9.67032967032992,24.087912087912173,-0.17582417582434573,1.0549450549451649,784.0,698.0,703.0
2024-10-17 20:40:32.234,-9.318681318681229,23.032967032967008,-0.17582417582434573,1.1428571428571104,784.0,697.0,703.0
2024-10-17 20:40:32.730,-8.87912087912082,22.065934065934016,-0.17582417582434573,1.0549450549451649,783.0,697.0,703.0
2024-10-17 20:40:33.225,-8.527472527472582,21.01098901098885,-0.26373626373606385,1.0549450549451649,783.0,698.0,703.0
2024-10-17 20:40:33.737,-8.087912087912173,20.131868131868032,-0.17582417582434573,1.0549450549451649,784.0,698.0,703.0
2024-10-17 20:40:34.233,-7.736263736263936,19.076923076923322,-0.17582417582434573,1.0549450549451649,783.0,697.0,702.0
2024-10-17 20:40:34.761,-7.296703296703527,18.021978021978157,-0.17582417582434573,1.0549450549451649,783.0,698.0,702.0
2024-10-17 20:40:35.257,-6.857142857142662,17.054945054945165,-0.26373626373606385,1.0549450549451649,783.0,698.0,702.0
2024-10-17 20:40:35.785,-6.5054945054944255,16.087912087912173,-0.26373626373606385,1.0549450549451649,783.0,698.0,702.0
2024-10-17 20:40:36.266,-6.153846153846189,15.032967032967008,-0.17582417582434573,1.0549450549451649,782.0,698.0,701.0
2024-10-17 20:40:36.777,-5.714285714285779,14.065934065934016,-0.17582417582434573,1.0549450549451649,782.0,698.0,701.0
2024-10-17 20:40:37.273,-5.3626373626375425,13.010989010988851,-0.17582417582434573,1.0549450549451649,782.0,698.0,701.0
2024-10-17 20:40:37.802,-4.923076923077133,12.043956043955859,-0.26373626373606385,1.0549450549451649,782.0,698.0,701.0
2024-10-17 20:40:38.297,-4.5714285714284415,11.076923076923322,-0.26373626373606385,1.0549450549451649,781.0,698.0,701.0
2024-10-17 20:40:38.810,-4.131868131868032,10.021978021978157,-0.17582417582434573,1.0549450549451649,781.0,698.0,701.0
2024-10-17 20:40:39.306,-3.6923076923076223,9.054945054945165,-0.17582417582434573,1.0549450549451649,781.0,698.0,701.0
2024-10-17 20:40:39.817,-3.3406593406593856,8.087912087912173,-0.17582417582434573,1.0549450549451649,781.0,698.0,700.0
2024-10-17 20:40:40.330,-2.901098901098976,7.032967032967008,-0.17582417582434573,1.0549450549451649,781.0,698.0,700.0
2024-10-17 20:40:40.825,-2.5494505494507393,6.065934065934016,-0.17582417582434573,1.0549450549451649,780.0,698.0,700.0
2024-10-17 20:40:41.354,-2.1098901098903298,5.010989010988851,-0.26373626373606385,1.0549450549451649,781.0,698.0,700.0
2024-10-17 20:40:41.850,-1.7582417582416383,4.043956043955859,-0.17582417582434573,1.0549450549451649,781.0,698.0,699.0
2024-10-17 20:40:42.346,-1.3186813186812287,3.076923076923322,-0.26373626373606385,1.0549450549451649,780.0,698.0,699.0
2024-10-17 20:40:42.858,-0.8791208791208192,2.021978021978157,-0.26373626373606385,1.0549450549451649,780.0,698.0,699.0
2024-10-17 20:40:43.373,-0.4395604395604096,1.0549450549451649,-0.17582417582434573,1.0549450549451649,780.0,698.0,699.0
