2024-10-17 19:54:56.875,-0.08791208791217286,0.0,0.0,-0.0,752.0,871.0,767.0
2024-10-17 19:54:57.243,-0.0,0.0,0.0,0.8791208791208192,752.0,872.0,767.0
2024-10-17 19:54:57.547,-0.0,0.0,-0.08791208791194549,1.8461538461538112,752.0,873.0,767.0
2024-10-17 19:54:57.851,-0.08791208791217286,0.0,0.0,2.901098901098976,752.0,873.0,767.0
2024-10-17 19:54:58.155,-0.08791208791217286,0.0,0.0,3.868131868131968,752.0,874.0,767.0
2024-10-17 19:54:58.460,-0.0,0.0,0.0,4.83516483516496,753.0,875.0,768.0
2024-10-17 19:54:58.763,-0.0,0.0,0.0,5.890109890109898,753.0,877.0,768.0
2024-10-17 19:54:59.068,-0.0,0.0,0.0,6.85714285714289,754.0,878.0,768.0
2024-10-17 19:54:59.371,-0.0,0.08791208791217286,-0.08791208791194549,7.912087912087827,754.0,879.0,769.0
2024-10-17 19:54:59.676,-0.0,0.0,0.0,8.87912087912082,755.0,881.0,769.0
2024-10-17 19:54:59.996,-0.0,0.0,0.0,9.846153846153811,755.0,882.0,770.0
2024-10-17 19:55:00.380,-0.0,0.0,0.0,10.901098901098976,756.0,883.0,770.0
2024-10-17 19:55:00.684,-0.0,0.0,0.0,11.868131868131968,756.0,884.0,771.0
2024-10-17 19:55:00.988,-0.0,0.0,0.0,12.83516483516496,757.0,886.0,771.0
2024-10-17 19:55:01.291,-0.0,0.0,0.0,13.890109890109898,758.0,887.0,772.0
2024-10-17 19:55:01.596,-0.0,0.0,0.0,14.85714285714289,758.0,888.0,772.0
2024-10-17 19:55:01.901,-0.0,0.0,0.0,15.912087912087827,758.0,890.0,773.0
2024-10-17 19:55:02.236,-0.0,0.0,0.0,16.87912087912082,759.0,891.0,773.0
2024-10-17 19:55:02.636,-0.0,0.0,0.0,17.84615384615381,759.0,892.0,773.0
2024-10-17 19:55:03.021,-0.0,0.0,0.0,18.901098901098976,760.0,894.0,774.0
2024-10-17 19:55:03.324,-0.0,0.0,0.0,19.868131868131968,760.0,895.0,774.0
2024-10-17 19:55:03.628,-0.0,0.0,0.0,20.747252747252787,760.0,897.0,775.0
2024-10-17 19:55:03.932,-0.0,0.0,0.0,21.890109890109898,761.0,898.0,775.0
2024-10-17 19:55:04.252,-0.0,0.0,0.0,22.85714285714289,762.0,899.0,776.0
2024-10-17 19:55:04.557,-0.0,0.0,0.0,23.912087912087827,762.0,901.0,776.0
2024-10-17 19:55:04.956,-0.0,0.0,0.0,24.87912087912082,762.0,902.0,777.0
2024-10-17 19:55:05.260,-0.0,0.0,0.0,25.84615384615381,763.0,903.0,777.0
2024-10-17 19:55:05.580,-0.0,0.0,0.0,26.813186813186803,764.0,905.0,777.0
2024-10-17 19:55:05.964,-0.0,0.0,0.0,27.868131868131968,764.0,906.0,778.0
2024-10-17 19:55:06.300,-0.0,0.0,0.0,28.83516483516496,764.0,908.0,779.0
2024-10-17 19:55:06.670,-0.0,0.0,0.0,29.890109890109898,765.0,909.0,779.0
2024-10-17 19:55:06.973,-0.0,0.0,0.0,30.769230769230717,766.0,911.0,779.0
2024-10-17 19:55:07.293,-0.0,0.0,0.0,31.912087912087827,766.0,912.0,780.0
2024-10-17 19:55:07.596,-0.0,0.0,0.0,32.87912087912082,767.0,913.0,780.0
2024-10-17 19:55:07.884,-0.0,0.0,-0.08791208791194549,33.67032967032969,767.0,915.0,781.0
2024-10-17 19:55:08.205,-0.0,0.0,0.0,34.901098901098976,767.0,916.0,781.0
2024-10-17 19:55:08.492,-0.0,0.0,0.0,35.86813186813197,767.0,918.0,782.0
2024-10-17 19:55:08.797,-0.0,0.0,0.0,36.74725274725279,769.0,919.0,782.0
2024-10-17 19:55:09.101,-0.0,0.0,0.0,37.8901098901099,769.0,921.0,782.0
2024-10-17 19:55:09.404,-0.0,0.0,-0.08791208791194549,38.85714285714289,769.0,922.0,783.0
2024-10-17 19:55:09.724,-0.0,0.0,0.0,39.824175824175654,769.0,924.0,784.0
2024-10-17 19:55:10.029,-0.0,0.0,-0.08791208791194549,40.87912087912082,770.0,926.0,784.0
2024-10-17 19:55:10.333,-0.0,0.0,0.0,41.84615384615381,770.0,927.0,784.0
2024-10-17 19:55:10.636,-0.0,0.0,0.0,42.8131868131868,772.0,929.0,785.0
2024-10-17 19:55:10.924,-0.0,0.0,-0.08791208791194549,43.86813186813197,772.0,930.0,785.0
2024-10-17 19:55:11.261,-0.0,0.0,0.0,44.74725274725279,772.0,931.0,786.0
2024-10-17 19:55:11.645,-0.0,0.0,-0.08791208791194549,45.80219780219795,773.0,933.0,786.0
2024-10-17 19:55:11.964,-0.0,0.0,0.0,46.85714285714289,773.0,935.0,786.0
2024-10-17 19:55:12.350,-0.0,0.0,-0.08791208791194549,47.91208791208783,774.0,936.0,787.0
2024-10-17 19:55:12.669,-0.08791208791217286,0.0,0.0,48.87912087912082,774.0,938.0,787.0
2024-10-17 19:55:12.957,-0.0,0.0,0.0,49.84615384615381,775.0,939.0,788.0
2024-10-17 19:55:13.261,-0.0,0.0,0.0,50.901098901098976,775.0,941.0,788.0
2024-10-17 19:55:13.564,-0.0,0.0,0.0,51.86813186813197,776.0,943.0,789.0
2024-10-17 19:55:13.870,-0.0,0.0,0.0,52.74725274725279,776.0,945.0,789.0
2024-10-17 19:55:14.172,-0.0,-1582.10989010989,-0.08791208791194549,53.8901098901099,777.0,946.0,790.0
2024-10-17 19:55:14.605,-0.0,0.0,-0.08791208791194549,54.85714285714289,778.0,948.0,790.0
2024-10-17 19:55:15.006,-0.0,0.0,0.0,55.824175824175654,778.0,949.0,790.0
2024-10-17 19:55:15.405,-0.0,0.0,0.0,56.87912087912082,778.0,950.0,791.0
2024-10-17 19:55:15.692,-0.0,0.0,-0.08791208791194549,57.84615384615381,779.0,952.0,792.0
2024-10-17 19:55:16.013,-0.0,0.08791208791217286,0.0,58.8131868131868,779.0,954.0,792.0
2024-10-17 19:55:16.301,-0.0,0.08791208791217286,0.0,59.86813186813197,780.0,955.0,792.0
2024-10-17 19:55:16.637,-0.0,0.0,0.0,60.83516483516496,780.0,957.0,792.0
2024-10-17 19:55:17.021,-0.0,0.0,0.0,61.80219780219795,781.0,959.0,793.0
2024-10-17 19:55:17.325,-0.0,0.0,0.0,62.76923076923072,782.0,960.0,793.0
2024-10-17 19:55:17.629,-0.0,0.0,0.0,63.824175824175654,782.0,962.0,794.0
2024-10-17 19:55:17.949,-0.0,0.0,-0.08791208791194549,64.79120879120865,783.0,963.0,794.0
2024-10-17 19:55:18.333,-0.0,0.0,0.0,65.84615384615381,783.0,965.0,795.0
2024-10-17 19:55:18.654,-0.0,0.0,0.0,66.90109890109898,784.0,967.0,795.0
2024-10-17 19:55:18.942,-0.0,0.0,0.0,67.86813186813197,784.0,968.0,796.0
2024-10-17 19:55:19.246,-0.0,0.0,-0.08791208791194549,68.74725274725279,784.0,970.0,796.0
2024-10-17 19:55:19.566,-0.0,0.0,0.0,69.8901098901099,785.0,972.0,797.0
2024-10-17 19:55:19.854,-0.0,0.0,0.0,70.85714285714289,785.0,973.0,797.0
2024-10-17 19:55:20.157,-0.0,0.0,0.0,71.82417582417565,786.0,975.0,797.0
2024-10-17 19:55:20.477,-0.0,0.0,-0.08791208791194549,72.79120879120865,86.0,976.0,798.0
2024-10-17 19:55:20.781,-0.0,0.0,0.0,73.75824175824164,787.0,978.0,798.0
2024-10-17 19:55:21.070,-0.0,0.0,0.0,74.90109890109898,787.0,980.0,799.0
2024-10-17 19:55:21.373,-0.0,0.0,-0.08791208791194549,75.7802197802198,788.0,981.0,799.0
2024-10-17 19:55:21.678,-0.08791208791217286,0.0,0.0,76.74725274725279,788.0,983.0,799.0
2024-10-17 19:55:21.981,-0.0,0.0,0.0,77.80219780219795,789.0,984.0,800.0
2024-10-17 19:55:22.302,-0.0,0.0,0.0,78.76923076923072,789.0,986.0,800.0
2024-10-17 19:55:22.590,-0.0,0.08791208791217286,0.0,79.82417582417565,790.0,988.0,801.0
2024-10-17 19:55:22.893,-0.0,0.08791208791217286,0.0,80.79120879120865,790.0,989.0,801.0
2024-10-17 19:55:23.197,-0.0,0.0,0.0,81.84615384615381,791.0,991.0,801.0
2024-10-17 19:55:23.501,-0.0,0.0,0.0,82.8131868131868,791.0,993.0,802.0
2024-10-17 19:55:23.805,-0.0,0.0,-0.08791208791194549,83.86813186813197,792.0,994.0,803.0
2024-10-17 19:55:24.126,-0.0,0.0,0.0,84.74725274725279,792.0,996.0,803.0
2024-10-17 19:55:24.430,-0.0,0.0,0.0,85.80219780219795,793.0,998.0,803.0
2024-10-17 19:55:24.717,-0.0,0.0,-0.08791208791194549,86.76923076923072,793.0,999.0,804.0
2024-10-17 19:55:25.022,-0.0,0.0,-0.08791208791194549,87.82417582417565,793.0,1001.0,804.0
2024-10-17 19:55:25.326,-0.08791208791217286,0.0,0.0,88.79120879120865,794.0,1003.0,805.0
2024-10-17 19:55:25.630,-0.0,0.0,0.0,89.75824175824164,795.0,1005.0,805.0
2024-10-17 19:55:25.950,-0.0,0.0,0.0,90.8131868131868,795.0,1006.0,805.0
2024-10-17 19:55:26.238,-0.0,0.0,0.0,91.7802197802198,795.0,1008.0,806.0
2024-10-17 19:55:26.558,-0.0,0.0,0.0,92.74725274725279,796.0,1008.0,806.0
2024-10-17 19:55:26.846,-0.0,0.0,-0.08791208791194549,93.80219780219795,797.0,1008.0,807.0
2024-10-17 19:55:27.167,-0.0,0.0,0.0,94.76923076923072,797.0,1008.0,807.0
2024-10-17 19:55:27.454,-0.0,0.0,0.0,95.82417582417565,797.0,1008.0,807.0
2024-10-17 19:55:27.758,-0.0,0.0,0.0,96.87912087912082,798.0,1008.0,808.0
2024-10-17 19:55:28.078,-0.0,0.0,-0.08791208791194549,97.75824175824164,798.0,1008.0,808.0
2024-10-17 19:55:28.382,-0.0,0.0,0.0,98.8131868131868,799.0,1008.0,809.0
2024-10-17 19:55:28.702,-0.0,0.0,-0.08791208791194549,99.7802197802198,799.0,1008.0,809.0
2024-10-17 19:55:29.086,-0.0,0.0,0.0,100.74725274725279,799.0,1008.0,809.0
2024-10-17 19:55:29.390,-0.0,0.0,0.0,101.80219780219795,800.0,1008.0,810.0
2024-10-17 19:55:29.694,-0.0,0.0,0.0,102.76923076923072,800.0,1008.0,811.0
2024-10-17 19:55:30.030,-0.0,0.0,-0.08791208791194549,103.82417582417565,800.0,1008.0,811.0
2024-10-17 19:55:30.398,-0.0,0.0,0.0,104.79120879120865,801.0,1008.0,811.0
2024-10-17 19:55:30.718,-0.0,0.0,0.0,105.75824175824164,801.0,1008.0,811.0
2024-10-17 19:55:31.038,-0.0,0.0,0.0,106.8131868131868,802.0,1008.0,812.0
2024-10-17 19:55:31.422,-0.0,0.0,-0.08791208791194549,107.7802197802198,802.0,1008.0,812.0
2024-10-17 19:55:31.743,-0.0,0.0,0.0,108.74725274725279,803.0,1008.0,813.0
2024-10-17 19:55:32.142,-0.0,0.0,-0.08791208791194549,109.80219780219795,803.0,1008.0,814.0
2024-10-17 19:55:32.526,-0.0,0.0,-0.08791208791194549,110.76923076923072,804.0,1008.0,814.0
2024-10-17 19:55:32.846,-0.0,0.0,0.0,111.82417582417565,804.0,1008.0,814.0
2024-10-17 19:55:33.167,-0.0,0.0,0.0,112.79120879120865,805.0,1008.0,815.0
2024-10-17 19:55:33.551,-0.0,0.0,0.0,113.75824175824164,805.0,1008.0,815.0
2024-10-17 19:55:33.854,-0.0,0.0,0.0,114.8131868131868,806.0,1008.0,816.0
2024-10-17 19:55:34.159,-0.0,0.08791208791217286,-0.08791208791194549,115.7802197802198,806.0,1008.0,816.0
2024-10-17 19:55:34.463,-0.0,0.0,0.0,116.74725274725279,807.0,1008.0,816.0
2024-10-17 19:55:34.799,-0.0,0.0,0.0,117.80219780219795,807.0,1008.0,817.0
2024-10-17 19:55:35.167,-0.0,0.0,0.0,118.76923076923072,807.0,1008.0,818.0
2024-10-17 19:55:35.471,-0.0,0.0,0.0,119.82417582417565,808.0,1008.0,818.0
2024-10-17 19:55:35.775,-0.0,0.0,-0.08791208791194549,120.79120879120865,808.0,1008.0,818.0
2024-10-17 19:55:36.078,-0.0,0.0,-0.08791208791194549,121.75824175824164,809.0,1008.0,819.0
2024-10-17 19:55:36.398,-0.0,0.0,0.0,122.8131868131868,809.0,1008.0,820.0
2024-10-17 19:55:36.702,-0.0,0.0,0.0,123.7802197802198,809.0,1008.0,820.0
2024-10-17 19:55:36.990,-0.0,0.0,0.0,124.74725274725279,810.0,1008.0,820.0
2024-10-17 19:55:37.295,-0.0,0.0,0.0,125.80219780219795,810.0,1008.0,821.0
2024-10-17 19:55:37.599,-0.0,0.0,-0.08791208791194549,126.76923076923072,811.0,1008.0,821.0
2024-10-17 19:55:37.903,-0.0,0.0,-0.08791208791194549,127.82417582417565,811.0,1008.0,822.0
2024-10-17 19:55:38.207,-0.0,0.0,-0.08791208791194549,128.79120879120865,812.0,1008.0,822.0
2024-10-17 19:55:38.510,-0.0,0.0,0.0,129.75824175824164,812.0,1008.0,822.0
2024-10-17 19:55:38.831,-0.0,0.08791208791217286,-0.08791208791194549,130.72527472527463,813.0,1008.0,823.0
2024-10-17 19:55:39.135,-0.0,0.0,-0.08791208791194549,131.7802197802198,813.0,1008.0,823.0
2024-10-17 19:55:39.439,-0.0,0.0,-0.08791208791194549,132.7472527472528,814.0,1008.0,824.0
2024-10-17 19:55:39.727,-0.0,0.0,-0.08791208791194549,133.80219780219795,814.0,1008.0,825.0
2024-10-17 19:55:40.047,-0.0,0.0,-0.08791208791194549,134.76923076923072,814.0,1008.0,825.0
2024-10-17 19:55:40.351,-0.0,0.0,-0.08791208791194549,135.82417582417565,815.0,1008.0,826.0
2024-10-17 19:55:40.655,-0.0,0.0,-0.08791208791194549,136.79120879120865,816.0,1008.0,826.0
2024-10-17 19:55:40.959,-0.0,0.0,-0.08791208791194549,137.75824175824164,816.0,1008.0,827.0
2024-10-17 19:55:41.262,-0.0,0.0,-0.08791208791194549,138.8131868131868,816.0,1008.0,827.0
2024-10-17 19:55:41.567,-0.0,0.0,-0.08791208791194549,139.7802197802198,817.0,1008.0,827.0
2024-10-17 19:55:41.871,-0.0,0.08791208791217286,-0.08791208791194549,140.7472527472528,817.0,1008.0,828.0
2024-10-17 19:55:42.175,-0.0,0.0,-0.08791208791194549,141.80219780219795,818.0,1008.0,828.0
2024-10-17 19:55:42.479,-0.0,0.0,-0.08791208791194549,142.76923076923072,818.0,1008.0,829.0
2024-10-17 19:55:42.783,-0.0,0.0,-0.08791208791194549,143.7362637362637,818.0,1008.0,829.0
2024-10-17 19:55:43.103,-0.0,0.08791208791217286,-0.08791208791194549,144.79120879120865,819.0,1008.0,830.0
2024-10-17 19:55:43.503,-0.0,0.0,-0.08791208791194549,145.75824175824164,819.0,1008.0,831.0
2024-10-17 19:55:43.790,-0.0,0.0,-0.08791208791194549,146.8131868131868,820.0,1008.0,831.0
2024-10-17 19:55:44.111,-0.0,0.0,-0.08791208791194549,147.7802197802198,821.0,1008.0,831.0
2024-10-17 19:55:44.495,-0.08791208791217286,0.0,-0.08791208791194549,148.65934065934061,821.0,1008.0,832.0
2024-10-17 19:55:44.814,-0.0,0.0,0.0,149.71428571428578,821.0,1008.0,832.0
2024-10-17 19:55:45.135,-0.0,0.0,-0.08791208791194549,148.83516483516496,821.0,1008.0,832.0
2024-10-17 19:55:45.519,-0.0,0.08791208791217286,-0.08791208791194549,147.86813186813197,820.0,1008.0,831.0
2024-10-17 19:55:45.840,-0.0,0.0,-0.08791208791194549,146.8131868131868,820.0,1008.0,831.0
2024-10-17 19:55:46.256,-0.0,0.0,-0.08791208791194549,145.8461538461538,819.0,1008.0,830.0
2024-10-17 19:55:46.639,-0.0,0.0,0.0,144.87912087912082,819.0,1008.0,829.0
2024-10-17 19:55:46.959,-0.0,0.08791208791217286,0.0,143.91208791208783,817.0,1008.0,829.0
2024-10-17 19:55:47.343,-0.0,0.08791208791217286,-0.08791208791194549,142.8571428571429,817.0,1008.0,828.0
2024-10-17 19:55:47.663,-0.0,0.0,0.0,141.8901098901099,817.0,1008.0,828.0
2024-10-17 19:55:48.047,-0.0,0.0,-0.08791208791194549,140.83516483516496,816.0,1008.0,827.0
2024-10-17 19:55:48.351,-0.0,0.08791208791217286,-0.08791208791194549,139.86813186813197,815.0,1008.0,827.0
2024-10-17 19:55:48.655,-0.0,0.0,-0.08791208791194549,138.98901098901092,815.0,1008.0,826.0
2024-10-17 19:55:48.991,-0.0,0.0,-0.08791208791194549,137.8461538461538,814.0,1008.0,826.0
2024-10-17 19:55:49.378,-0.0,0.0,-0.08791208791194549,136.87912087912082,814.0,1008.0,826.0
2024-10-17 19:55:49.678,-0.0,0.0,-0.08791208791194549,135.91208791208783,813.0,1008.0,824.0
2024-10-17 19:55:49.982,-0.0,0.08791208791217286,-0.08791208791194549,134.8571428571429,812.0,1008.0,824.0
2024-10-17 19:55:50.287,-0.0,0.0,-0.08791208791194549,133.97802197802184,812.0,1008.0,824.0
2024-10-17 19:55:50.607,-0.0,0.0,0.0,132.9230769230769,811.0,1008.0,822.0
2024-10-17 19:55:51.008,-0.0,0.0,-0.08791208791194549,131.86813186813197,811.0,1008.0,822.0
2024-10-17 19:55:51.407,-0.0,0.0,-0.08791208791194549,130.98901098901092,810.0,1008.0,822.0
2024-10-17 19:55:51.711,-0.0,0.0,-0.08791208791194549,129.93406593406598,810.0,1008.0,821.0
2024-10-17 19:55:52.047,-0.0,0.08791208791217286,0.0,128.967032967033,809.0,1008.0,821.0
2024-10-17 19:55:52.431,-0.0,0.0,0.0,128.0,808.0,1008.0,820.0
2024-10-17 19:55:52.831,-0.0,0.0,-0.08791208791194549,126.94505494505484,808.0,1008.0,820.0
2024-10-17 19:55:53.120,-0.0,0.0,0.0,125.97802197802184,807.0,1008.0,819.0
2024-10-17 19:55:53.439,-0.0,0.0,0.0,124.9230769230769,806.0,1008.0,819.0
2024-10-17 19:55:53.744,-0.0,0.0,-0.08791208791194549,123.95604395604391,806.0,1008.0,818.0
2024-10-17 19:55:54.031,-0.0,0.0,0.0,122.98901098901092,805.0,1008.0,817.0
2024-10-17 19:55:54.356,-0.0,0.0,0.0,121.93406593406598,805.0,1008.0,817.0
2024-10-17 19:55:54.640,-0.0,0.0,-0.08791208791194549,121.05494505494516,804.0,1008.0,817.0
2024-10-17 19:55:54.976,-0.0,0.0,0.0,120.0,804.0,1008.0,816.0
2024-10-17 19:55:55.375,-0.0,0.0,-0.08791208791194549,118.94505494505484,803.0,1008.0,815.0
2024-10-17 19:55:55.760,-0.0,0.0,-0.08791208791194549,117.97802197802184,802.0,1008.0,815.0
2024-10-17 19:55:56.079,-0.0,0.0,-0.08791208791194549,116.9230769230769,2.0,1008.0,814.0
2024-10-17 19:55:56.383,-0.0,0.0,-0.08791208791194549,115.95604395604391,801.0,1008.0,814.0
2024-10-17 19:55:56.672,-0.0,0.0,-0.08791208791194549,114.98901098901092,800.0,1008.0,813.0
2024-10-17 19:55:56.975,-0.0,0.0,-0.08791208791194549,113.93406593406598,800.0,1008.0,812.0
2024-10-17 19:55:57.327,-0.0,0.0,-0.08791208791194549,112.96703296703299,799.0,1008.0,812.0
2024-10-17 19:55:57.679,-0.0,0.0,-0.08791208791194549,112.0,799.0,1008.0,811.0
2024-10-17 19:55:57.983,-0.0,0.0,-0.08791208791194549,110.94505494505484,798.0,1008.0,811.0
2024-10-17 19:55:58.287,-0.0,0.0,-0.08791208791194549,109.97802197802184,798.0,1008.0,810.0
2024-10-17 19:55:58.607,-0.08791208791217286,0.0,-0.08791208791194549,109.01098901098885,797.0,1008.0,810.0
2024-10-17 19:55:58.896,-0.0,0.0,0.0,107.95604395604391,797.0,1008.0,810.0
2024-10-17 19:55:59.215,-0.0,0.0,0.0,106.98901098901092,796.0,1008.0,809.0
2024-10-17 19:55:59.503,-0.0,0.0,-0.08791208791194549,106.02197802197816,796.0,1008.0,808.0
2024-10-17 19:55:59.824,-0.0,0.0,0.0,104.96703296703299,795.0,1008.0,808.0
2024-10-17 19:56:00.128,-0.0,0.0,0.0,104.08791208791217,795.0,1008.0,807.0
2024-10-17 19:56:00.448,-0.0,0.0,-0.08791208791194549,103.03296703296701,794.0,1008.0,807.0
2024-10-17 19:56:00.831,-0.0,0.0,-0.08791208791194549,102.06593406593402,793.0,1007.0,806.0
2024-10-17 19:56:01.135,-0.0,0.08791208791217286,-0.08791208791194549,101.01098901098885,793.0,1005.0,806.0
2024-10-17 19:56:01.440,-0.0,0.0,-0.08791208791194549,99.95604395604391,792.0,1003.0,805.0
2024-10-17 19:56:01.744,-0.0,0.0,-0.08791208791194549,99.0769230769231,792.0,1001.0,805.0
2024-10-17 19:56:02.048,-0.0,0.0,0.0,98.02197802197816,791.0,999.0,804.0
2024-10-17 19:56:02.368,-0.0,0.0,-0.08791208791194549,97.05494505494516,791.0,998.0,804.0
2024-10-17 19:56:02.688,-0.0,0.0,-0.08791208791194549,96.0,790.0,996.0,804.0
2024-10-17 19:56:03.072,-0.0,0.0,-0.08791208791194549,95.03296703296701,789.0,994.0,803.0
2024-10-17 19:56:03.392,-0.0,0.0,0.0,93.97802197802184,789.0,992.0,802.0
2024-10-17 19:56:03.776,-0.0,0.0,0.0,93.01098901098885,788.0,990.0,802.0
2024-10-17 19:56:04.112,-0.0,0.0,0.0,91.95604395604391,788.0,988.0,801.0
2024-10-17 19:56:04.496,-0.0,0.0,-0.08791208791194549,91.0769230769231,787.0,987.0,801.0
2024-10-17 19:56:04.896,-0.0,0.0,0.0,90.02197802197816,787.0,985.0,800.0
2024-10-17 19:56:05.200,-0.0,0.0,0.0,89.05494505494516,786.0,983.0,800.0
2024-10-17 19:56:05.489,-0.0,0.0,0.0,88.08791208791217,786.0,981.0,799.0
2024-10-17 19:56:05.809,-0.0,0.0,-0.08791208791194549,87.03296703296701,785.0,979.0,799.0
2024-10-17 19:56:06.129,-0.08791208791217286,0.0,-0.08791208791194549,86.06593406593402,785.0,978.0,798.0
2024-10-17 19:56:06.512,-0.0,0.0,0.0,85.01098901098885,785.0,976.0,798.0
2024-10-17 19:56:06.833,-0.0,0.0,-0.08791208791194549,84.04395604395586,784.0,975.0,798.0
2024-10-17 19:56:07.217,-0.0,0.0,0.0,83.0769230769231,783.0,973.0,797.0
2024-10-17 19:56:07.537,-0.0,0.0,0.0,82.02197802197816,783.0,971.0,797.0
2024-10-17 19:56:07.840,-0.0,0.0,0.0,81.05494505494516,782.0,970.0,796.0
2024-10-17 19:56:08.160,-0.0,0.0,0.0,80.08791208791217,782.0,968.0,796.0
2024-10-17 19:56:08.561,-0.0,0.08791208791217286,-0.08791208791194549,79.03296703296701,781.0,966.0,795.0
2024-10-17 19:56:08.944,-0.0,0.0,0.0,78.06593406593402,781.0,964.0,794.0
2024-10-17 19:56:09.249,-0.0,0.0,-0.08791208791194549,77.01098901098885,780.0,962.0,794.0
2024-10-17 19:56:09.553,-0.0,0.0,-0.08791208791194549,76.04395604395586,780.0,961.0,794.0
2024-10-17 19:56:09.856,-0.0,0.0,-0.08791208791194549,75.0769230769231,779.0,959.0,793.0
2024-10-17 19:56:10.161,-0.0,0.0,-0.08791208791194549,74.02197802197816,779.0,958.0,793.0
2024-10-17 19:56:10.481,-0.0,0.0,-0.08791208791194549,73.05494505494516,778.0,956.0,793.0
2024-10-17 19:56:10.785,-0.0,0.0,-875.6483516483515,72.08791208791217,778.0,954.0,792.0
2024-10-17 19:56:11.185,-0.0,0.0,-0.08791208791194549,71.03296703296701,778.0,952.0,792.0
2024-10-17 19:56:11.472,-0.0,0.0,0.0,70.06593406593402,777.0,951.0,791.0
2024-10-17 19:56:11.793,-0.0,0.0,0.0,69.09890109890102,776.0,949.0,791.0
2024-10-17 19:56:12.209,-0.0,0.0,0.0,68.04395604395586,776.0,948.0,790.0
2024-10-17 19:56:12.592,-0.0,0.08791208791217286,-0.08791208791194549,67.0769230769231,775.0,946.0,790.0
2024-10-17 19:56:12.897,-0.0,0.0,0.0,66.02197802197816,774.0,944.0,789.0
2024-10-17 19:56:13.201,-0.0,0.0,0.0,65.05494505494516,775.0,943.0,788.0
2024-10-17 19:56:13.520,-0.0,0.0,-0.08791208791194549,64.08791208791217,774.0,941.0,788.0
2024-10-17 19:56:13.809,-0.0,0.0,-0.08791208791194549,63.03296703296701,773.0,940.0,788.0
2024-10-17 19:56:14.113,-0.0,0.08791208791217286,-0.08791208791194549,62.065934065934016,773.0,938.0,787.0
2024-10-17 19:56:14.416,-0.0,0.0,-0.08791208791194549,61.01098901098885,773.0,936.0,787.0
2024-10-17 19:56:14.721,-0.0,0.0,0.0,60.04395604395586,772.0,935.0,786.0
2024-10-17 19:56:15.026,-0.0,0.0,-0.08791208791194549,59.076923076923094,771.0,933.0,786.0
2024-10-17 19:56:15.329,-0.0,0.0,0.0,58.02197802197816,771.0,932.0,785.0
2024-10-17 19:56:15.633,-0.0,0.0,-0.08791208791194549,57.054945054945165,770.0,930.0,785.0
2024-10-17 19:56:15.937,-0.0,0.0,-0.08791208791194549,56.08791208791217,770.0,929.0,784.0
2024-10-17 19:56:16.241,-0.0,0.0,0.0,55.03296703296701,770.0,927.0,784.0
2024-10-17 19:56:16.545,-0.0,0.0,-0.08791208791194549,54.065934065934016,769.0,926.0,784.0
2024-10-17 19:56:16.849,-0.0,0.0,0.0,53.01098901098885,768.0,924.0,783.0
2024-10-17 19:56:17.153,-0.0,0.0,-0.08791208791194549,52.04395604395586,768.0,923.0,783.0
2024-10-17 19:56:17.473,-0.0,0.0,0.0,51.076923076923094,768.0,921.0,782.0
2024-10-17 19:56:17.778,-0.0,0.0,-0.08791208791194549,50.02197802197816,767.0,919.0,782.0
2024-10-17 19:56:18.097,-0.0,0.0,0.0,49.054945054945165,766.0,918.0,781.0
2024-10-17 19:56:18.481,-0.0,0.0,-0.08791208791194549,48.08791208791217,766.0,917.0,781.0
2024-10-17 19:56:18.801,-0.0,0.0,-0.08791208791194549,47.12087912087918,766.0,915.0,780.0
2024-10-17 19:56:19.185,-0.0,0.0,0.0,46.065934065934016,765.0,914.0,780.0
2024-10-17 19:56:19.505,-0.0,0.0,-0.08791208791194549,45.01098901098885,764.0,912.0,779.0
2024-10-17 19:56:19.793,-0.0,0.0,-0.08791208791194549,44.04395604395586,764.0,911.0,779.0
2024-10-17 19:56:20.113,-0.0,0.0,-0.08791208791194549,43.076923076923094,764.0,909.0,778.0
2024-10-17 19:56:20.418,-0.0,0.0,-0.08791208791194549,42.02197802197816,763.0,908.0,778.0
2024-10-17 19:56:20.705,-0.0,0.0,-0.08791208791194549,41.054945054945165,763.0,906.0,778.0
2024-10-17 19:56:21.010,-0.0,0.0,0.0,40.08791208791217,762.0,905.0,777.0
2024-10-17 19:56:21.313,-0.0,0.0,0.0,39.03296703296701,762.0,904.0,776.0
2024-10-17 19:56:21.617,-0.0,0.0,0.0,38.065934065934016,762.0,902.0,776.0
2024-10-17 19:56:21.922,-0.0,0.0,-0.08791208791194549,37.01098901098885,761.0,901.0,776.0
2024-10-17 19:56:22.225,-0.0,0.0,-0.08791208791194549,36.04395604395586,761.0,900.0,775.0
2024-10-17 19:56:22.529,-0.0,0.0,0.0,35.076923076923094,760.0,899.0,775.0
2024-10-17 19:56:22.833,-0.0,0.0,0.0,34.02197802197816,760.0,897.0,774.0
2024-10-17 19:56:23.137,-0.0,0.0,-0.08791208791194549,33.054945054945165,759.0,896.0,774.0
2024-10-17 19:56:23.441,-0.0,0.0,-0.08791208791194549,32.08791208791217,759.0,895.0,774.0
2024-10-17 19:56:23.745,-0.0,0.08791208791217286,-0.08791208791194549,31.032967032967008,758.0,894.0,773.0
2024-10-17 19:56:24.081,-0.0,0.0,-0.08791208791194549,30.065934065934016,758.0,893.0,773.0
2024-10-17 19:56:24.465,-0.0,0.0,0.0,29.01098901098885,758.0,891.0,773.0
2024-10-17 19:56:24.770,-0.0,0.0,-0.08791208791194549,28.04395604395586,757.0,891.0,772.0
2024-10-17 19:56:25.074,-0.0,0.0,-0.08791208791194549,27.076923076923094,757.0,889.0,772.0
2024-10-17 19:56:25.393,-0.0,0.0,0.0,26.021978021978157,756.0,888.0,771.0
2024-10-17 19:56:25.778,-0.0,0.0,-0.08791208791194549,25.054945054945165,756.0,887.0,771.0
2024-10-17 19:56:26.082,-0.0,0.0,0.0,24.087912087912173,756.0,887.0,771.0
2024-10-17 19:56:26.385,-0.0,0.0,-0.08791208791194549,23.032967032967008,756.0,886.0,771.0
2024-10-17 19:56:26.690,-0.0,0.0,-0.08791208791194549,22.065934065934016,755.0,885.0,770.0
2024-10-17 19:56:27.009,-0.0,0.0,-0.08791208791194549,21.01098901098885,755.0,884.0,770.0
2024-10-17 19:56:27.394,-0.0,0.0,-0.08791208791194549,20.04395604395586,755.0,883.0,770.0
2024-10-17 19:56:27.714,-0.0,0.0,0.0,19.076923076923094,754.0,883.0,770.0
2024-10-17 19:56:28.017,-0.0,0.0,0.0,18.021978021978157,754.0,882.0,770.0
2024-10-17 19:56:28.306,-0.0,0.0,0.0,17.054945054945165,754.0,882.0,769.0
2024-10-17 19:56:28.609,-0.0,0.0,-0.08791208791194549,16.087912087912173,754.0,881.0,769.0
2024-10-17 19:56:28.945,-0.0,0.0,-0.08791208791194549,15.032967032967008,754.0,881.0,769.0
2024-10-17 19:56:29.330,-0.0,0.08791208791217286,-0.08791208791194549,14.065934065934016,754.0,880.0,769.0
2024-10-17 19:56:29.730,-0.0,0.0,0.0,13.010989010988851,753.0,880.0,769.0
2024-10-17 19:56:30.050,-0.0,0.0,0.0,12.043956043955859,753.0,880.0,769.0
2024-10-17 19:56:30.354,-0.0,0.0,0.0,11.076923076923094,753.0,879.0,768.0
2024-10-17 19:56:30.642,-0.0,0.0,0.0,10.021978021978157,753.0,879.0,769.0
2024-10-17 19:56:30.962,-0.08791208791217286,0.0,-0.08791208791194549,9.054945054945165,753.0,879.0,768.0
2024-10-17 19:56:31.251,-0.0,0.0,0.0,8.087912087912173,753.0,879.0,768.0
2024-10-17 19:56:31.555,-0.0,0.0,0.0,7.032967032967008,752.0,878.0,768.0
2024-10-17 19:56:31.858,-0.0,0.0,0.0,6.065934065934016,752.0,877.0,768.0
2024-10-17 19:56:32.162,-0.0,0.0,-0.08791208791194549,5.010989010988851,752.0,878.0,768.0
2024-10-17 19:56:32.498,-0.0,0.0,-0.08791208791194549,4.043956043955859,752.0,877.0,768.0
2024-10-17 19:56:32.883,-0.0,0.0,0.0,3.0769230769230944,752.0,877.0,768.0
2024-10-17 19:56:33.186,-0.0,0.0,-0.08791208791194549,2.1098901098901024,751.0,876.0,768.0
2024-10-17 19:56:33.490,-0.0,0.0,-0.08791208791194549,1.0549450549451649,752.0,876.0,768.0
2024-10-17 19:56:33.923,-0.0,0.0,-0.08791208791194549,1.0549450549451649,752.0,876.0,768.0
2024-10-17 19:56:34.418,0.8791208791208192,-0.3516483516482367,0.0,1.0549450549451649,751.0,876.0,768.0
2024-10-17 19:56:34.946,1.6703296703296928,-0.7912087912088737,-0.08791208791194549,1.0549450549451649,751.0,876.0,768.0
2024-10-17 19:56:35.458,2.7252747252746303,-1.1428571428571104,-0.08791208791194549,1.0549450549451649,751.0,876.0,768.0
2024-10-17 19:56:35.954,3.8681318681317407,-1.58241758241752,-0.08791208791194549,1.0549450549451649,751.0,875.0,768.0
2024-10-17 19:56:36.466,4.747252747252787,-1.934065934065984,0.0,1.0549450549451649,751.0,875.0,768.0
2024-10-17 19:56:36.963,5.890109890109898,-2.3736263736263936,-0.08791208791194549,1.0549450549451649,751.0,875.0,768.0
2024-10-17 19:56:37.490,6.769230769230717,-2.7252747252746303,-0.08791208791194549,1.0549450549451649,751.0,875.0,769.0
2024-10-17 19:56:37.970,7.824175824175882,-3.1648351648352673,-0.08791208791194549,1.0549450549451649,750.0,875.0,769.0
2024-10-17 19:56:38.482,8.791208791208874,-3.516483516483504,0.0,1.0549450549451649,750.0,875.0,768.0
2024-10-17 19:56:38.995,9.758241758241638,-3.9560439560439136,-0.08791208791194549,1.0549450549451649,750.0,875.0,769.0
2024-10-17 19:56:39.490,10.813186813186803,-4.395604395604323,0.0,1.0549450549451649,750.0,875.0,769.0
2024-10-17 19:56:40.002,11.780219780219795,-4.747252747252787,0.0,1.0549450549451649,749.0,875.0,769.0
2024-10-17 19:56:40.514,12.835164835164733,-5.186813186813197,0.0,1.0549450549451649,750.0,875.0,768.0
2024-10-17 19:56:41.033,13.802197802197725,-5.5384615384614335,0.0,1.0549450549451649,749.0,874.0,768.0
2024-10-17 19:56:41.522,14.85714285714289,-5.9780219780220705,0.0,1.0549450549451649,749.0,874.0,768.0
2024-10-17 19:56:42.035,15.824175824175882,-6.329670329670307,0.0,1.0549450549451649,749.0,875.0,769.0
2024-10-17 19:56:42.546,16.791208791208874,-6.769230769230717,-0.08791208791194549,1.0549450549451649,749.0,874.0,769.0
2024-10-17 19:56:43.042,17.75824175824164,-7.120879120879181,0.0,1.0549450549451649,749.0,874.0,769.0
2024-10-17 19:56:43.555,18.813186813186803,-7.56043956043959,0.0,1.0549450549451649,749.0,874.0,769.0
2024-10-17 19:56:44.067,19.780219780219795,-7.912087912087827,-0.08791208791194549,1.0549450549451649,748.0,874.0,769.0
2024-10-17 19:56:44.595,20.659340659340614,-8.351648351648237,0.0,1.0549450549451649,748.0,874.0,769.0
2024-10-17 19:56:45.083,21.802197802197725,-8.791208791208874,-0.08791208791194549,1.0549450549451649,748.0,874.0,769.0
2024-10-17 19:56:45.587,22.85714285714289,-9.14285714285711,0.0,1.0549450549451649,748.0,874.0,769.0
2024-10-17 19:56:46.099,23.912087912087827,-9.58241758241752,-0.08791208791194549,1.0549450549451649,748.0,873.0,769.0
2024-10-17 19:56:46.611,24.87912087912082,-9.934065934065984,0.0,1.0549450549451649,747.0,873.0,769.0
2024-10-17 19:56:47.107,25.75824175824164,-10.28571428571422,0.0,1.0549450549451649,748.0,874.0,769.0
2024-10-17 19:56:47.603,26.813186813186803,-10.72527472527463,-0.08791208791194549,1.0549450549451649,748.0,873.0,769.0
2024-10-17 19:56:48.131,27.86813186813174,-11.164835164835267,-0.08791208791194549,1.0549450549451649,747.0,873.0,769.0
2024-10-17 19:56:48.643,28.747252747252787,-11.516483516483504,0.0,1.0549450549451649,747.0,873.0,769.0
2024-10-17 19:56:49.140,29.802197802197725,-11.956043956043914,0.0,1.0549450549451649,747.0,873.0,769.0
2024-10-17 19:56:49.651,30.769230769230717,-12.395604395604323,-0.08791208791194549,1.0549450549451649,747.0,873.0,769.0
2024-10-17 19:56:50.147,31.912087912087827,-12.747252747252787,-0.08791208791194549,1.0549450549451649,747.0,873.0,769.0
2024-10-17 19:56:50.676,32.791208791208874,-13.186813186813197,-0.08791208791194549,1.1428571428571104,747.0,874.0,769.0
2024-10-17 19:56:51.171,33.75824175824164,-13.538461538461434,0.0,1.1428571428571104,747.0,874.0,770.0
2024-10-17 19:56:51.683,34.72527472527463,-13.97802197802207,0.0,1.2307692307690559,747.0,874.0,770.0
2024-10-17 19:56:52.179,35.780219780219795,-14.329670329670307,-0.08791208791194549,1.2307692307690559,747.0,874.0,770.0
2024-10-17 19:56:52.675,36.74725274725279,-14.769230769230717,0.0,1.2307692307690559,747.0,874.0,770.0
2024-10-17 19:56:53.187,37.71428571428578,-15.12087912087918,0.0,1.2307692307690559,747.0,874.0,771.0
2024-10-17 19:56:53.715,37.802197802197725,-15.56043956043959,0.0,1.1428571428571104,746.0,874.0,770.0
2024-10-17 19:56:54.195,39.648351648351536,-15.912087912087827,-0.08791208791194549,1.2307692307690559,747.0,875.0,771.0
2024-10-17 19:56:54.707,40.791208791208874,-16.351648351648237,0.0,1.2307692307690559,747.0,874.0,771.0
2024-10-17 19:56:55.219,41.75824175824164,-16.791208791208874,0.0,1.2307692307690559,746.0,875.0,771.0
2024-10-17 19:56:55.715,42.8131868131868,-17.14285714285711,0.0,1.2307692307690559,747.0,875.0,771.0
2024-10-17 19:56:56.228,43.780219780219795,-17.58241758241752,-0.08791208791194549,1.2307692307690559,747.0,876.0,771.0
2024-10-17 19:56:56.740,44.74725274725279,-17.934065934065984,-0.08791208791194549,1.2307692307690559,746.0,876.0,771.0
2024-10-17 19:56:57.267,45.802197802197725,-18.373626373626394,0.0,1.2307692307690559,747.0,876.0,772.0
2024-10-17 19:56:57.763,46.76923076923072,-18.72527472527463,-0.08791208791194549,1.2307692307690559,746.0,876.0,772.0
2024-10-17 19:56:58.259,47.82417582417588,-19.164835164835267,0.0,1.2307692307690559,746.0,876.0,773.0
2024-10-17 19:56:58.755,48.791208791208874,-19.516483516483504,-0.08791208791194549,1.1428571428571104,746.0,876.0,773.0
2024-10-17 19:56:59.267,49.75824175824164,-19.956043956043914,0.0,1.2307692307690559,747.0,877.0,773.0
2024-10-17 19:56:59.779,50.8131868131868,-20.395604395604323,0.0,1.2307692307690559,747.0,877.0,773.0
2024-10-17 19:57:00.291,51.780219780219795,-20.747252747252787,0.0,1.2307692307690559,747.0,877.0,773.0
2024-10-17 19:57:00.787,52.74725274725279,-21.186813186813197,-0.08791208791194549,1.2307692307690559,747.0,877.0,773.0
2024-10-17 19:57:01.299,53.802197802197725,-21.538461538461434,0.0,1.2307692307690559,747.0,878.0,774.0
2024-10-17 19:57:01.811,54.76923076923072,-21.97802197802207,-0.08791208791194549,1.2307692307690559,746.0,878.0,774.0
2024-10-17 19:57:02.324,55.82417582417588,-22.329670329670307,0.0,1.2307692307690559,746.0,879.0,775.0
2024-10-17 19:57:02.852,56.791208791208874,-22.769230769230717,-0.08791208791194549,1.2307692307690559,746.0,879.0,775.0
2024-10-17 19:57:03.348,57.75824175824164,-23.12087912087918,-0.08791208791194549,1.2307692307690559,747.0,879.0,774.0
2024-10-17 19:57:03.844,58.8131868131868,-23.56043956043959,-0.08791208791194549,1.2307692307690559,747.0,880.0,775.0
2024-10-17 19:57:04.341,59.780219780219795,-23.912087912087827,-0.08791208791194549,1.2307692307690559,747.0,880.0,775.0
2024-10-17 19:57:04.852,60.74725274725279,-24.351648351648237,-0.08791208791194549,1.2307692307690559,746.0,880.0,776.0
2024-10-17 19:57:05.365,61.802197802197725,-24.791208791208874,-0.08791208791194549,1.2307692307690559,747.0,881.0,776.0
2024-10-17 19:57:05.876,62.76923076923072,-25.14285714285711,-0.08791208791194549,1.2307692307690559,747.0,881.0,776.0
2024-10-17 19:57:06.387,63.73626373626371,-25.58241758241752,0.0,1.2307692307690559,747.0,881.0,776.0
2024-10-17 19:57:06.885,64.79120879120887,-25.934065934065984,0.0,1.2307692307690559,746.0,881.0,777.0
2024-10-17 19:57:07.380,65.75824175824164,-26.373626373626394,0.0,1.2307692307690559,746.0,881.0,777.0
2024-10-17 19:57:07.924,66.8131868131868,-26.72527472527463,0.0,1.2307692307690559,747.0,882.0,777.0
2024-10-17 19:57:08.420,67.7802197802198,-27.164835164835267,0.0,1.2307692307690559,746.0,883.0,778.0
2024-10-17 19:57:08.900,68.74725274725279,-27.516483516483504,-0.08791208791194549,1.2307692307690559,746.0,882.0,778.0
2024-10-17 19:57:09.413,69.80219780219772,-27.956043956043914,-0.08791208791194549,1.2307692307690559,747.0,883.0,778.0
2024-10-17 19:57:09.924,70.76923076923072,-28.395604395604323,-0.08791208791194549,1.2307692307690559,746.0,883.0,778.0
2024-10-17 19:57:10.437,71.73626373626371,-28.747252747252787,-0.08791208791194549,1.2307692307690559,746.0,883.0,778.0
2024-10-17 19:57:10.933,72.7032967032967,-29.186813186813197,0.0,1.2307692307690559,746.0,883.0,778.0
2024-10-17 19:57:11.460,73.67032967032969,-29.538461538461434,-0.08791208791194549,1.2307692307690559,746.0,884.0,779.0
2024-10-17 19:57:11.956,74.72527472527463,-29.97802197802207,-0.08791208791194549,1.2307692307690559,746.0,884.0,779.0
2024-10-17 19:57:12.469,75.7802197802198,-30.329670329670307,0.0,1.2307692307690559,746.0,884.0,779.0
2024-10-17 19:57:12.981,76.74725274725279,-30.769230769230717,0.0,1.2307692307690559,746.0,884.0,779.0
2024-10-17 19:57:13.460,77.71428571428578,-31.208791208791126,-0.08791208791194549,1.2307692307690559,746.0,884.0,780.0
2024-10-17 19:57:13.989,78.68131868131877,-31.56043956043959,0.0,1.2307692307690559,746.0,885.0,780.0
2024-10-17 19:57:14.485,79.73626373626371,-31.912087912087827,0.0,1.2307692307690559,746.0,885.0,780.0
2024-10-17 19:57:14.997,80.7032967032967,-32.35164835164824,-0.08791208791194549,1.2307692307690559,746.0,885.0,780.0
2024-10-17 19:57:15.509,81.75824175824164,-32.791208791208874,0.0,1.2307692307690559,746.0,886.0,781.0
2024-10-17 19:57:16.004,82.8131868131868,-33.14285714285711,0.0,1.2307692307690559,746.0,886.0,781.0
2024-10-17 19:57:16.517,83.69230769230762,-33.58241758241752,-0.08791208791194549,1.2307692307690559,746.0,886.0,781.0
2024-10-17 19:57:17.013,84.74725274725279,-33.934065934065984,0.0,1.2307692307690559,746.0,887.0,781.0
2024-10-17 19:57:17.542,85.80219780219772,-34.373626373626394,-0.08791208791194549,1.2307692307690559,746.0,887.0,781.0
2024-10-17 19:57:18.037,86.76923076923072,-34.72527472527463,0.0,1.2307692307690559,746.0,887.0,782.0
2024-10-17 19:57:18.533,87.73626373626371,-35.16483516483527,-0.08791208791194549,1.2307692307690559,746.0,887.0,782.0
2024-10-17 19:57:19.045,88.7032967032967,-35.516483516483504,0.0,1.2307692307690559,746.0,888.0,782.0
2024-10-17 19:57:19.605,89.67032967032969,-35.956043956043914,0.0,1.2307692307690559,746.0,888.0,782.0
2024-10-17 19:57:20.069,90.72527472527463,-36.39560439560432,-0.08791208791194549,1.2307692307690559,746.0,888.0,783.0
2024-10-17 19:57:20.581,91.7802197802198,-36.74725274725279,0.0,1.2307692307690559,746.0,889.0,783.0
2024-10-17 19:57:21.093,92.74725274725279,-37.1868131868132,0.0,1.2307692307690559,746.0,888.0,783.0
2024-10-17 19:57:21.589,93.71428571428578,-37.53846153846143,0.0,1.2307692307690559,746.0,889.0,783.0
2024-10-17 19:57:22.112,94.76923076923072,-37.97802197802207,0.0,1.2307692307690559,746.0,889.0,783.0
2024-10-17 19:57:22.597,95.73626373626371,-38.32967032967031,0.0,1.2307692307690559,746.0,889.0,784.0
2024-10-17 19:57:23.125,96.7032967032967,-38.76923076923072,-0.08791208791194549,1.2307692307690559,746.0,890.0,784.0
2024-10-17 19:57:23.605,97.67032967032969,-39.12087912087918,0.0,1.2307692307690559,746.0,890.0,784.0
2024-10-17 19:57:24.117,98.72527472527463,-39.56043956043959,-0.08791208791194549,1.2307692307690559,746.0,891.0,785.0
2024-10-17 19:57:24.629,99.7802197802198,-39.91208791208783,-0.08791208791194549,1.2307692307690559,746.0,891.0,785.0
2024-10-17 19:57:25.141,100.65934065934061,-40.35164835164824,-0.08791208791194549,1.2307692307690559,746.0,891.0,785.0
2024-10-17 19:57:25.638,101.71428571428578,-40.791208791208874,-0.08791208791194549,1.2307692307690559,746.0,891.0,785.0
2024-10-17 19:57:26.172,102.68131868131877,-41.14285714285711,0.0,1.2307692307690559,746.0,892.0,785.0
2024-10-17 19:57:26.645,103.73626373626371,-41.58241758241752,0.0,1.2307692307690559,746.0,892.0,785.0
2024-10-17 19:57:27.158,104.7032967032967,-41.934065934065984,0.0,1.2307692307690559,746.0,892.0,786.0
2024-10-17 19:57:27.685,105.58241758241752,-42.373626373626394,-0.08791208791194549,1.2307692307690559,746.0,893.0,786.0
2024-10-17 19:57:28.181,106.72527472527463,-42.637362637362685,-0.08791208791194549,1.2307692307690559,746.0,893.0,786.0
2024-10-17 19:57:28.678,107.60439560439568,-43.16483516483527,-0.08791208791194549,1.2307692307690559,746.0,893.0,786.0
2024-10-17 19:57:29.205,108.65934065934061,-43.516483516483504,0.0,1.2307692307690559,746.0,893.0,787.0
2024-10-17 19:57:29.702,109.71428571428578,-43.956043956043914,0.0,1.2307692307690559,747.0,893.0,787.0
2024-10-17 19:57:30.197,110.68131868131877,-44.39560439560432,0.0,1.2307692307690559,746.0,894.0,787.0
2024-10-17 19:57:30.710,111.64835164835154,-44.74725274725279,-0.08791208791194549,1.2307692307690559,746.0,894.0,788.0
2024-10-17 19:57:31.238,112.52747252747258,-45.1868131868132,-0.08791208791194549,1.2307692307690559,747.0,895.0,788.0
2024-10-17 19:57:31.717,113.58241758241752,-45.53846153846143,-0.08791208791194549,1.2307692307690559,746.0,895.0,788.0
2024-10-17 19:57:32.230,114.63736263736268,-45.97802197802207,-0.08791208791194549,1.2307692307690559,747.0,895.0,789.0
2024-10-17 19:57:32.742,115.60439560439568,-46.32967032967031,0.0,1.2307692307690559,747.0,896.0,789.0
2024-10-17 19:57:33.238,116.57142857142844,-46.76923076923072,-0.08791208791194549,1.2307692307690559,747.0,896.0,789.0
2024-10-17 19:57:33.765,117.6263736263736,-47.12087912087918,-0.08791208791194549,1.2307692307690559,747.0,896.0,789.0
2024-10-17 19:57:34.262,118.5934065934066,-47.56043956043959,-0.08791208791194549,1.2307692307690559,747.0,897.0,790.0
2024-10-17 19:57:34.758,119.73626373626371,-47.91208791208783,-0.08791208791194549,1.2307692307690559,747.0,897.0,790.0
2024-10-17 19:57:35.286,120.7032967032967,-48.35164835164824,-0.08791208791194549,1.2307692307690559,747.0,898.0,790.0
2024-10-17 19:57:35.783,121.58241758241752,-48.791208791208874,-0.08791208791194549,1.2307692307690559,747.0,898.0,790.0
2024-10-17 19:57:36.294,122.54945054945051,-49.14285714285711,0.0,1.2307692307690559,747.0,898.0,791.0
2024-10-17 19:57:36.789,123.60439560439568,-49.58241758241752,-0.08791208791194549,1.2307692307690559,747.0,898.0,791.0
2024-10-17 19:57:37.317,124.57142857142844,-49.934065934065984,-0.08791208791194549,1.2307692307690559,747.0,899.0,791.0
2024-10-17 19:57:37.814,125.53846153846143,-50.373626373626394,-0.08791208791194549,1.2307692307690559,747.0,899.0,792.0
2024-10-17 19:57:38.310,126.68131868131877,-50.72527472527463,-0.08791208791194549,1.2307692307690559,747.0,899.0,792.0
2024-10-17 19:57:38.822,127.56043956043959,-51.16483516483527,-0.08791208791194549,1.2307692307690559,747.0,899.0,792.0
2024-10-17 19:57:39.333,128.61538461538453,-51.516483516483504,-0.08791208791194549,1.2307692307690559,747.0,900.0,793.0
2024-10-17 19:57:39.829,129.49450549450557,-51.956043956043914,-0.08791208791194549,1.2307692307690559,747.0,900.0,793.0
2024-10-17 19:57:40.342,130.5494505494505,-52.39560439560432,0.0,1.2307692307690559,747.0,901.0,794.0
2024-10-17 19:57:40.870,131.60439560439568,-52.74725274725279,-0.08791208791194549,1.2307692307690559,747.0,901.0,794.0
2024-10-17 19:57:41.382,132.4835164835165,-53.1868131868132,0.0,1.2307692307690559,747.0,902.0,794.0
2024-10-17 19:57:41.878,133.71428571428578,-53.53846153846143,-0.08791208791194549,1.2307692307690559,747.0,901.0,794.0
2024-10-17 19:57:42.374,134.5934065934066,-53.97802197802207,-0.08791208791194549,1.2307692307690559,747.0,902.0,795.0
2024-10-17 19:57:42.886,135.64835164835154,-54.32967032967031,0.0,1.2307692307690559,749.0,903.0,796.0
2024-10-17 19:57:43.383,136.61538461538453,-54.76923076923072,-0.08791208791194549,1.2307692307690559,751.0,904.0,798.0
2024-10-17 19:57:43.895,137.49450549450557,-55.12087912087918,-0.08791208791194549,1.2307692307690559,751.0,904.0,799.0
2024-10-17 19:57:44.406,138.46153846153834,-55.56043956043959,0.0,1.2307692307690559,752.0,905.0,799.0
2024-10-17 19:57:44.902,139.5164835164835,-55.91208791208783,-0.08791208791194549,1.2307692307690559,751.0,905.0,799.0
2024-10-17 19:57:45.431,140.65934065934061,-56.35164835164824,-0.08791208791194549,1.2307692307690559,751.0,906.0,800.0
2024-10-17 19:57:45.911,141.53846153846143,-56.791208791208874,0.0,1.2307692307690559,751.0,906.0,800.0
2024-10-17 19:57:46.423,142.50549450549443,-57.14285714285711,0.0,1.2307692307690559,751.0,906.0,800.0
2024-10-17 19:57:46.935,143.5604395604396,-57.58241758241752,-0.08791208791194549,1.2307692307690559,750.0,906.0,800.0
2024-10-17 19:57:47.463,144.52747252747258,-57.934065934065984,0.0,1.2307692307690559,750.0,907.0,800.0
2024-10-17 19:57:47.959,145.58241758241752,-58.373626373626394,0.0,1.2307692307690559,750.0,907.0,800.0
2024-10-17 19:57:48.455,146.5494505494505,-58.72527472527463,-0.08791208791194549,1.2307692307690559,750.0,907.0,801.0
2024-10-17 19:57:48.967,147.5164835164835,-59.16483516483527,-0.08791208791194549,1.2307692307690559,750.0,907.0,801.0
2024-10-17 19:57:49.463,148.4835164835165,-59.516483516483504,-0.08791208791194549,1.2307692307690559,751.0,908.0,801.0
2024-10-17 19:57:49.974,149.53846153846143,-59.956043956043914,-0.08791208791194549,1.2307692307690559,752.0,909.0,803.0
2024-10-17 19:57:50.503,148.9230769230769,-59.69230769230762,-0.08791208791194549,1.2307692307690559,751.0,908.0,802.0
2024-10-17 19:57:50.983,148.0439560439561,-59.340659340659386,0.0,1.2307692307690559,751.0,907.0,802.0
2024-10-17 19:57:51.494,147.0769230769231,-58.901098901098976,0.0,1.2307692307690559,751.0,907.0,801.0
2024-10-17 19:57:52.007,146.1098901098901,-58.54945054945051,0.0,1.2307692307690559,751.0,907.0,801.0
2024-10-17 19:57:52.535,145.05494505494494,-58.1098901098901,-0.08791208791194549,1.2307692307690559,751.0,906.0,801.0
2024-10-17 19:57:53.031,144.08791208791217,-57.75824175824164,-0.08791208791194549,1.2307692307690559,751.0,906.0,800.0
2024-10-17 19:57:53.527,143.12087912087918,-57.31868131868123,-0.08791208791194549,1.2307692307690559,750.0,905.0,800.0
2024-10-17 19:57:54.039,142.06593406593402,-56.96703296703299,-0.08791208791194549,1.2307692307690559,750.0,904.0,799.0
2024-10-17 19:57:54.535,141.09890109890102,-56.52747252747258,-0.08791208791194549,1.2307692307690559,750.0,904.0,799.0
2024-10-17 19:57:55.047,140.0439560439561,-56.08791208791217,0.0,1.2307692307690559,750.0,903.0,799.0
2024-10-17 19:57:55.576,139.0769230769231,-55.73626373626371,0.0,1.2307692307690559,750.0,902.0,799.0
2024-10-17 19:57:56.055,138.02197802197793,-55.2967032967033,-0.08791208791194549,1.2307692307690559,750.0,902.0,798.0
2024-10-17 19:57:56.567,137.05494505494494,-54.945054945054835,0.0,1.2307692307690559,750.0,902.0,799.0
2024-10-17 19:57:57.079,136.08791208791217,-54.505494505494426,0.0,1.2307692307690559,750.0,901.0,798.0
2024-10-17 19:57:57.575,135.032967032967,-54.15384615384619,-0.08791208791194549,1.2307692307690559,750.0,901.0,799.0
2024-10-17 19:57:58.087,134.06593406593402,-53.71428571428578,-0.08791208791194549,1.2307692307690559,750.0,900.0,798.0
2024-10-17 19:57:58.599,133.01098901098908,-53.362637362637315,0.0,1.2307692307690559,750.0,900.0,798.0
2024-10-17 19:57:59.095,132.0439560439561,-52.923076923076906,0.0,1.2307692307690559,750.0,899.0,798.0
2024-10-17 19:57:59.607,131.0769230769231,-52.57142857142867,-0.08791208791194549,1.2307692307690559,749.0,899.0,797.0
2024-10-17 19:58:00.135,130.1098901098901,-52.13186813186803,0.0,1.2307692307690559,750.0,899.0,797.0
2024-10-17 19:58:00.647,129.1428571428571,-51.69230769230762,-0.08791208791194549,1.2307692307690559,750.0,898.0,797.0
2024-10-17 19:58:01.127,128.17582417582412,-51.340659340659386,-0.08791208791194549,1.2307692307690559,749.0,898.0,797.0
2024-10-17 19:58:01.639,127.12087912087918,-50.901098901098976,0.0,1.2307692307690559,750.0,898.0,797.0
2024-10-17 19:58:02.152,126.15384615384619,-50.54945054945051,-0.08791208791194549,1.2307692307690559,749.0,897.0,796.0
2024-10-17 19:58:02.648,125.09890109890102,-50.1098901098901,-0.08791208791194549,1.2307692307690559,749.0,897.0,796.0
2024-10-17 19:58:03.159,124.13186813186803,-49.75824175824164,-0.08791208791194549,1.2307692307690559,749.0,897.0,796.0
2024-10-17 19:58:03.687,123.0769230769231,-49.31868131868123,0.0,1.2307692307690559,749.0,896.0,796.0
2024-10-17 19:58:04.167,122.1098901098901,-48.96703296703299,0.0,1.2307692307690559,749.0,896.0,795.0
2024-10-17 19:58:04.679,121.14285714285711,-48.52747252747258,-0.08791208791194549,1.2307692307690559,750.0,896.0,795.0
2024-10-17 19:58:05.192,120.08791208791217,-48.08791208791217,-0.08791208791194549,1.2307692307690559,750.0,895.0,795.0
2024-10-17 19:58:05.720,119.03296703296701,-47.73626373626371,-0.08791208791194549,1.2307692307690559,750.0,895.0,795.0
2024-10-17 19:58:06.200,118.06593406593402,-47.2967032967033,0.0,1.2307692307690559,750.0,895.0,795.0
2024-10-17 19:58:06.727,117.01098901098908,-46.945054945054835,-0.08791208791194549,1.2307692307690559,750.0,894.0,794.0
2024-10-17 19:58:07.207,116.04395604395609,-46.505494505494426,0.0,1.2307692307690559,750.0,894.0,794.0
2024-10-17 19:58:07.719,115.16483516483504,-46.241758241758134,0.0,1.1428571428571104,749.0,894.0,794.0
2024-10-17 19:58:08.231,114.02197802197793,-45.71428571428578,0.0,1.1428571428571104,750.0,894.0,794.0
2024-10-17 19:58:08.792,113.14285714285711,-45.362637362637315,-0.08791208791194549,1.1428571428571104,750.0,893.0,794.0
2024-10-17 19:58:09.256,112.17582417582412,-44.923076923076906,0.0,1.1428571428571104,750.0,893.0,794.0
2024-10-17 19:58:09.753,111.12087912087918,-44.57142857142867,0.0,1.0549450549451649,750.0,893.0,793.0
2024-10-17 19:58:10.264,110.15384615384619,-44.13186813186803,-0.08791208791194549,1.0549450549451649,750.0,892.0,793.0
2024-10-17 19:58:10.776,109.09890109890102,-43.69230769230762,0.0,1.0549450549451649,750.0,892.0,793.0
2024-10-17 19:58:11.273,108.04395604395609,-43.42857142857133,-0.08791208791194549,1.0549450549451649,750.0,893.0,793.0
2024-10-17 19:58:11.784,107.0769230769231,-42.901098901098976,0.0,1.0549450549451649,750.0,892.0,793.0
2024-10-17 19:58:12.296,106.1098901098901,-42.54945054945051,-0.08791208791194549,1.0549450549451649,750.0,892.0,792.0
2024-10-17 19:58:12.808,105.05494505494494,-42.1098901098901,0.0,1.0549450549451649,750.0,892.0,792.0
2024-10-17 19:58:13.304,104.17582417582412,-41.75824175824164,-0.08791208791194549,1.0549450549451649,750.0,891.0,792.0
2024-10-17 19:58:13.800,103.12087912087918,-41.31868131868123,-0.08791208791194549,1.0549450549451649,750.0,891.0,792.0
2024-10-17 19:58:14.329,102.15384615384619,-40.96703296703299,0.0,1.0549450549451649,751.0,891.0,792.0
2024-10-17 19:58:14.840,101.09890109890102,-40.52747252747258,0.0,1.0549450549451649,750.0,890.0,792.0
2024-10-17 19:58:15.337,100.04395604395609,-40.08791208791217,0.0,1.0549450549451649,750.0,890.0,792.0
2024-10-17 19:58:15.848,99.0769230769231,-39.73626373626371,-0.08791208791194549,1.0549450549451649,751.0,891.0,791.0
2024-10-17 19:58:16.345,98.02197802197793,-39.2967032967033,-0.08791208791194549,1.0549450549451649,750.0,890.0,791.0
2024-10-17 19:58:16.872,97.14285714285711,-38.945054945054835,-0.08791208791194549,1.0549450549451649,750.0,890.0,791.0
2024-10-17 19:58:17.353,96.17582417582412,-38.505494505494426,0.0,1.0549450549451649,751.0,890.0,791.0
2024-10-17 19:58:17.865,95.12087912087918,-38.15384615384619,0.0,1.0549450549451649,751.0,890.0,791.0
2024-10-17 19:58:18.377,94.15384615384619,-37.626373626373606,0.0,1.0549450549451649,751.0,889.0,790.0
2024-10-17 19:58:18.873,93.09890109890102,-37.362637362637315,0.0,1.0549450549451649,751.0,889.0,790.0
2024-10-17 19:58:19.385,92.13186813186803,-36.923076923076906,-0.08791208791194549,1.0549450549451649,751.0,889.0,790.0
2024-10-17 19:58:19.897,91.16483516483504,-36.57142857142867,0.0,1.0549450549451649,751.0,889.0,789.0
2024-10-17 19:58:20.392,90.1098901098901,-36.13186813186803,-0.08791208791194549,1.0549450549451649,751.0,888.0,789.0
2024-10-17 19:58:20.905,89.14285714285711,-35.69230769230762,-0.08791208791194549,1.0549450549451649,751.0,888.0,789.0
2024-10-17 19:58:21.417,88.17582417582412,-35.340659340659386,0.0,1.0549450549451649,751.0,888.0,788.0
2024-10-17 19:58:21.913,87.12087912087918,-34.901098901098976,0.0,1.0549450549451649,751.0,888.0,788.0
2024-10-17 19:58:22.441,86.24175824175813,-34.54945054945051,-0.08791208791194549,1.0549450549451649,751.0,888.0,788.0
2024-10-17 19:58:22.937,85.09890109890102,-34.1098901098901,0.0,1.0549450549451649,751.0,887.0,788.0
2024-10-17 19:58:23.433,84.13186813186803,-33.75824175824164,-0.08791208791194549,1.0549450549451649,752.0,887.0,787.0
2024-10-17 19:58:23.945,83.0769230769231,-33.31868131868123,-0.08791208791194549,1.0549450549451649,751.0,887.0,788.0
2024-10-17 19:58:24.457,82.02197802197793,-32.96703296703299,-0.08791208791194549,1.0549450549451649,752.0,887.0,787.0
2024-10-17 19:58:24.969,81.23076923076928,-32.52747252747258,-0.08791208791194549,1.0549450549451649,751.0,887.0,787.0
2024-10-17 19:58:25.481,80.08791208791217,-32.0,-0.08791208791194549,1.0549450549451649,752.0,887.0,786.0
2024-10-17 19:58:25.977,79.12087912087918,-31.73626373626371,0.0,1.0549450549451649,752.0,887.0,786.0
2024-10-17 19:58:26.489,78.15384615384619,-31.2967032967033,-0.08791208791194549,1.0549450549451649,752.0,886.0,786.0
2024-10-17 19:58:26.985,77.09890109890102,-30.945054945054835,0.0,1.0549450549451649,752.0,886.0,786.0
2024-10-17 19:58:27.513,76.13186813186803,-30.505494505494426,0.0,1.0549450549451649,752.0,886.0,785.0
2024-10-17 19:58:28.009,75.16483516483504,-30.15384615384619,0.0,1.0549450549451649,752.0,886.0,785.0
2024-10-17 19:58:28.521,74.19780219780228,-29.71428571428578,0.0,1.0549450549451649,753.0,886.0,785.0
2024-10-17 19:58:29.017,73.23076923076928,-29.362637362637315,-0.08791208791194549,1.0549450549451649,752.0,885.0,785.0
2024-10-17 19:58:29.545,72.08791208791217,-28.923076923076906,0.0,1.0549450549451649,752.0,885.0,784.0
2024-10-17 19:58:30.041,71.12087912087918,-28.57142857142867,-0.08791208791194549,1.0549450549451649,752.0,885.0,784.0
2024-10-17 19:58:30.553,70.15384615384619,-28.131868131868032,-0.08791208791194549,1.0549450549451649,753.0,885.0,784.0
2024-10-17 19:58:31.049,69.09890109890102,-27.692307692307622,0.0,1.0549450549451649,752.0,885.0,784.0
2024-10-17 19:58:31.546,68.04395604395609,-27.340659340659386,0.0,1.0549450549451649,752.0,885.0,784.0
2024-10-17 19:58:32.057,67.16483516483504,-26.901098901098976,-0.08791208791194549,1.0549450549451649,753.0,884.0,783.0
2024-10-17 19:58:32.601,66.1098901098901,-26.549450549450512,-0.08791208791194549,1.0549450549451649,753.0,885.0,783.0
2024-10-17 19:58:33.081,65.14285714285711,-26.109890109890102,-0.08791208791194549,1.0549450549451649,753.0,884.0,783.0
2024-10-17 19:58:33.594,64.17582417582412,-25.75824175824164,0.0,1.0549450549451649,753.0,884.0,783.0
2024-10-17 19:58:34.090,63.03296703296701,-25.31868131868123,-0.08791208791194549,1.0549450549451649,753.0,884.0,783.0
2024-10-17 19:58:34.603,62.241758241758134,-24.967032967032992,0.0,1.0549450549451649,753.0,884.0,782.0
2024-10-17 19:58:35.098,61.1868131868132,-24.527472527472582,0.0,1.0549450549451649,753.0,884.0,782.0
2024-10-17 19:58:35.626,60.13186813186803,-24.087912087912173,0.0,1.0549450549451649,753.0,884.0,782.0
2024-10-17 19:58:36.139,59.16483516483504,-23.73626373626371,-0.08791208791194549,1.0549450549451649,753.0,883.0,782.0
2024-10-17 19:58:36.634,58.197802197802275,-23.2967032967033,0.0,1.0549450549451649,753.0,883.0,781.0
2024-10-17 19:58:37.146,57.05494505494494,-22.945054945054835,0.0,1.0549450549451649,754.0,883.0,781.0
2024-10-17 19:58:37.658,56.17582417582412,-22.505494505494426,-0.08791208791194549,1.0549450549451649,754.0,883.0,781.0
2024-10-17 19:58:38.155,55.12087912087918,-22.15384615384619,0.0,1.0549450549451649,753.0,883.0,781.0
2024-10-17 19:58:38.650,54.241758241758134,-21.71428571428578,0.0,1.0549450549451649,754.0,882.0,780.0
2024-10-17 19:58:39.178,53.098901098901024,-21.362637362637315,0.0,1.0549450549451649,754.0,882.0,780.0
2024-10-17 19:58:39.689,52.219780219780205,-20.923076923076906,0.0,1.0549450549451649,754.0,882.0,779.0
2024-10-17 19:58:40.187,51.16483516483504,-20.57142857142867,0.0,1.0549450549451649,754.0,882.0,780.0
2024-10-17 19:58:40.714,50.197802197802275,-20.131868131868032,0.0,1.0549450549451649,754.0,882.0,779.0
2024-10-17 19:58:41.227,49.23076923076928,-19.780219780219795,0.0,1.0549450549451649,754.0,882.0,779.0
2024-10-17 19:58:41.690,48.26373626373629,-19.340659340659386,0.0,1.0549450549451649,754.0,882.0,779.0
2024-10-17 19:58:42.219,47.12087912087918,-18.901098901098976,-0.08791208791194549,1.0549450549451649,755.0,882.0,779.0
2024-10-17 19:58:42.715,46.241758241758134,-18.549450549450512,0.0,1.0549450549451649,754.0,881.0,778.0
2024-10-17 19:58:43.211,45.01098901098908,-18.109890109890102,0.0,1.0549450549451649,755.0,881.0,778.0
2024-10-17 19:58:43.722,44.219780219780205,-17.75824175824164,-0.08791208791194549,1.0549450549451649,755.0,881.0,778.0
2024-10-17 19:58:44.234,43.16483516483504,-17.31868131868123,0.0,1.0549450549451649,755.0,881.0,778.0
2024-10-17 19:58:44.762,42.197802197802275,-16.967032967032992,-0.08791208791194549,1.0549450549451649,755.0,881.0,777.0
2024-10-17 19:58:45.258,41.23076923076928,-16.527472527472582,0.0,1.0549450549451649,755.0,880.0,777.0
2024-10-17 19:58:45.754,40.17582417582412,-16.087912087912173,0.0,1.0549450549451649,755.0,881.0,777.0
2024-10-17 19:58:46.266,39.12087912087918,-15.736263736263709,0.0,1.0549450549451649,755.0,881.0,777.0
2024-10-17 19:58:46.779,38.15384615384619,-15.2967032967033,0.0,1.0549450549451649,755.0,880.0,777.0
2024-10-17 19:58:47.291,37.1868131868132,-14.945054945054835,0.0,1.0549450549451649,755.0,880.0,776.0
2024-10-17 19:58:47.786,36.13186813186803,-14.505494505494426,0.0,1.0549450549451649,755.0,880.0,776.0
2024-10-17 19:58:48.299,35.16483516483504,-14.153846153846189,-0.08791208791194549,1.0549450549451649,756.0,880.0,776.0
2024-10-17 19:58:48.794,34.197802197802275,-13.71428571428578,-0.08791208791194549,1.0549450549451649,756.0,880.0,776.0
2024-10-17 19:58:49.307,33.23076923076928,-13.362637362637315,0.0,1.0549450549451649,756.0,880.0,776.0
2024-10-17 19:58:49.819,32.26373626373629,-12.923076923076906,-0.08791208791194549,1.0549450549451649,756.0,880.0,776.0
2024-10-17 19:58:50.331,31.208791208791126,-12.571428571428669,-0.08791208791194549,1.0549450549451649,756.0,880.0,775.0
2024-10-17 19:58:50.826,30.241758241758134,-12.131868131868032,0.0,1.0549450549451649,756.0,880.0,776.0
2024-10-17 19:58:51.339,29.098901098901024,-11.692307692307622,-0.08791208791194549,1.0549450549451649,756.0,880.0,775.0
2024-10-17 19:58:51.851,28.219780219780205,-11.340659340659386,-0.08791208791194549,1.0549450549451649,756.0,880.0,775.0
2024-10-17 19:58:52.346,27.16483516483504,-10.901098901098976,0.0,1.0549450549451649,756.0,880.0,774.0
2024-10-17 19:58:52.842,26.197802197802275,-10.549450549450512,0.0,1.0549450549451649,756.0,880.0,774.0
2024-10-17 19:58:53.354,25.14285714285711,-10.109890109890102,0.0,1.0549450549451649,756.0,879.0,774.0
2024-10-17 19:58:53.867,24.17582417582412,-9.758241758241638,-0.08791208791194549,1.0549450549451649,756.0,879.0,774.0
2024-10-17 19:58:54.362,23.2967032967033,-9.318681318681229,0.0,1.0549450549451649,756.0,879.0,774.0
2024-10-17 19:58:54.875,22.329670329670307,-8.967032967032992,-0.08791208791194549,1.0549450549451649,757.0,879.0,774.0
2024-10-17 19:58:55.403,21.274725274725142,-8.527472527472582,0.0,1.0549450549451649,757.0,879.0,774.0
2024-10-17 19:58:55.899,20.219780219780205,-8.087912087912173,-0.08791208791194549,1.0549450549451649,757.0,879.0,774.0
2024-10-17 19:58:56.395,19.340659340659386,-7.736263736263709,0.0,1.0549450549451649,757.0,879.0,773.0
2024-10-17 19:58:56.907,18.28571428571422,-7.296703296703299,-0.08791208791194549,1.0549450549451649,757.0,879.0,773.0
2024-10-17 19:58:57.419,17.230769230769283,-6.945054945054835,-0.08791208791194549,1.0549450549451649,757.0,879.0,773.0
2024-10-17 19:58:57.915,16.26373626373629,-6.5054945054944255,-0.08791208791194549,1.0549450549451649,757.0,879.0,773.0
2024-10-17 19:58:58.427,15.2967032967033,-6.153846153846189,-0.08791208791194549,1.0549450549451649,757.0,879.0,773.0
2024-10-17 19:58:58.956,14.329670329670307,-5.714285714285779,0.0,1.0549450549451649,757.0,878.0,773.0
2024-10-17 19:58:59.435,13.186813186813197,-5.362637362637315,-0.08791208791194549,1.0549450549451649,757.0,878.0,772.0
2024-10-17 19:58:59.947,12.307692307692378,-4.923076923076906,-0.08791208791194549,1.0549450549451649,757.0,878.0,773.0
2024-10-17 19:59:00.459,11.340659340659386,-4.571428571428669,0.0,1.0549450549451649,757.0,878.0,772.0
2024-10-17 19:59:00.955,10.28571428571422,-4.131868131868032,0.0,1.0549450549451649,757.0,879.0,773.0
2024-10-17 19:59:01.467,9.318681318681229,-3.6923076923076223,-0.08791208791194549,1.0549450549451649,757.0,878.0,773.0
2024-10-17 19:59:01.979,8.263736263736291,-3.3406593406593856,-0.08791208791194549,1.0549450549451649,757.0,878.0,773.0
2024-10-17 19:59:02.475,7.208791208791126,-2.901098901098976,-0.08791208791194549,1.0549450549451649,757.0,878.0,773.0
2024-10-17 19:59:02.987,6.241758241758134,-2.549450549450512,0.0,1.0549450549451649,757.0,878.0,773.0
2024-10-17 19:59:03.499,5.274725274725142,-2.1098901098901024,0.0,1.0549450549451649,757.0,878.0,772.0
2024-10-17 19:59:04.012,4.307692307692378,-1.7582417582416383,-0.08791208791194549,1.0549450549451649,757.0,878.0,772.0
2024-10-17 19:59:04.524,3.2527472527472128,-1.3186813186812287,-0.08791208791194549,-1047.7802197802198,757.0,879.0,772.0
2024-10-17 19:59:05.020,2.1978021978022753,-0.967032967032992,0.0,1.0549450549451649,757.0,878.0,773.0
2024-10-17 19:59:05.532,1.3186813186812287,-0.5274725274725824,0.0,1.0549450549451649,757.0,878.0,772.0
2024-10-17 19:59:06.028,0.08791208791217286,-0.08791208791217286,0.0,1.0549450549451649,757.0,878.0,773.0
2024-10-17 19:59:06.564,-0.3516483516484641,0.8791208791208192,-0.08791208791194549,1.0549450549451649,757.0,878.0,773.0
2024-10-17 19:59:07.052,-0.7912087912088737,1.8461538461538112,-0.08791208791194549,1.0549450549451649,757.0,879.0,772.0
2024-10-17 19:59:07.564,-1.1428571428571104,2.901098901098976,-0.08791208791194549,1.0549450549451649,757.0,878.0,772.0
2024-10-17 19:59:08.076,-1.58241758241752,3.868131868131968,-0.08791208791194549,1.0549450549451649,757.0,879.0,772.0
2024-10-17 19:59:08.573,-1.934065934065984,4.835164835164733,0.0,1.0549450549451649,757.0,878.0,772.0
2024-10-17 19:59:09.084,-2.3736263736263936,5.890109890109898,0.0,0.967032967032992,757.0,878.0,772.0
2024-10-17 19:59:09.581,-2.7252747252748577,6.85714285714289,0.0,1.0549450549451649,757.0,878.0,773.0
2024-10-17 19:59:10.092,-3.1648351648352673,7.912087912087827,0.0,1.0549450549451649,757.0,878.0,772.0
2024-10-17 19:59:10.620,-3.4285714285715585,8.87912087912082,0.0,1.0549450549451649,757.0,878.0,773.0
2024-10-17 19:59:11.117,-3.9560439560439136,9.846153846153811,-875.6483516483515,1.0549450549451649,757.0,878.0,773.0
2024-10-17 19:59:11.613,-4.395604395604323,10.901098901098976,0.0,1.0549450549451649,757.0,879.0,772.0
2024-10-17 19:59:12.156,-4.747252747252787,11.868131868131968,0.0,0.967032967032992,757.0,878.0,773.0
2024-10-17 19:59:12.620,-5.186813186813197,12.835164835164733,-0.08791208791194549,1.0549450549451649,757.0,878.0,772.0
2024-10-17 19:59:13.132,-5.538461538461661,13.890109890109898,-0.08791208791194549,1.0549450549451649,757.0,879.0,772.0
2024-10-17 19:59:13.644,-5.9780219780220705,14.85714285714289,-0.08791208791194549,1.0549450549451649,758.0,878.0,772.0
2024-10-17 19:59:14.141,-6.329670329670307,15.912087912087827,-0.08791208791194549,1.0549450549451649,758.0,878.0,773.0
2024-10-17 19:59:14.652,-6.769230769230717,16.87912087912082,-0.08791208791194549,0.967032967032992,757.0,878.0,772.0
2024-10-17 19:59:15.181,-7.120879120879181,17.84615384615381,-875.6483516483515,0.967032967032992,758.0,878.0,772.0
2024-10-17 19:59:15.661,-7.56043956043959,18.813186813186803,0.0,1.0549450549451649,757.0,878.0,772.0
2024-10-17 19:59:16.173,-7.912087912087827,19.868131868131968,-0.08791208791194549,1.0549450549451649,758.0,879.0,772.0
2024-10-17 19:59:16.700,-8.351648351648464,20.835164835164733,-0.08791208791194549,1.0549450549451649,758.0,878.0,772.0
2024-10-17 19:59:17.181,-8.791208791208874,21.802197802197725,0.0,1.0549450549451649,758.0,878.0,772.0
2024-10-17 19:59:17.692,-9.14285714285711,22.85714285714289,-0.08791208791194549,1.0549450549451649,758.0,879.0,772.0
2024-10-17 19:59:18.205,-9.58241758241752,23.912087912087827,0.0,1.0549450549451649,758.0,879.0,772.0
2024-10-17 19:59:18.700,-9.934065934065984,24.87912087912082,-0.08791208791194549,0.967032967032992,758.0,879.0,772.0
2024-10-17 19:59:19.212,-10.373626373626394,25.84615384615381,0.0,1.0549450549451649,758.0,879.0,773.0
2024-10-17 19:59:19.725,-10.725274725274858,26.901098901098976,0.0,1.0549450549451649,758.0,879.0,772.0
2024-10-17 19:59:20.236,-11.164835164835267,27.868131868131968,0.0,1.0549450549451649,759.0,879.0,772.0
2024-10-17 19:59:20.733,-11.516483516483504,28.835164835164733,-0.08791208791194549,1.0549450549451649,759.0,879.0,772.0
2024-10-17 19:59:21.245,-11.956043956043914,29.890109890109898,0.0,1.0549450549451649,759.0,879.0,772.0
2024-10-17 19:59:21.757,-12.395604395604323,30.85714285714289,-0.08791208791194549,1.0549450549451649,759.0,879.0,772.0
2024-10-17 19:59:22.253,-12.747252747252787,31.912087912087827,0.0,1.0549450549451649,759.0,879.0,772.0
2024-10-17 19:59:22.764,-13.186813186813197,32.87912087912082,-0.08791208791194549,1.0549450549451649,759.0,880.0,772.0
2024-10-17 19:59:23.293,-13.538461538461661,33.84615384615381,0.0,1.0549450549451649,760.0,879.0,772.0
2024-10-17 19:59:23.773,-13.97802197802207,34.901098901098976,0.0,1.0549450549451649,760.0,880.0,772.0
2024-10-17 19:59:24.285,-14.329670329670307,35.86813186813197,0.0,1.0549450549451649,760.0,879.0,772.0
2024-10-17 19:59:24.830,-14.769230769230717,36.923076923076906,-0.08791208791194549,1.0549450549451649,760.0,880.0,772.0
2024-10-17 19:59:25.325,-15.12087912087918,37.802197802197725,0.0,1.0549450549451649,760.0,880.0,772.0
2024-10-17 19:59:25.805,-15.56043956043959,38.85714285714289,-0.08791208791194549,1.0549450549451649,761.0,880.0,772.0
2024-10-17 19:59:26.333,-15.912087912087827,39.91208791208783,0.0,1.0549450549451649,761.0,880.0,772.0
2024-10-17 19:59:26.829,-16.351648351648464,40.87912087912082,-0.08791208791194549,1.0549450549451649,761.0,880.0,772.0
2024-10-17 19:59:27.325,-16.791208791208874,41.84615384615381,-0.08791208791194549,1.0549450549451649,761.0,880.0,773.0
2024-10-17 19:59:27.885,-17.14285714285711,42.901098901098976,-0.08791208791194549,1.0549450549451649,761.0,880.0,772.0
2024-10-17 19:59:28.349,-17.58241758241752,43.86813186813197,-0.08791208791194549,1.0549450549451649,762.0,880.0,772.0
2024-10-17 19:59:28.846,-17.934065934065984,44.83516483516473,-0.08791208791194549,1.0549450549451649,761.0,881.0,772.0
2024-10-17 19:59:29.358,-18.373626373626394,45.8901098901099,-0.08791208791194549,1.0549450549451649,762.0,881.0,773.0
2024-10-17 19:59:29.869,-18.725274725274858,46.85714285714289,-0.08791208791194549,1.0549450549451649,763.0,881.0,773.0
2024-10-17 19:59:30.365,-19.164835164835267,47.91208791208783,0.0,1.0549450549451649,762.0,881.0,773.0
2024-10-17 19:59:30.894,-19.516483516483504,48.87912087912082,-0.08791208791194549,0.967032967032992,762.0,881.0,776.0
2024-10-17 19:59:31.390,-19.956043956043914,49.84615384615381,0.0,1.0549450549451649,763.0,881.0,777.0
2024-10-17 19:59:31.918,-20.395604395604323,50.98901098901092,-0.08791208791194549,1.0549450549451649,763.0,881.0,777.0
2024-10-17 19:59:32.397,-20.747252747252787,51.86813186813197,-0.08791208791194549,1.0549450549451649,763.0,882.0,778.0
2024-10-17 19:59:32.926,-21.186813186813197,52.83516483516473,-0.08791208791194549,1.0549450549451649,763.0,882.0,778.0
2024-10-17 19:59:33.422,-21.53846153846166,53.8901098901099,-0.08791208791194549,1.0549450549451649,764.0,882.0,778.0
2024-10-17 19:59:33.918,-21.97802197802207,54.85714285714289,0.0,1.0549450549451649,764.0,883.0,778.0
2024-10-17 19:59:34.445,-22.329670329670307,55.91208791208783,0.0,1.0549450549451649,764.0,883.0,778.0
2024-10-17 19:59:34.958,-22.769230769230717,56.791208791208874,0.0,1.0549450549451649,764.0,883.0,778.0
2024-10-17 19:59:35.454,-23.12087912087918,57.758241758241866,-0.08791208791194549,1.0549450549451649,765.0,883.0,778.0
2024-10-17 19:59:35.977,-23.56043956043959,58.901098901098976,0.0,1.0549450549451649,765.0,883.0,779.0
2024-10-17 19:59:36.462,-23.912087912087827,59.86813186813197,0.0,1.0549450549451649,765.0,884.0,779.0
2024-10-17 19:59:36.977,-24.351648351648464,60.74725274725279,0.0,1.0549450549451649,765.0,884.0,779.0
2024-10-17 19:59:37.470,-24.791208791208874,61.8901098901099,-0.08791208791194549,1.0549450549451649,766.0,884.0,779.0
2024-10-17 19:59:37.982,-25.14285714285711,62.85714285714289,0.0,1.0549450549451649,766.0,885.0,779.0
2024-10-17 19:59:38.478,-25.58241758241752,63.91208791208783,-0.08791208791194549,1.0549450549451649,766.0,885.0,780.0
2024-10-17 19:59:39.006,-25.934065934065984,64.79120879120887,-0.08791208791194549,1.0549450549451649,766.0,885.0,780.0
2024-10-17 19:59:39.502,-26.373626373626394,65.84615384615381,-0.08791208791194549,1.0549450549451649,767.0,886.0,780.0
2024-10-17 19:59:39.998,-26.725274725274858,66.8131868131868,-0.08791208791194549,1.0549450549451649,767.0,886.0,780.0
2024-10-17 19:59:40.526,-27.164835164835267,67.86813186813197,0.0,1.0549450549451649,767.0,886.0,780.0
2024-10-17 19:59:41.039,-27.516483516483504,68.83516483516473,-0.08791208791194549,1.0549450549451649,768.0,887.0,781.0
2024-10-17 19:59:41.566,-27.956043956043914,69.80219780219772,-0.08791208791194549,1.0549450549451649,768.0,887.0,781.0
2024-10-17 19:59:42.046,-28.395604395604323,70.76923076923072,-0.08791208791194549,1.0549450549451649,768.0,887.0,780.0
2024-10-17 19:59:42.574,-28.747252747252787,71.82417582417588,0.0,1.0549450549451649,768.0,887.0,781.0
2024-10-17 19:59:43.070,-29.186813186813197,72.79120879120887,-0.08791208791194549,1.0549450549451649,768.0,888.0,781.0
2024-10-17 19:59:43.551,-29.53846153846166,73.84615384615381,-0.08791208791194549,1.0549450549451649,769.0,888.0,781.0
2024-10-17 19:59:44.095,-29.97802197802207,74.8131868131868,-0.08791208791194549,1.0549450549451649,769.0,888.0,781.0
2024-10-17 19:59:44.575,-30.329670329670307,75.86813186813197,0.0,1.0549450549451649,769.0,889.0,781.0
2024-10-17 19:59:45.071,-30.769230769230717,76.74725274725279,0.0,1.0549450549451649,769.0,889.0,783.0
2024-10-17 19:59:45.599,-31.12087912087918,77.80219780219772,-0.08791208791194549,1.0549450549451649,770.0,890.0,782.0
2024-10-17 19:59:46.095,-31.56043956043959,78.76923076923072,0.0,1.0549450549451649,770.0,890.0,783.0
2024-10-17 19:59:46.607,-31.912087912087827,79.91208791208783,-0.08791208791194549,1.0549450549451649,771.0,890.0,783.0
2024-10-17 19:59:47.102,-32.351648351648464,80.87912087912082,0.0,1.0549450549451649,770.0,891.0,783.0
2024-10-17 19:59:47.647,-32.791208791208874,81.75824175824187,-0.08791208791194549,1.0549450549451649,771.0,891.0,783.0
2024-10-17 19:59:48.143,-33.14285714285711,82.8131868131868,0.0,1.0549450549451649,771.0,891.0,783.0
2024-10-17 19:59:48.639,-33.58241758241752,83.7802197802198,0.0,1.0549450549451649,772.0,892.0,783.0
2024-10-17 19:59:49.150,-33.934065934065984,84.83516483516473,0.0,1.0549450549451649,772.0,892.0,784.0
2024-10-17 19:59:49.679,-34.373626373626394,85.80219780219772,-0.08791208791194549,1.0549450549451649,773.0,893.0,784.0
2024-10-17 19:59:50.159,-34.72527472527486,86.76923076923072,0.0,1.0549450549451649,773.0,893.0,784.0
2024-10-17 19:59:50.671,-35.16483516483527,87.91208791208783,0.0,1.0549450549451649,773.0,894.0,784.0
2024-10-17 19:59:51.167,-35.60439560439568,88.79120879120887,-0.08791208791194549,1.0549450549451649,773.0,894.0,785.0
2024-10-17 19:59:51.663,-35.956043956043914,89.75824175824187,-0.08791208791194549,1.0549450549451649,774.0,894.0,785.0
2024-10-17 19:59:52.191,-36.39560439560432,90.8131868131868,0.0,1.0549450549451649,774.0,895.0,785.0
2024-10-17 19:59:52.703,-36.74725274725279,91.7802197802198,-0.08791208791194549,1.0549450549451649,774.0,895.0,785.0
2024-10-17 19:59:53.199,-37.1868131868132,92.83516483516473,0.0,1.0549450549451649,774.0,895.0,786.0
2024-10-17 19:59:53.694,-37.53846153846166,93.80219780219772,0.0,1.0549450549451649,775.0,896.0,786.0
2024-10-17 19:59:54.224,-37.97802197802207,94.85714285714289,-0.08791208791194549,1.0549450549451649,775.0,896.0,786.0
2024-10-17 19:59:54.745,-38.32967032967031,95.82417582417588,-0.08791208791194549,1.0549450549451649,775.0,896.0,786.0
2024-10-17 19:59:55.215,-38.76923076923072,96.79120879120887,0.0,1.0549450549451649,776.0,896.0,786.0
2024-10-17 19:59:55.727,-39.12087912087918,97.75824175824187,-0.08791208791194549,1.0549450549451649,776.0,896.0,786.0
2024-10-17 19:59:56.239,-39.56043956043959,98.8131868131868,-0.08791208791194549,1.0549450549451649,776.0,897.0,786.0
2024-10-17 19:59:56.735,-39.91208791208783,99.7802197802198,0.0,1.0549450549451649,776.0,898.0,786.0
2024-10-17 19:59:57.247,-40.351648351648464,100.74725274725279,0.0,1.0549450549451649,777.0,898.0,787.0
2024-10-17 19:59:57.775,-40.791208791208874,101.8901098901099,-0.08791208791194549,1.0549450549451649,777.0,898.0,787.0
2024-10-17 19:59:58.271,-41.14285714285711,102.76923076923072,0.0,1.0549450549451649,777.0,899.0,787.0
2024-10-17 19:59:58.767,-41.58241758241752,103.91208791208783,0.0,1.0549450549451649,777.0,898.0,786.0
2024-10-17 19:59:59.296,-41.934065934065984,104.79120879120887,0.0,1.0549450549451649,777.0,898.0,787.0
2024-10-17 19:59:59.775,-42.373626373626394,105.75824175824187,-0.08791208791194549,1.0549450549451649,778.0,899.0,787.0
2024-10-17 20:00:00.320,-42.72527472527486,106.8131868131868,0.0,1.0549450549451649,778.0,900.0,787.0
2024-10-17 20:00:00.816,-43.16483516483527,107.7802197802198,0.0,1.0549450549451649,778.0,900.0,787.0
2024-10-17 20:00:01.296,-43.516483516483504,108.83516483516473,-0.08791208791194549,1.0549450549451649,778.0,900.0,788.0
2024-10-17 20:00:01.807,-43.956043956043914,109.80219780219772,-0.08791208791194549,1.0549450549451649,779.0,901.0,788.0
2024-10-17 20:00:02.319,-44.39560439560432,110.76923076923072,0.0,1.0549450549451649,779.0,901.0,788.0
2024-10-17 20:00:02.815,-44.74725274725279,111.91208791208783,0.0,1.0549450549451649,779.0,901.0,789.0
2024-10-17 20:00:03.327,-45.1868131868132,112.79120879120887,0.0,1.0549450549451649,780.0,902.0,789.0
2024-10-17 20:00:03.839,-45.53846153846166,113.75824175824187,-0.08791208791194549,1.0549450549451649,779.0,903.0,789.0
2024-10-17 20:00:04.335,-45.97802197802207,114.8131868131868,-0.08791208791194549,1.0549450549451649,780.0,903.0,790.0
2024-10-17 20:00:04.880,-46.32967032967031,115.69230769230762,0.0,1.0549450549451649,781.0,903.0,790.0
2024-10-17 20:00:05.378,-46.76923076923072,116.74725274725279,0.0,1.0549450549451649,781.0,904.0,790.0
2024-10-17 20:00:05.871,-47.12087912087918,117.80219780219772,0.0,1.0549450549451649,781.0,904.0,790.0
2024-10-17 20:00:06.367,-47.56043956043959,118.76923076923072,0.0,1.0549450549451649,781.0,904.0,790.0
2024-10-17 20:00:06.880,-47.91208791208783,119.82417582417588,-0.08791208791194549,1.0549450549451649,781.0,905.0,790.0
2024-10-17 20:00:07.408,-48.351648351648464,120.79120879120887,-0.08791208791194549,1.0549450549451649,782.0,905.0,791.0
2024-10-17 20:00:07.888,-48.791208791208874,121.75824175824187,-0.08791208791194549,1.0549450549451649,782.0,906.0,791.0
2024-10-17 20:00:08.432,-49.14285714285711,122.8131868131868,-0.08791208791194549,1.0549450549451649,782.0,906.0,791.0
2024-10-17 20:00:08.917,-49.58241758241752,123.7802197802198,-0.08791208791194549,1.0549450549451649,783.0,907.0,791.0
2024-10-17 20:00:09.424,-49.934065934065984,124.74725274725279,-0.08791208791194549,1.0549450549451649,783.0,907.0,791.0
2024-10-17 20:00:09.936,-50.373626373626394,125.80219780219772,-0.08791208791194549,1.0549450549451649,783.0,908.0,791.0
2024-10-17 20:00:10.448,-50.72527472527486,126.76923076923072,0.0,1.0549450549451649,783.0,908.0,792.0
2024-10-17 20:00:10.928,-51.16483516483527,127.73626373626371,-0.08791208791194549,1.0549450549451649,783.0,909.0,792.0
2024-10-17 20:00:11.440,-51.516483516483504,128.79120879120887,0.0,1.0549450549451649,784.0,909.0,792.0
2024-10-17 20:00:11.962,-51.956043956043914,129.75824175824187,-0.08791208791194549,1.0549450549451649,784.0,910.0,792.0
2024-10-17 20:00:12.464,-52.39560439560432,130.8131868131868,0.0,1.0549450549451649,785.0,910.0,793.0
2024-10-17 20:00:12.961,-52.74725274725279,131.7802197802198,-0.08791208791194549,1.0549450549451649,785.0,911.0,793.0
2024-10-17 20:00:13.473,-53.1868131868132,132.7472527472528,0.0,1.0549450549451649,785.0,911.0,793.0
2024-10-17 20:00:13.969,-53.53846153846166,133.80219780219772,-0.08791208791194549,1.0549450549451649,785.0,912.0,794.0
2024-10-17 20:00:14.481,-53.97802197802207,134.68131868131877,-0.08791208791194549,1.0549450549451649,786.0,912.0,793.0
2024-10-17 20:00:14.993,-54.32967032967031,135.82417582417588,-0.08791208791194549,1.0549450549451649,786.0,913.0,794.0
2024-10-17 20:00:15.505,-54.76923076923072,136.79120879120887,0.0,1.0549450549451649,787.0,914.0,794.0
2024-10-17 20:00:16.000,-55.12087912087918,137.75824175824187,0.0,1.0549450549451649,787.0,914.0,794.0
2024-10-17 20:00:16.545,-55.56043956043959,138.72527472527463,-0.08791208791194549,1.0549450549451649,787.0,915.0,795.0
2024-10-17 20:00:17.041,-55.912087912088055,139.69230769230762,-0.08791208791194549,1.0549450549451649,787.0,915.0,795.0
2024-10-17 20:00:17.537,-56.351648351648464,140.7472527472528,-0.08791208791194549,1.0549450549451649,787.0,916.0,795.0
2024-10-17 20:00:18.033,-56.791208791208874,141.71428571428578,-0.08791208791194549,1.0549450549451649,788.0,916.0,795.0
2024-10-17 20:00:18.545,-57.14285714285711,142.76923076923072,0.0,1.0549450549451649,788.0,917.0,795.0
2024-10-17 20:00:19.041,-57.58241758241752,143.7362637362637,0.0,1.0549450549451649,788.0,917.0,795.0
2024-10-17 20:00:19.553,-57.934065934065984,144.79120879120887,-0.08791208791194549,1.0549450549451649,789.0,917.0,795.0
2024-10-17 20:00:20.097,-58.373626373626394,145.6703296703297,-0.08791208791194549,1.0549450549451649,789.0,918.0,795.0
2024-10-17 20:00:20.609,-58.72527472527486,146.72527472527463,0.0,1.0549450549451649,789.0,918.0,795.0
2024-10-17 20:00:21.073,-59.16483516483527,147.69230769230762,-0.08791208791194549,1.0549450549451649,789.0,919.0,796.0
2024-10-17 20:00:21.601,-59.516483516483504,148.65934065934061,-0.08791208791194549,1.0549450549451649,790.0,919.0,796.0
2024-10-17 20:00:22.113,-59.956043956043914,149.71428571428578,-0.08791208791194549,1.0549450549451649,790.0,920.0,796.0
2024-10-17 20:00:22.593,-59.60439560439568,148.9230769230769,-0.08791208791194549,1.0549450549451649,789.0,920.0,796.0
2024-10-17 20:00:23.121,-59.25274725274744,148.13186813186803,0.0,1.0549450549451649,789.0,919.0,796.0
2024-10-17 20:00:23.617,-58.901098901098976,147.0769230769231,-0.08791208791194549,1.0549450549451649,788.0,919.0,796.0
2024-10-17 20:00:24.113,-58.46153846153834,145.93406593406598,0.0,1.0549450549451649,788.0,918.0,795.0
2024-10-17 20:00:24.625,-58.197802197802275,144.967032967033,-0.08791208791194549,1.0549450549451649,788.0,918.0,795.0
2024-10-17 20:00:25.137,-57.67032967032969,144.0,0.0,1.0549450549451649,787.0,917.0,794.0
2024-10-17 20:00:25.665,-57.318681318681456,143.032967032967,-0.08791208791194549,1.0549450549451649,787.0,916.0,794.0
2024-10-17 20:00:26.145,-56.96703296703299,142.06593406593402,-0.08791208791194549,1.0549450549451649,786.0,915.0,793.0
2024-10-17 20:00:26.657,-56.43956043956041,141.01098901098908,-0.08791208791194549,1.0549450549451649,786.0,914.0,793.0
2024-10-17 20:00:27.169,-56.0,139.9560439560439,-0.08791208791194549,1.0549450549451649,785.0,914.0,792.0
2024-10-17 20:00:27.681,-55.648351648351536,139.0769230769231,-0.08791208791194549,1.0549450549451649,785.0,913.0,792.0
2024-10-17 20:00:28.194,-55.208791208791126,138.02197802197793,-0.08791208791194549,1.0549450549451649,784.0,912.0,792.0
2024-10-17 20:00:28.705,-54.94505494505506,137.05494505494516,-0.08791208791194549,1.0549450549451649,784.0,911.0,791.0
2024-10-17 20:00:29.202,-54.50549450549465,136.08791208791217,-0.08791208791194549,1.0549450549451649,783.0,910.0,791.0
2024-10-17 20:00:29.697,-54.06593406593424,135.032967032967,-0.08791208791194549,1.0549450549451649,783.0,909.0,790.0
2024-10-17 20:00:30.226,-53.626373626373606,134.06593406593402,-0.08791208791194549,0.967032967032992,783.0,909.0,790.0
2024-10-17 20:00:30.705,-53.27472527472514,133.01098901098908,-0.08791208791194549,1.0549450549451649,782.0,908.0,790.0
2024-10-17 20:00:31.218,-52.923076923076906,132.0439560439561,0.0,1.0549450549451649,782.0,907.0,789.0
2024-10-17 20:00:31.730,-52.57142857142867,131.0769230769231,0.0,1.0549450549451649,782.0,906.0,789.0
2024-10-17 20:00:32.225,-52.13186813186826,130.02197802197793,-0.08791208791194549,1.0549450549451649,781.0,905.0,789.0
2024-10-17 20:00:32.737,-51.60439560439568,129.05494505494516,-0.08791208791194549,1.0549450549451649,781.0,905.0,788.0
2024-10-17 20:00:33.249,-51.25274725274744,128.08791208791217,0.0,1.0549450549451649,780.0,905.0,788.0
2024-10-17 20:00:33.746,-50.8131868131868,127.03296703296701,-0.08791208791194549,1.0549450549451649,780.0,904.0,788.0
2024-10-17 20:00:34.258,-50.54945054945051,126.06593406593402,0.0,1.0549450549451649,780.0,904.0,788.0
2024-10-17 20:00:34.771,-50.1098901098901,125.01098901098908,-0.08791208791194549,1.0549450549451649,779.0,903.0,787.0
2024-10-17 20:00:35.282,-49.67032967032969,124.04395604395609,0.0,1.0549450549451649,779.0,903.0,787.0
2024-10-17 20:00:35.778,-49.23076923076928,123.0769230769231,0.0,1.0549450549451649,779.0,902.0,787.0
2024-10-17 20:00:36.290,-48.87912087912082,122.02197802197793,0.0,1.0549450549451649,779.0,901.0,787.0
2024-10-17 20:00:36.802,-48.43956043956041,121.05494505494516,0.0,1.0549450549451649,778.0,901.0,787.0
2024-10-17 20:00:37.314,-48.08791208791217,120.08791208791217,0.0,1.0549450549451649,778.0,900.0,786.0
2024-10-17 20:00:37.826,-47.73626373626371,119.03296703296701,0.0,1.0549450549451649,778.0,900.0,786.0
2024-10-17 20:00:38.339,-47.208791208791126,118.06593406593402,-0.08791208791194549,1.0549450549451649,778.0,900.0,786.0
2024-10-17 20:00:38.834,-46.94505494505506,117.01098901098908,0.0,1.0549450549451649,777.0,899.0,786.0
2024-10-17 20:00:39.330,-46.41758241758248,116.04395604395609,0.0,1.0549450549451649,776.0,898.0,786.0
2024-10-17 20:00:39.843,-46.065934065934016,115.0769230769231,0.0,1.0549450549451649,776.0,898.0,786.0
2024-10-17 20:00:40.354,-45.71428571428578,114.02197802197793,0.0,1.0549450549451649,776.0,898.0,785.0
2024-10-17 20:00:40.851,-45.362637362637315,113.05494505494516,-0.08791208791194549,1.0549450549451649,776.0,897.0,785.0
2024-10-17 20:00:41.363,-44.923076923076906,112.08791208791217,-0.08791208791194549,1.0549450549451649,775.0,896.0,785.0
2024-10-17 20:00:41.875,-44.57142857142867,111.03296703296701,-0.08791208791194549,1.0549450549451649,775.0,896.0,785.0
2024-10-17 20:00:42.403,-44.043956043956086,110.06593406593402,0.0,1.0549450549451649,774.0,896.0,786.0
2024-10-17 20:00:42.898,-43.69230769230762,109.01098901098908,-0.08791208791194549,1.0549450549451649,774.0,895.0,785.0
2024-10-17 20:00:43.394,-43.340659340659386,108.04395604395609,0.0,1.0549450549451649,774.0,895.0,785.0
2024-10-17 20:00:43.907,-42.901098901098976,107.0769230769231,-0.08791208791194549,1.0549450549451649,774.0,895.0,785.0
2024-10-17 20:00:44.434,-42.54945054945051,106.02197802197793,-0.08791208791194549,1.0549450549451649,773.0,895.0,785.0
2024-10-17 20:00:44.931,-42.1098901098901,105.05494505494516,-0.08791208791194549,1.0549450549451649,773.0,894.0,785.0
2024-10-17 20:00:45.410,-41.67032967032969,104.08791208791217,0.0,1.0549450549451649,773.0,894.0,785.0
2024-10-17 20:00:45.939,-41.23076923076928,103.03296703296701,-0.08791208791194549,1.0549450549451649,773.0,893.0,785.0
2024-10-17 20:00:46.435,-40.87912087912082,102.06593406593402,-0.08791208791194549,1.0549450549451649,773.0,893.0,785.0
2024-10-17 20:00:46.946,-40.52747252747258,101.01098901098908,0.0,1.0549450549451649,772.0,893.0,785.0
2024-10-17 20:00:47.459,-40.0,100.04395604395609,0.0,1.0549450549451649,772.0,892.0,785.0
2024-10-17 20:00:47.954,-39.64835164835176,99.0769230769231,0.0,1.0549450549451649,771.0,892.0,784.0
2024-10-17 20:00:48.451,-39.208791208791126,98.02197802197793,0.0,1.0549450549451649,771.0,892.0,784.0
2024-10-17 20:00:48.963,-38.85714285714289,97.05494505494516,-0.08791208791194549,1.0549450549451649,771.0,891.0,784.0
2024-10-17 20:00:49.483,-38.41758241758248,96.08791208791217,-0.08791208791194549,1.0549450549451649,771.0,891.0,784.0
2024-10-17 20:00:49.987,-38.15384615384619,95.03296703296701,0.0,1.0549450549451649,770.0,890.0,784.0
2024-10-17 20:00:50.499,-37.71428571428578,94.06593406593402,-0.08791208791194549,1.0549450549451649,770.0,890.0,784.0
2024-10-17 20:00:50.996,-37.362637362637315,93.01098901098908,-0.08791208791194549,1.0549450549451649,770.0,890.0,784.0
2024-10-17 20:00:51.506,-36.923076923076906,92.04395604395609,0.0,1.0549450549451649,769.0,890.0,784.0
2024-10-17 20:00:52.019,-36.483516483516496,91.0769230769231,0.0,1.0549450549451649,769.0,890.0,783.0
2024-10-17 20:00:52.514,-36.043956043956086,90.02197802197793,0.0,1.0549450549451649,768.0,889.0,784.0
2024-10-17 20:00:53.043,-35.60439560439568,89.05494505494516,-0.08791208791194549,1.0549450549451649,768.0,889.0,784.0
2024-10-17 20:00:53.539,-35.340659340659386,88.08791208791217,-0.08791208791194549,1.0549450549451649,768.0,889.0,784.0
2024-10-17 20:00:54.035,-34.901098901098976,87.03296703296701,0.0,1.0549450549451649,768.0,888.0,783.0
2024-10-17 20:00:54.563,-34.54945054945051,86.06593406593402,-0.08791208791194549,1.0549450549451649,768.0,888.0,783.0
2024-10-17 20:00:55.059,-34.02197802197816,85.01098901098908,-0.08791208791194549,1.0549450549451649,767.0,888.0,784.0
2024-10-17 20:00:55.571,-33.758241758241866,84.04395604395609,0.0,1.0549450549451649,767.0,887.0,784.0
2024-10-17 20:00:56.099,-33.23076923076928,83.0769230769231,-0.08791208791194549,1.0549450549451649,767.0,887.0,783.0
2024-10-17 20:00:56.579,-32.96703296703299,82.02197802197793,0.0,1.0549450549451649,767.0,886.0,783.0
2024-10-17 20:00:57.075,-32.52747252747258,81.05494505494516,0.0,1.0549450549451649,767.0,886.0,784.0
2024-10-17 20:00:57.603,-32.08791208791217,80.08791208791217,-0.08791208791194549,1.0549450549451649,766.0,886.0,783.0
2024-10-17 20:00:58.116,-31.73626373626371,79.03296703296701,0.0,1.0549450549451649,766.0,886.0,784.0
2024-10-17 20:00:58.596,-31.2967032967033,78.06593406593402,0.0,1.0549450549451649,766.0,886.0,784.0
2024-10-17 20:00:59.107,-30.945054945055062,77.01098901098908,-0.08791208791194549,1.0549450549451649,765.0,886.0,783.0
2024-10-17 20:00:59.619,-30.41758241758248,76.04395604395609,0.0,1.0549450549451649,765.0,885.0,783.0
2024-10-17 20:01:00.147,-30.065934065934016,75.0769230769231,0.0,1.0549450549451649,765.0,885.0,783.0
2024-10-17 20:01:00.644,-29.626373626373606,74.02197802197793,-0.08791208791194549,1.0549450549451649,765.0,885.0,783.0
2024-10-17 20:01:01.156,-29.362637362637315,73.05494505494516,0.0,1.0549450549451649,765.0,885.0,783.0
2024-10-17 20:01:01.636,-28.83516483516496,72.08791208791217,-0.08791208791194549,1.0549450549451649,764.0,885.0,783.0
2024-10-17 20:01:02.180,-28.483516483516496,72.0,-0.08791208791194549,1.0549450549451649,764.0,884.0,783.0
2024-10-17 20:01:02.676,-28.13186813186826,70.15384615384619,0.0,1.0549450549451649,764.0,884.0,783.0
2024-10-17 20:01:03.188,-27.692307692307622,69.01098901098908,-0.08791208791194549,1.0549450549451649,763.0,884.0,783.0
2024-10-17 20:01:03.667,-27.252747252747213,68.04395604395609,0.0,1.0549450549451649,763.0,884.0,783.0
2024-10-17 20:01:04.196,-26.813186813186803,67.0769230769231,-0.08791208791194549,1.0549450549451649,763.0,884.0,783.0
2024-10-17 20:01:04.676,-26.549450549450512,66.02197802197793,-0.08791208791194549,1.0549450549451649,763.0,884.0,783.0
2024-10-17 20:01:05.188,-26.021978021978157,65.05494505494516,-0.08791208791194549,0.967032967032992,762.0,883.0,783.0
2024-10-17 20:01:05.699,-25.670329670329693,64.08791208791217,0.0,1.0549450549451649,762.0,883.0,783.0
2024-10-17 20:01:06.212,-25.31868131868123,63.03296703296701,-0.08791208791194549,1.0549450549451649,762.0,883.0,784.0
2024-10-17 20:01:06.708,-24.87912087912082,62.065934065934016,0.0,0.967032967032992,762.0,883.0,784.0
2024-10-17 20:01:07.236,-24.43956043956041,61.01098901098908,-0.08791208791194549,1.0549450549451649,762.0,883.0,783.0
2024-10-17 20:01:07.732,-24.0,60.043956043956086,0.0,1.0549450549451649,761.0,883.0,784.0
2024-10-17 20:01:08.228,-23.648351648351763,59.076923076923094,0.0,1.0549450549451649,761.0,882.0,783.0
2024-10-17 20:01:08.739,-23.208791208791126,58.02197802197793,0.0,1.0549450549451649,761.0,882.0,784.0
2024-10-17 20:01:09.268,-22.945054945055062,57.054945054945165,-0.08791208791194549,0.967032967032992,761.0,882.0,784.0
2024-10-17 20:01:09.747,-22.41758241758248,-1582.10989010989,-0.08791208791194549,0.967032967032992,760.0,882.0,784.0
2024-10-17 20:01:10.261,-22.065934065934016,55.03296703296701,0.0,1.0549450549451649,760.0,882.0,784.0
2024-10-17 20:01:10.772,-21.626373626373606,54.065934065934016,0.0,1.0549450549451649,760.0,882.0,784.0
2024-10-17 20:01:11.269,-21.27472527472537,53.01098901098908,-0.08791208791194549,1.0549450549451649,760.0,881.0,784.0
2024-10-17 20:01:11.780,-20.83516483516496,52.043956043956086,0.0,1.0549450549451649,760.0,881.0,784.0
2024-10-17 20:01:12.311,-20.57142857142867,51.076923076923094,0.0,1.0549450549451649,759.0,881.0,784.0
2024-10-17 20:01:12.820,-20.043956043956086,50.02197802197793,0.0,0.967032967032992,759.0,881.0,784.0
2024-10-17 20:01:13.300,-19.692307692307622,49.054945054945165,0.0,1.0549450549451649,759.0,881.0,784.0
2024-10-17 20:01:13.812,-19.252747252747213,48.08791208791217,0.0,1.0549450549451649,759.0,881.0,784.0
2024-10-17 20:01:14.324,-18.813186813186803,47.03296703296701,-0.08791208791194549,1.0549450549451649,759.0,881.0,784.0
2024-10-17 20:01:14.836,-18.549450549450512,46.065934065934016,0.0,1.0549450549451649,758.0,881.0,784.0
2024-10-17 20:01:15.364,-18.109890109890102,44.923076923076906,0.0,1.0549450549451649,758.0,880.0,784.0
2024-10-17 20:01:15.877,-17.758241758241866,44.043956043956086,0.0,1.0549450549451649,758.0,880.0,784.0
2024-10-17 20:01:16.341,-17.230769230769283,43.076923076923094,-875.6483516483515,0.967032967032992,758.0,880.0,784.0
2024-10-17 20:01:16.885,-16.967032967032992,42.02197802197793,0.0,1.0549450549451649,758.0,880.0,784.0
2024-10-17 20:01:17.365,-16.527472527472582,41.054945054945165,0.0,1.0549450549451649,758.0,880.0,784.0
2024-10-17 20:01:17.861,-16.087912087912173,40.08791208791217,-0.08791208791194549,0.967032967032992,758.0,880.0,784.0
2024-10-17 20:01:18.372,-15.648351648351763,39.03296703296701,-0.08791208791194549,1.0549450549451649,758.0,880.0,784.0
2024-10-17 20:01:18.885,-15.2967032967033,38.065934065934016,0.0,0.967032967032992,757.0,880.0,784.0
2024-10-17 20:01:19.380,-14.945054945055062,37.01098901098908,0.0,1.0549450549451649,758.0,880.0,784.0
2024-10-17 20:01:19.909,-14.41758241758248,36.043956043956086,-0.08791208791194549,1.0549450549451649,757.0,880.0,784.0
2024-10-17 20:01:20.405,-14.065934065934016,35.076923076923094,-0.08791208791194549,0.967032967032992,757.0,880.0,784.0
2024-10-17 20:01:20.902,-13.71428571428578,34.02197802197793,0.0,1.0549450549451649,757.0,880.0,784.0
2024-10-17 20:01:21.414,-13.27472527472537,33.054945054945165,-0.08791208791194549,1.0549450549451649,757.0,879.0,784.0
2024-10-17 20:01:21.924,-12.923076923076906,32.08791208791217,0.0,1.0549450549451649,757.0,880.0,784.0
2024-10-17 20:01:22.437,-12.483516483516496,31.032967032967008,0.0,1.0549450549451649,757.0,880.0,785.0
2024-10-17 20:01:22.933,-12.043956043956086,30.065934065934016,0.0,1.0549450549451649,757.0,880.0,784.0
2024-10-17 20:01:23.445,-11.604395604395677,29.01098901098908,0.0,1.0549450549451649,757.0,879.0,784.0
2024-10-17 20:01:23.957,-11.252747252747213,28.043956043956086,-0.08791208791194549,0.967032967032992,757.0,880.0,784.0
2024-10-17 20:01:24.468,-10.813186813186803,27.076923076923094,0.0,1.0549450549451649,757.0,880.0,784.0
2024-10-17 20:01:24.965,-10.461538461538566,26.02197802197793,-0.08791208791194549,1.0549450549451649,757.0,880.0,784.0
2024-10-17 20:01:25.493,-10.021978021978157,25.054945054945165,-0.08791208791194549,0.967032967032992,757.0,880.0,784.0
2024-10-17 20:01:25.973,-9.758241758241866,24.087912087912173,0.0,0.967032967032992,757.0,880.0,784.0
2024-10-17 20:01:26.485,-9.318681318681229,23.032967032967008,-0.08791208791194549,1.0549450549451649,757.0,880.0,784.0
2024-10-17 20:01:26.997,-8.87912087912082,22.065934065934016,-0.08791208791194549,1.0549450549451649,757.0,880.0,784.0
2024-10-17 20:01:27.509,-8.43956043956041,21.01098901098908,0.0,0.967032967032992,757.0,880.0,784.0
2024-10-17 20:01:28.005,-8.0,20.043956043956086,0.0,1.0549450549451649,757.0,880.0,785.0
2024-10-17 20:01:28.517,-7.736263736263709,19.076923076923094,-0.08791208791194549,0.967032967032992,757.0,880.0,785.0
2024-10-17 20:01:29.013,-7.208791208791126,18.02197802197793,-0.08791208791194549,1.0549450549451649,756.0,880.0,785.0
2024-10-17 20:01:29.541,-6.85714285714289,17.054945054945165,-0.08791208791194549,0.967032967032992,757.0,880.0,784.0
2024-10-17 20:01:30.037,-6.41758241758248,16.087912087912173,-0.08791208791194549,1.0549450549451649,757.0,880.0,785.0
2024-10-17 20:01:30.566,-6.153846153846189,15.032967032967008,0.0,1.0549450549451649,757.0,879.0,785.0
2024-10-17 20:01:31.045,-5.714285714285779,14.065934065934016,-0.08791208791194549,1.0549450549451649,757.0,880.0,785.0
2024-10-17 20:01:31.557,-5.362637362637315,13.010989010989078,0.0,1.0549450549451649,757.0,880.0,784.0
2024-10-17 20:01:32.070,-4.923076923076906,12.043956043956086,0.0,0.967032967032992,757.0,880.0,785.0
2024-10-17 20:01:32.565,-4.483516483516496,11.076923076923094,-0.08791208791194549,1.0549450549451649,756.0,879.0,785.0
2024-10-17 20:01:33.078,-4.131868131868259,10.02197802197793,-0.08791208791194549,1.0549450549451649,757.0,880.0,785.0
2024-10-17 20:01:33.605,-3.604395604395677,9.054945054945165,0.0,0.967032967032992,757.0,880.0,785.0
2024-10-17 20:01:34.085,-3.3406593406593856,8.087912087912173,0.0,1.0549450549451649,757.0,880.0,785.0
2024-10-17 20:01:34.616,-2.901098901098976,7.032967032967008,-0.08791208791194549,1.0549450549451649,757.0,880.0,785.0
2024-10-17 20:01:35.141,-2.549450549450512,6.065934065934016,0.0,1.0549450549451649,757.0,880.0,785.0
2024-10-17 20:01:35.622,-2.1098901098901024,5.0109890109890785,-0.08791208791194549,1.0549450549451649,756.0,880.0,785.0
2024-10-17 20:01:36.134,-1.6703296703296928,4.043956043956086,0.0,1.0549450549451649,757.0,880.0,785.0
2024-10-17 20:01:36.646,-1.3186813186812287,3.0769230769230944,0.0,0.967032967032992,757.0,880.0,785.0
2024-10-17 20:01:37.174,-0.967032967032992,2.0219780219779295,-0.08791208791194549,1.0549450549451649,757.0,880.0,784.0
2024-10-17 20:01:37.653,-0.5274725274725824,1.0549450549451649,-0.08791208791194549,1.0549450549451649,757.0,880.0,785.0
