2024-10-16 20:59:45.559,-0.08791208791217286,0.0,0.0,-0.0,582.0,601.0,604.0
2024-10-16 20:59:45.862,-0.0,0.0,0.0,0.8791208791208192,582.0,601.0,604.0
2024-10-16 20:59:46.166,-0.0,0.0,0.0,1.8461538461538112,583.0,601.0,604.0
2024-10-16 20:59:46.470,-0.0,0.0,0.0,2.9010989010987487,583.0,601.0,604.0
2024-10-16 20:59:46.775,-0.0,-0.08791208791217286,0.0,3.8681318681317407,583.0,601.0,604.0
2024-10-16 20:59:47.079,-0.0,0.0,0.0,4.835164835164733,583.0,601.0,604.0
2024-10-16 20:59:47.383,-0.0,0.0,0.0,5.890109890109898,583.0,601.0,604.0
2024-10-16 20:59:47.687,-0.0,0.0,0.0,6.857142857142662,583.0,601.0,605.0
2024-10-16 20:59:47.991,-0.0,0.0,0.0,7.912087912087827,584.0,601.0,605.0
2024-10-16 20:59:48.295,-0.0,0.0,0.0,8.87912087912082,584.0,601.0,605.0
2024-10-16 20:59:48.599,-0.0,0.0,0.0,9.846153846153811,584.0,601.0,605.0
2024-10-16 20:59:48.903,-0.0,0.0,0.0,10.901098901098749,585.0,602.0,606.0
2024-10-16 20:59:49.207,-0.0,0.0,0.0,11.86813186813174,585.0,602.0,606.0
2024-10-16 20:59:49.511,-0.0,0.0,0.0,12.835164835164733,586.0,602.0,606.0
2024-10-16 20:59:49.815,-0.08791208791217286,0.0,0.0,13.890109890109898,586.0,603.0,606.0
2024-10-16 20:59:50.119,-0.0,0.0,0.0,14.857142857142662,586.0,602.0,607.0
2024-10-16 20:59:50.423,-0.0,0.0,0.0,15.824175824175654,586.0,602.0,607.0
2024-10-16 20:59:50.743,-0.0,0.0,0.0,16.87912087912082,587.0,603.0,608.0
2024-10-16 20:59:51.032,-0.08791208791217286,0.0,0.0,17.75824175824164,587.0,603.0,608.0
2024-10-16 20:59:51.335,-0.0,0.0,0.0,18.90109890109875,588.0,603.0,608.0
2024-10-16 20:59:51.639,-0.0,0.0,0.0,19.86813186813174,588.0,603.0,608.0
2024-10-16 20:59:51.943,-0.0,0.0,0.0,20.835164835164733,588.0,603.0,608.0
2024-10-16 20:59:52.247,-0.0,0.0,0.0,21.890109890109898,589.0,604.0,609.0
2024-10-16 20:59:52.551,-0.0,0.0,0.0,22.857142857142662,589.0,604.0,609.0
2024-10-16 20:59:52.856,-0.0,0.08791208791171812,0.0,23.824175824175654,589.0,604.0,609.0
2024-10-16 20:59:53.159,-0.0,0.0,0.0,24.791208791208646,589.0,604.0,610.0
2024-10-16 20:59:53.463,-0.0,0.0,0.0,25.75824175824164,590.0,604.0,610.0
2024-10-16 20:59:53.768,-0.0,0.08791208791171812,0.0,26.813186813186803,590.0,604.0,611.0
2024-10-16 20:59:54.072,-0.0,0.0,0.0,27.780219780219795,590.0,604.0,611.0
2024-10-16 20:59:54.376,-0.0,0.0,0.0,28.835164835164733,591.0,604.0,611.0
2024-10-16 20:59:54.680,-0.08791208791217286,0.0,0.0,29.890109890109898,591.0,605.0,612.0
2024-10-16 20:59:54.984,-0.0,0.08791208791171812,0.0,30.857142857142662,590.0,604.0,611.0
2024-10-16 20:59:55.288,-0.08791208791217286,0.0,0.0,31.912087912087827,591.0,604.0,612.0
2024-10-16 20:59:55.592,-0.0,0.08791208791171812,0.0,32.791208791208646,591.0,604.0,612.0
2024-10-16 20:59:55.896,-0.0,0.0,0.0,33.84615384615381,591.0,604.0,612.0
2024-10-16 20:59:56.216,-0.0,0.0,0.0,34.8131868131868,592.0,604.0,613.0
2024-10-16 20:59:56.504,-0.0,0.08791208791171812,0.0,35.86813186813174,592.0,605.0,613.0
2024-10-16 20:59:56.808,-0.0,0.0,0.0,36.74725274725256,592.0,604.0,613.0
2024-10-16 20:59:57.112,-0.0,0.08791208791171812,0.0,37.8901098901099,592.0,604.0,613.0
2024-10-16 20:59:57.416,-0.0,0.0,0.0,38.85714285714266,592.0,605.0,614.0
2024-10-16 20:59:57.720,-0.0,0.08791208791171812,0.0,39.91208791208783,593.0,604.0,613.0
2024-10-16 20:59:58.024,-0.0,0.0,0.0,40.791208791208646,592.0,604.0,614.0
2024-10-16 20:59:58.328,-0.0,0.0,0.0,41.75824175824164,593.0,604.0,614.0
2024-10-16 20:59:58.632,-0.0,0.0,0.0,42.90109890109875,593.0,604.0,614.0
2024-10-16 20:59:58.937,-0.0,0.08791208791171812,0.0,43.86813186813174,593.0,604.0,615.0
2024-10-16 20:59:59.240,-0.0,0.0,0.0,44.83516483516473,593.0,604.0,615.0
2024-10-16 20:59:59.544,-0.0,0.0,0.0,45.8901098901099,594.0,604.0,615.0
2024-10-16 20:59:59.864,-0.0,0.0,0.0,46.85714285714266,594.0,604.0,615.0
2024-10-16 21:00:00.169,-0.0,0.0,0.0,47.91208791208783,594.0,605.0,616.0
2024-10-16 21:00:00.472,-0.0,0.0,0.0,48.87912087912082,595.0,604.0,616.0
2024-10-16 21:00:00.760,-0.0,0.0,0.0,49.84615384615381,595.0,605.0,616.0
2024-10-16 21:00:01.064,-0.0,0.08791208791171812,0.0,50.8131868131868,595.0,605.0,616.0
2024-10-16 21:00:01.385,-0.0,0.0,0.0,51.780219780219795,595.0,605.0,617.0
2024-10-16 21:00:01.688,-0.0,0.08791208791171812,0.0,52.83516483516473,596.0,605.0,617.0
2024-10-16 21:00:01.992,-0.0,0.08791208791171812,0.0,53.8901098901099,596.0,605.0,618.0
2024-10-16 21:00:02.296,-0.08791208791217286,0.0,0.0,54.85714285714266,596.0,605.0,618.0
2024-10-16 21:00:02.600,-0.0,0.08791208791171812,0.0,55.824175824175654,596.0,606.0,618.0
2024-10-16 21:00:02.904,-0.08791208791217286,0.08791208791171812,0.0,56.791208791208646,597.0,605.0,619.0
2024-10-16 21:00:03.193,-0.0,0.0,0.0,57.84615384615381,597.0,605.0,619.0
2024-10-16 21:00:03.512,-0.0,0.08791208791171812,0.0,58.8131868131868,597.0,605.0,619.0
2024-10-16 21:00:03.817,-0.0,0.0,0.0,59.780219780219795,598.0,605.0,620.0
2024-10-16 21:00:04.121,-0.0,0.0,0.0,60.83516483516473,598.0,606.0,620.0
2024-10-16 21:00:04.425,-0.0,0.08791208791171812,0.0,61.802197802197725,598.0,606.0,621.0
2024-10-16 21:00:04.729,-0.0,0.0,0.0,62.76923076923072,598.0,605.0,621.0
2024-10-16 21:00:05.033,-0.0,0.08791208791171812,0.0,63.824175824175654,599.0,606.0,621.0
2024-10-16 21:00:05.337,-0.0,0.08791208791171812,0.0,64.79120879120865,599.0,606.0,621.0
2024-10-16 21:00:05.641,-0.0,0.08791208791171812,0.0,65.75824175824164,600.0,606.0,621.0
2024-10-16 21:00:05.945,-0.0,0.0,0.0,66.8131868131868,600.0,606.0,622.0
2024-10-16 21:00:06.249,-0.0,0.08791208791171812,0.0,67.86813186813174,600.0,606.0,622.0
2024-10-16 21:00:06.553,-0.08791208791217286,0.0,0.0,68.83516483516473,600.0,606.0,622.0
2024-10-16 21:00:06.857,-0.0,0.0,0.0,69.80219780219772,601.0,606.0,623.0
2024-10-16 21:00:07.161,-0.0,0.08791208791171812,0.0,70.76923076923072,601.0,607.0,623.0
2024-10-16 21:00:07.465,-0.0,0.08791208791171812,0.0,71.82417582417565,601.0,607.0,623.0
2024-10-16 21:00:07.769,-0.0,0.08791208791171812,0.0,72.79120879120865,601.0,607.0,624.0
2024-10-16 21:00:08.073,-0.0,0.08791208791171812,0.0,73.75824175824164,602.0,607.0,624.0
2024-10-16 21:00:08.377,-0.0,0.08791208791171812,0.0,74.8131868131868,602.0,607.0,624.0
2024-10-16 21:00:08.681,-0.0,0.0,0.0,75.86813186813174,602.0,607.0,625.0
2024-10-16 21:00:08.985,-0.08791208791217286,0.0,0.0,76.74725274725256,603.0,607.0,625.0
2024-10-16 21:00:09.289,-0.0,0.0,0.0,77.80219780219772,603.0,607.0,626.0
2024-10-16 21:00:09.593,-0.0,0.0,0.0,78.76923076923072,603.0,607.0,626.0
2024-10-16 21:00:09.898,-0.0,0.0,0.0,79.91208791208783,603.0,607.0,626.0
2024-10-16 21:00:10.201,-0.0,0.08791208791171812,0.0,80.87912087912082,604.0,607.0,627.0
2024-10-16 21:00:10.505,-0.0,0.0,0.0,81.75824175824164,604.0,607.0,627.0
2024-10-16 21:00:10.809,-0.0,0.08791208791171812,0.0,82.8131868131868,604.0,607.0,627.0
2024-10-16 21:00:11.114,-0.0,0.08791208791171812,0.0,83.86813186813174,604.0,608.0,627.0
2024-10-16 21:00:11.418,-0.0,0.0,0.0,84.74725274725256,605.0,608.0,628.0
2024-10-16 21:00:11.722,-0.0,0.0,0.0,85.80219780219772,605.0,608.0,628.0
2024-10-16 21:00:12.025,-0.0,0.0,0.0,86.76923076923072,605.0,608.0,628.0
2024-10-16 21:00:12.329,-0.0,0.08791208791171812,0.0,87.82417582417565,605.0,608.0,628.0
2024-10-16 21:00:12.634,-0.0,0.0,0.0,88.79120879120865,605.0,608.0,628.0
2024-10-16 21:00:12.938,-0.0,0.0,0.0,89.75824175824164,605.0,608.0,628.0
2024-10-16 21:00:13.242,-0.0,0.0,0.0,90.8131868131868,605.0,608.0,629.0
2024-10-16 21:00:13.546,-0.0,0.0,0.0,91.7802197802198,606.0,608.0,629.0
2024-10-16 21:00:13.850,-0.0,0.08791208791171812,0.0,92.74725274725256,605.0,608.0,630.0
2024-10-16 21:00:14.155,-0.0,0.0,0.0,93.80219780219772,606.0,608.0,630.0
2024-10-16 21:00:14.458,-0.0,0.08791208791171812,0.0,94.76923076923072,606.0,608.0,630.0
2024-10-16 21:00:14.762,-0.0,0.08791208791171812,0.0,95.82417582417565,606.0,608.0,630.0
2024-10-16 21:00:15.067,-0.0,0.0,-0.08791208791205918,96.79120879120865,606.0,608.0,630.0
2024-10-16 21:00:15.371,-0.0,0.0,-0.08791208791205918,97.75824175824164,606.0,608.0,631.0
2024-10-16 21:00:15.675,-0.0,0.0,-0.08791208791205918,98.8131868131868,607.0,609.0,631.0
2024-10-16 21:00:15.978,-0.0,0.0,-0.17582417582411836,99.7802197802198,607.0,609.0,631.0
2024-10-16 21:00:16.283,-0.08791208791217286,0.08791208791171812,-0.08791208791205918,100.74725274725256,607.0,609.0,631.0
2024-10-16 21:00:16.587,-0.08791208791217286,0.0,-0.17582417582411836,101.80219780219772,607.0,609.0,631.0
2024-10-16 21:00:16.890,-0.0,0.08791208791171812,-0.17582417582411836,102.76923076923072,607.0,609.0,631.0
2024-10-16 21:00:17.195,-0.08791208791217286,0.0,-0.17582417582411836,103.82417582417565,607.0,609.0,631.0
2024-10-16 21:00:17.499,-0.0,0.0,-0.17582417582411836,104.7032967032967,607.0,609.0,632.0
2024-10-16 21:00:17.804,-0.0,0.08791208791171812,-0.17582417582411836,105.75824175824164,608.0,609.0,632.0
2024-10-16 21:00:18.106,-0.0,0.0,-0.17582417582411836,106.8131868131868,607.0,610.0,632.0
2024-10-16 21:00:18.426,-0.0,0.0,-0.17582417582411836,107.7802197802198,608.0,610.0,632.0
2024-10-16 21:00:18.715,-0.0,0.0,-0.17582417582411836,108.65934065934061,608.0,610.0,632.0
2024-10-16 21:00:19.019,-0.0,0.0,-0.17582417582411836,109.80219780219772,608.0,610.0,633.0
2024-10-16 21:00:19.322,-0.0,0.0,-0.17582417582411836,110.76923076923072,608.0,610.0,633.0
2024-10-16 21:00:19.627,-0.0,0.0,-0.17582417582411836,111.73626373626371,608.0,610.0,633.0
2024-10-16 21:00:19.931,-0.0,0.0,-0.17582417582411836,112.79120879120865,608.0,610.0,633.0
2024-10-16 21:00:20.235,-0.0,0.08791208791171812,-0.17582417582411836,113.75824175824164,608.0,610.0,633.0
2024-10-16 21:00:20.539,-0.0,0.0,-0.17582417582411836,114.8131868131868,608.0,610.0,634.0
2024-10-16 21:00:20.843,-0.0,0.0,-0.2637362637362912,115.7802197802198,608.0,611.0,634.0
2024-10-16 21:00:21.147,-0.0,0.08791208791171812,-0.2637362637362912,116.74725274725256,608.0,611.0,634.0
2024-10-16 21:00:21.451,-0.0,0.08791208791171812,-0.17582417582411836,117.80219780219772,608.0,611.0,634.0
2024-10-16 21:00:21.771,-0.08791208791217286,0.08791208791171812,-0.17582417582411836,118.76923076923072,608.0,611.0,634.0
2024-10-16 21:00:22.059,-0.0,0.08791208791171812,-0.17582417582411836,119.82417582417565,608.0,611.0,634.0
2024-10-16 21:00:22.363,-0.08791208791217286,0.0,-0.2637362637362912,120.7032967032967,608.0,611.0,635.0
2024-10-16 21:00:22.667,-0.0,0.0,-0.2637362637362912,121.75824175824164,608.0,612.0,634.0
2024-10-16 21:00:22.972,-0.0,0.0,-0.2637362637362912,122.8131868131868,608.0,612.0,634.0
2024-10-16 21:00:23.291,-0.0,0.08791208791171812,-0.2637362637362912,123.69230769230762,608.0,612.0,634.0
2024-10-16 21:00:23.579,-0.0,0.0,-0.17582417582411836,124.74725274725256,608.0,612.0,634.0
2024-10-16 21:00:23.884,-0.08791208791217286,0.0,-0.2637362637362912,125.71428571428555,608.0,612.0,635.0
2024-10-16 21:00:24.204,-0.0,0.08791208791171812,-0.2637362637362912,126.76923076923072,608.0,612.0,635.0
2024-10-16 21:00:24.491,-0.0,0.0,-0.2637362637362912,127.82417582417565,608.0,612.0,635.0
2024-10-16 21:00:24.796,-0.0,0.08791208791171812,-0.2637362637362912,128.61538461538453,608.0,612.0,635.0
2024-10-16 21:00:25.100,-0.0,0.0,-0.2637362637362912,129.67032967032947,607.0,612.0,635.0
2024-10-16 21:00:25.420,-0.0,0.0,-0.2637362637362912,130.8131868131868,607.0,613.0,635.0
2024-10-16 21:00:25.724,-0.0,0.0,-0.2637362637362912,131.7802197802198,607.0,613.0,635.0
2024-10-16 21:00:26.012,-0.0,0.08791208791171812,-0.2637362637362912,132.65934065934061,607.0,613.0,634.0
2024-10-16 21:00:26.331,-0.0,0.0,-0.2637362637362912,133.80219780219772,607.0,613.0,634.0
2024-10-16 21:00:26.635,-0.0,0.0,-0.2637362637362912,134.76923076923072,607.0,614.0,634.0
2024-10-16 21:00:26.940,-0.0,0.08791208791171812,-0.2637362637362912,135.7362637362637,606.0,614.0,634.0
2024-10-16 21:00:27.228,-0.0,0.08791208791171812,-0.2637362637362912,136.79120879120865,606.0,614.0,634.0
2024-10-16 21:00:27.548,-0.0,0.0,-0.2637362637362912,137.75824175824164,606.0,614.0,634.0
2024-10-16 21:00:27.852,-0.0,0.08791208791171812,-0.2637362637362912,138.8131868131868,606.0,614.0,634.0
2024-10-16 21:00:28.156,-0.0,0.08791208791171812,-0.3516483516483504,139.7802197802198,605.0,614.0,633.0
2024-10-16 21:00:28.444,-0.08791208791217286,0.0,-0.2637362637362912,140.74725274725256,605.0,614.0,633.0
2024-10-16 21:00:28.764,-0.0,0.0,-0.2637362637362912,141.80219780219772,605.0,614.0,633.0
2024-10-16 21:00:29.069,-0.0,0.08791208791171812,-0.2637362637362912,142.68131868131854,605.0,615.0,633.0
2024-10-16 21:00:29.372,-0.0,0.08791208791171812,-0.2637362637362912,143.82417582417565,604.0,615.0,632.0
2024-10-16 21:00:29.676,-0.0,0.08791208791171812,-0.2637362637362912,144.79120879120865,605.0,615.0,632.0
2024-10-16 21:00:29.981,-0.0,0.0,-0.2637362637362912,145.67032967032947,604.0,615.0,632.0
2024-10-16 21:00:30.285,-0.08791208791217286,0.0,-0.2637362637362912,146.72527472527463,604.0,615.0,632.0
2024-10-16 21:00:30.588,-0.0,0.08791208791171812,-0.2637362637362912,147.7802197802198,604.0,615.0,632.0
2024-10-16 21:00:30.892,-0.0,0.0,-0.2637362637362912,148.65934065934061,604.0,615.0,631.0
2024-10-16 21:00:31.196,-0.0,0.0,-0.2637362637362912,149.6263736263736,603.0,615.0,631.0
2024-10-16 21:00:31.500,-0.0,0.08791208791171812,-0.2637362637362912,148.83516483516473,603.0,615.0,631.0
2024-10-16 21:00:31.804,-0.0,0.08791208791171812,-0.2637362637362912,147.7802197802198,603.0,615.0,631.0
2024-10-16 21:00:32.108,-0.0,0.0,-0.2637362637362912,146.8131868131868,604.0,615.0,631.0
2024-10-16 21:00:32.412,-0.0,0.0,-0.2637362637362912,145.8461538461538,604.0,615.0,631.0
2024-10-16 21:00:32.716,-0.0,0.0,-0.2637362637362912,144.87912087912082,604.0,615.0,631.0
2024-10-16 21:00:33.020,-0.0,0.0,-0.2637362637362912,143.91208791208783,604.0,614.0,631.0
2024-10-16 21:00:33.324,-0.0,0.0,-0.2637362637362912,142.85714285714266,605.0,614.0,631.0
2024-10-16 21:00:33.628,-0.0,0.08791208791171812,-0.2637362637362912,141.8901098901099,605.0,614.0,631.0
2024-10-16 21:00:33.933,-0.0,0.08791208791171812,-0.2637362637362912,140.83516483516473,604.0,614.0,631.0
2024-10-16 21:00:34.236,-0.0,0.0,-0.3516483516483504,139.86813186813174,605.0,614.0,632.0
2024-10-16 21:00:34.541,-0.0,0.0,-0.2637362637362912,138.90109890109875,605.0,613.0,632.0
2024-10-16 21:00:34.845,-0.0,0.0,-0.2637362637362912,137.8461538461538,605.0,613.0,632.0
2024-10-16 21:00:35.149,-0.0,0.0,-0.2637362637362912,136.87912087912082,606.0,613.0,632.0
2024-10-16 21:00:35.453,-0.0,0.08791208791171812,-0.2637362637362912,136.0,605.0,613.0,632.0
2024-10-16 21:00:35.757,-0.0,0.0,-0.3516483516483504,134.85714285714266,606.0,612.0,632.0
2024-10-16 21:00:36.060,-0.0,0.08791208791171812,-0.2637362637362912,133.97802197802184,606.0,612.0,632.0
2024-10-16 21:00:36.365,-0.0,0.0,-0.2637362637362912,132.9230769230769,606.0,612.0,632.0
2024-10-16 21:00:36.669,-0.0,0.0,-0.2637362637362912,131.86813186813174,606.0,612.0,631.0
2024-10-16 21:00:36.973,-0.0,0.08791208791171812,-0.3516483516483504,130.90109890109875,606.0,612.0,631.0
2024-10-16 21:00:37.277,-0.0,0.08791208791171812,-0.2637362637362912,129.8461538461538,606.0,611.0,631.0
2024-10-16 21:00:37.581,-0.0,0.08791208791171812,-0.3516483516483504,128.96703296703276,606.0,611.0,631.0
2024-10-16 21:00:37.885,-0.0,0.0,-0.3516483516483504,128.0,606.0,611.0,631.0
2024-10-16 21:00:38.189,-0.0,0.0,-0.2637362637362912,126.94505494505484,606.0,611.0,631.0
2024-10-16 21:00:38.493,-0.0,0.0,-0.3516483516483504,125.97802197802184,606.0,611.0,631.0
2024-10-16 21:00:38.798,-0.0,0.0,-0.2637362637362912,124.9230769230769,605.0,610.0,631.0
2024-10-16 21:00:39.101,-0.0,0.08791208791171812,-0.3516483516483504,123.95604395604391,606.0,610.0,630.0
2024-10-16 21:00:39.406,-0.0,0.08791208791171812,-0.2637362637362912,122.98901098901092,606.0,610.0,630.0
2024-10-16 21:00:39.710,-0.08791208791217286,0.0,-0.2637362637362912,121.93406593406576,606.0,610.0,630.0
2024-10-16 21:00:40.014,-0.0,0.0,-0.2637362637362912,121.05494505494494,605.0,609.0,629.0
2024-10-16 21:00:40.317,-0.0,0.0,-0.3516483516483504,120.0,605.0,609.0,629.0
2024-10-16 21:00:40.621,-0.0,0.08791208791171812,-0.2637362637362912,118.94505494505484,605.0,609.0,629.0
2024-10-16 21:00:40.925,-0.0,0.08791208791171812,-0.2637362637362912,117.97802197802184,605.0,608.0,628.0
2024-10-16 21:00:41.230,-0.0,0.0,-0.2637362637362912,116.9230769230769,605.0,608.0,628.0
2024-10-16 21:00:41.534,-0.0,0.0,-0.2637362637362912,115.95604395604391,605.0,608.0,628.0
2024-10-16 21:00:41.837,-0.0,0.0,-0.2637362637362912,114.98901098901092,604.0,608.0,628.0
2024-10-16 21:00:42.142,-0.0,0.0,-0.2637362637362912,113.93406593406576,604.0,607.0,627.0
2024-10-16 21:00:42.446,-0.0,0.0,-0.2637362637362912,112.96703296703276,604.0,607.0,626.0
2024-10-16 21:00:42.750,-0.0,0.0,-0.2637362637362912,112.0,604.0,607.0,626.0
2024-10-16 21:00:43.053,-0.0,0.08791208791171812,-0.2637362637362912,110.94505494505484,604.0,606.0,626.0
2024-10-16 21:00:43.358,-0.0,0.0,-0.2637362637362912,109.97802197802184,604.0,606.0,626.0
2024-10-16 21:00:43.662,-0.0,0.0,-0.2637362637362912,108.9230769230769,603.0,606.0,625.0
2024-10-16 21:00:43.966,-0.0,0.08791208791171812,-0.2637362637362912,107.95604395604391,603.0,606.0,625.0
2024-10-16 21:00:44.270,-0.0,0.08791208791171812,-0.2637362637362912,106.98901098901092,603.0,605.0,625.0
2024-10-16 21:00:44.574,-0.0,0.0,-0.2637362637362912,106.02197802197793,603.0,606.0,625.0
2024-10-16 21:00:44.879,-0.0,0.0,-0.2637362637362912,105.05494505494494,603.0,605.0,624.0
2024-10-16 21:00:45.182,-0.0,0.0,-0.2637362637362912,104.08791208791195,603.0,605.0,624.0
2024-10-16 21:00:45.486,-0.0,0.0,-0.2637362637362912,102.94505494505484,602.0,605.0,623.0
2024-10-16 21:00:45.791,-0.0,0.08791208791171812,-0.3516483516483504,101.97802197802184,602.0,605.0,623.0
2024-10-16 21:00:46.094,-0.0,0.0,-0.2637362637362912,100.9230769230769,602.0,605.0,623.0
2024-10-16 21:00:46.399,-0.0,0.08791208791171812,-0.3516483516483504,99.95604395604391,602.0,604.0,623.0
2024-10-16 21:00:46.702,-0.0,0.0,-0.2637362637362912,98.98901098901092,601.0,604.0,622.0
2024-10-16 21:00:47.006,-0.0,0.0,-0.2637362637362912,97.93406593406576,601.0,604.0,622.0
2024-10-16 21:00:47.310,-0.0,0.08791208791171812,-0.2637362637362912,97.05494505494494,601.0,604.0,622.0
2024-10-16 21:00:47.615,-0.0,0.0,-0.3516483516483504,96.0,601.0,604.0,622.0
2024-10-16 21:00:47.919,-0.0,0.0,-0.2637362637362912,94.94505494505484,601.0,604.0,621.0
2024-10-16 21:00:48.238,-0.0,0.0,-0.3516483516483504,94.06593406593402,600.0,604.0,621.0
2024-10-16 21:00:48.546,-0.0,0.0,-0.2637362637362912,92.9230769230769,600.0,603.0,621.0
2024-10-16 21:00:48.830,-0.0,0.08791208791171812,-0.2637362637362912,92.04395604395586,600.0,603.0,620.0
2024-10-16 21:00:49.135,-0.08791208791217286,0.0,-0.2637362637362912,90.98901098901092,600.0,603.0,620.0
2024-10-16 21:00:49.439,-0.0,0.0,-0.2637362637362912,90.02197802197793,599.0,603.0,619.0
2024-10-16 21:00:49.743,-0.0,0.0,-0.3516483516483504,89.05494505494494,599.0,603.0,619.0
2024-10-16 21:00:50.047,-0.0,0.08791208791171812,-0.2637362637362912,88.08791208791195,599.0,602.0,619.0
2024-10-16 21:00:50.367,-0.0,0.0,-0.2637362637362912,87.03296703296701,598.0,602.0,618.0
2024-10-16 21:00:50.671,-0.08791208791217286,0.08791208791171812,-0.2637362637362912,85.97802197802184,598.0,602.0,618.0
2024-10-16 21:00:50.959,-0.0,0.0,-0.3516483516483504,85.01098901098885,598.0,602.0,618.0
2024-10-16 21:00:51.263,-0.0,0.0,-0.2637362637362912,84.04395604395586,597.0,602.0,617.0
2024-10-16 21:00:51.583,-0.0,0.0,-0.2637362637362912,83.16483516483504,597.0,602.0,617.0
2024-10-16 21:00:51.872,-0.0,0.0,-0.3516483516483504,81.93406593406576,597.0,601.0,617.0
2024-10-16 21:00:52.191,-0.0,0.0,-0.2637362637362912,81.05494505494494,596.0,601.0,616.0
2024-10-16 21:00:52.479,-0.0,0.0,-0.2637362637362912,80.08791208791195,596.0,601.0,616.0
2024-10-16 21:00:52.799,-0.0,0.0,-0.2637362637362912,78.94505494505484,596.0,600.0,615.0
2024-10-16 21:00:53.104,-0.0,0.0,-0.2637362637362912,78.06593406593402,596.0,600.0,615.0
2024-10-16 21:00:53.392,-0.0,0.08791208791171812,-0.3516483516483504,77.01098901098885,595.0,600.0,615.0
2024-10-16 21:00:53.712,-0.0,0.08791208791171812,-0.2637362637362912,76.04395604395586,594.0,600.0,614.0
2024-10-16 21:00:54.016,-0.0,0.0,-0.2637362637362912,75.07692307692287,594.0,600.0,614.0
2024-10-16 21:00:54.320,-0.0,0.0,-0.2637362637362912,74.02197802197793,594.0,600.0,613.0
2024-10-16 21:00:54.608,-0.0,0.0,-0.2637362637362912,73.05494505494494,594.0,599.0,613.0
2024-10-16 21:00:54.928,-0.0,0.08791208791171812,-0.3516483516483504,72.08791208791195,593.0,599.0,613.0
2024-10-16 21:00:55.232,-0.0,0.0,-0.2637362637362912,71.03296703296701,593.0,599.0,612.0
2024-10-16 21:00:55.536,-0.0,0.0,-0.2637362637362912,70.06593406593402,592.0,599.0,612.0
2024-10-16 21:00:55.841,-0.0,0.0,-0.3516483516483504,69.01098901098885,592.0,599.0,611.0
2024-10-16 21:00:56.144,-0.0,0.0,-0.2637362637362912,68.04395604395586,592.0,599.0,612.0
2024-10-16 21:00:56.448,-0.0,0.0,-0.2637362637362912,67.07692307692287,592.0,599.0,611.0
2024-10-16 21:00:56.752,-0.0,0.0,-0.2637362637362912,66.02197802197793,592.0,599.0,611.0
2024-10-16 21:00:57.056,-0.0,0.0,-0.2637362637362912,65.05494505494494,591.0,599.0,611.0
2024-10-16 21:00:57.360,-0.0,0.0,-0.2637362637362912,64.08791208791195,591.0,599.0,610.0
2024-10-16 21:00:57.664,-0.0,0.0,-0.2637362637362912,63.03296703296701,590.0,598.0,610.0
2024-10-16 21:00:57.968,-0.0,0.0,-0.2637362637362912,62.065934065934016,590.0,598.0,610.0
2024-10-16 21:00:58.272,-0.0,0.0,-0.2637362637362912,61.01098901098885,590.0,598.0,610.0
2024-10-16 21:00:58.576,-0.08791208791217286,0.0,-0.2637362637362912,60.04395604395586,590.0,598.0,609.0
2024-10-16 21:00:58.880,-0.0,0.0,-0.2637362637362912,59.07692307692287,590.0,598.0,609.0
2024-10-16 21:00:59.184,-0.0,0.0,-0.2637362637362912,58.02197802197793,589.0,598.0,609.0
2024-10-16 21:00:59.488,-0.0,0.0,-0.2637362637362912,57.05494505494494,589.0,598.0,609.0
2024-10-16 21:00:59.793,-0.0,0.0,-0.3516483516483504,56.087912087911945,589.0,598.0,608.0
2024-10-16 21:01:00.096,-0.0,0.0,-0.2637362637362912,55.03296703296701,589.0,597.0,608.0
2024-10-16 21:01:00.400,-0.0,0.0,-0.2637362637362912,54.065934065934016,588.0,597.0,608.0
2024-10-16 21:01:00.720,-0.0,0.0,-0.2637362637362912,53.01098901098885,588.0,597.0,608.0
2024-10-16 21:01:01.104,-0.0,0.0,-0.2637362637362912,52.04395604395586,587.0,597.0,607.0
2024-10-16 21:01:01.408,-0.0,0.0,-0.2637362637362912,51.07692307692287,587.0,597.0,607.0
2024-10-16 21:01:01.713,-0.0,0.0,-0.3516483516483504,50.02197802197793,587.0,597.0,607.0
2024-10-16 21:01:02.016,-0.0,0.0,-0.3516483516483504,49.05494505494494,587.0,597.0,607.0
2024-10-16 21:01:02.321,-0.0,0.0,-0.2637362637362912,48.087912087911945,587.0,597.0,606.0
2024-10-16 21:01:02.625,-0.08791208791217286,0.0,-0.2637362637362912,47.03296703296701,586.0,597.0,606.0
2024-10-16 21:01:02.929,-0.0,0.0,-0.2637362637362912,46.065934065934016,586.0,597.0,606.0
2024-10-16 21:01:03.233,-0.0,0.0,-0.2637362637362912,45.01098901098885,586.0,597.0,606.0
2024-10-16 21:01:03.537,-0.0,0.0,-0.3516483516483504,44.04395604395586,586.0,597.0,606.0
2024-10-16 21:01:03.841,-0.0,0.0,-0.2637362637362912,43.07692307692287,585.0,597.0,606.0
2024-10-16 21:01:04.145,-0.0,0.0,-0.3516483516483504,42.02197802197793,585.0,597.0,605.0
2024-10-16 21:01:04.449,-0.0,0.0,-0.2637362637362912,41.05494505494494,585.0,597.0,605.0
2024-10-16 21:01:04.753,-0.0,0.0,-0.3516483516483504,40.087912087911945,585.0,597.0,605.0
2024-10-16 21:01:05.056,-0.0,0.0,-0.3516483516483504,39.03296703296701,584.0,596.0,605.0
2024-10-16 21:01:05.360,-0.0,0.0,-0.3516483516483504,38.065934065934016,584.0,597.0,605.0
2024-10-16 21:01:05.665,-0.0,0.0,-0.2637362637362912,37.01098901098885,584.0,596.0,605.0
2024-10-16 21:01:05.969,-0.0,0.0,-0.2637362637362912,36.04395604395586,584.0,596.0,604.0
2024-10-16 21:01:06.273,-0.0,0.0,-0.2637362637362912,35.07692307692287,583.0,596.0,604.0
2024-10-16 21:01:06.577,-0.0,0.0,-0.2637362637362912,34.02197802197793,583.0,597.0,604.0
2024-10-16 21:01:06.881,-0.0,0.0,-0.3516483516483504,33.05494505494494,583.0,597.0,604.0
2024-10-16 21:01:07.185,-0.0,0.0,-0.2637362637362912,32.087912087911945,583.0,597.0,604.0
2024-10-16 21:01:07.489,-0.0,0.0,-0.3516483516483504,31.032967032967008,583.0,596.0,604.0
2024-10-16 21:01:07.793,-0.0,0.0,-0.2637362637362912,30.065934065934016,582.0,597.0,603.0
2024-10-16 21:01:08.097,-0.0,0.0,-0.2637362637362912,29.01098901098885,582.0,596.0,603.0
2024-10-16 21:01:08.418,-0.08791208791217286,0.0,-0.2637362637362912,28.04395604395586,582.0,596.0,603.0
2024-10-16 21:01:08.705,-0.0,0.0,-0.2637362637362912,27.076923076922867,582.0,596.0,603.0
2024-10-16 21:01:09.009,-0.0,0.0,-0.2637362637362912,26.02197802197793,582.0,596.0,603.0
2024-10-16 21:01:09.329,-0.08791208791217286,0.0,-0.2637362637362912,25.054945054944938,581.0,597.0,603.0
2024-10-16 21:01:09.649,-0.0,0.0,-0.2637362637362912,24.087912087911945,581.0,596.0,602.0
2024-10-16 21:01:10.034,-0.0,0.0,-0.2637362637362912,23.032967032967008,581.0,597.0,602.0
2024-10-16 21:01:10.337,-0.0,0.0,-0.2637362637362912,22.065934065934016,581.0,597.0,602.0
2024-10-16 21:01:10.642,-0.0,0.0,-0.2637362637362912,21.01098901098885,581.0,596.0,602.0
2024-10-16 21:01:10.946,-0.0,0.0,-0.2637362637362912,20.131868131868032,581.0,596.0,602.0
2024-10-16 21:01:11.249,-0.0,-0.08791208791217286,-0.2637362637362912,19.076923076922867,581.0,597.0,602.0
2024-10-16 21:01:11.553,-0.0,0.0,-0.2637362637362912,18.02197802197793,581.0,597.0,602.0
2024-10-16 21:01:11.857,-0.08791208791217286,0.0,-0.2637362637362912,17.054945054944938,580.0,597.0,602.0
2024-10-16 21:01:12.162,-0.0,0.0,-0.2637362637362912,16.087912087911945,581.0,597.0,602.0
2024-10-16 21:01:12.466,-0.0,0.0,-0.2637362637362912,15.032967032967008,580.0,597.0,602.0
2024-10-16 21:01:12.770,-0.08791208791217286,0.0,-0.3516483516483504,14.065934065934016,580.0,597.0,602.0
2024-10-16 21:01:13.089,-0.0,0.0,-0.3516483516483504,13.010989010988851,580.0,597.0,602.0
2024-10-16 21:01:13.378,-0.0,0.0,-0.2637362637362912,12.043956043955859,580.0,597.0,601.0
2024-10-16 21:01:13.682,-0.0,0.0,-0.3516483516483504,11.076923076922867,580.0,597.0,601.0
2024-10-16 21:01:13.985,-0.08791208791217286,0.0,-0.2637362637362912,10.02197802197793,580.0,597.0,601.0
2024-10-16 21:01:14.306,-0.0,0.0,-0.2637362637362912,9.054945054944938,580.0,597.0,602.0
2024-10-16 21:01:14.594,-0.0,0.0,-0.2637362637362912,8.087912087911945,580.0,597.0,601.0
2024-10-16 21:01:14.899,-0.08791208791217286,0.0,-0.2637362637362912,7.032967032967008,580.0,596.0,601.0
2024-10-16 21:01:15.202,-0.0,0.0,-0.3516483516483504,6.065934065934016,580.0,597.0,601.0
2024-10-16 21:01:15.506,-0.0,0.0,-0.2637362637362912,5.010989010988851,580.0,597.0,601.0
2024-10-16 21:01:15.810,-0.08791208791217286,0.0,-0.3516483516483504,4.043956043955859,580.0,597.0,601.0
2024-10-16 21:01:16.114,-0.0,0.0,-0.2637362637362912,3.076923076922867,580.0,597.0,601.0
2024-10-16 21:01:16.419,-0.08791208791217286,0.0,-0.3516483516483504,2.0219780219779295,580.0,597.0,601.0
2024-10-16 21:01:16.722,-0.0,0.0,-0.2637362637362912,1.0549450549449375,580.0,597.0,601.0
2024-10-16 21:01:17.154,-0.08791208791217286,-0.08791208791217286,-0.3516483516483504,1.0549450549449375,580.0,597.0,601.0
2024-10-16 21:01:17.683,0.8791208791208192,-0.35164835164869146,-0.2637362637362912,1.0549450549449375,580.0,597.0,601.0
2024-10-16 21:01:18.178,1.7582417582418657,-0.791208791209101,-0.3516483516483504,1.0549450549449375,580.0,597.0,601.0
2024-10-16 21:01:18.691,2.813186813186803,-1.1428571428573377,-0.2637362637362912,1.0549450549449375,580.0,597.0,601.0
2024-10-16 21:01:19.187,3.780219780219568,-1.5824175824177473,-0.2637362637362912,1.0549450549449375,581.0,597.0,601.0
2024-10-16 21:01:19.682,4.74725274725256,-1.934065934065984,-0.3516483516483504,1.1428571428571104,581.0,597.0,600.0
2024-10-16 21:01:20.195,5.714285714285552,-2.3736263736263936,-0.3516483516483504,1.0549450549449375,581.0,597.0,600.0
2024-10-16 21:01:20.707,6.681318681318544,-2.725274725275085,-0.2637362637362912,1.0549450549449375,581.0,597.0,600.0
2024-10-16 21:01:21.235,7.824175824175882,-3.1648351648354947,-0.2637362637362912,1.0549450549449375,582.0,597.0,600.0
2024-10-16 21:01:21.715,8.791208791208874,-3.5164835164837314,-0.2637362637362912,1.0549450549449375,582.0,597.0,600.0
2024-10-16 21:01:22.227,9.758241758241866,-3.956043956044141,-0.2637362637362912,1.0549450549449375,582.0,597.0,600.0
2024-10-16 21:01:22.739,10.813186813186803,-4.3956043956045505,-0.2637362637362912,1.0549450549449375,582.0,597.0,599.0
2024-10-16 21:01:23.235,11.780219780219568,-4.747252747252787,-0.2637362637362912,1.0549450549449375,583.0,598.0,599.0
2024-10-16 21:01:23.748,12.74725274725256,-5.186813186813197,-0.2637362637362912,1.0549450549449375,583.0,597.0,599.0
2024-10-16 21:01:24.259,13.714285714285552,-5.538461538461888,-0.3516483516483504,1.0549450549449375,583.0,598.0,599.0
2024-10-16 21:01:24.755,14.681318681318544,-5.978021978022298,-0.3516483516483504,1.0549450549449375,584.0,598.0,598.0
2024-10-16 21:01:25.284,15.648351648351536,-6.329670329670535,-0.2637362637362912,1.0549450549449375,584.0,598.0,599.0
2024-10-16 21:01:25.780,16.791208791208874,-6.769230769230944,-0.2637362637362912,1.0549450549449375,584.0,598.0,598.0
2024-10-16 21:01:26.292,17.84615384615381,-7.120879120879181,-0.2637362637362912,1.0549450549449375,584.0,598.0,598.0
2024-10-16 21:01:26.788,18.813186813186803,-7.56043956043959,-0.3516483516483504,1.0549450549449375,585.0,598.0,598.0
2024-10-16 21:01:27.300,19.780219780219568,-7.912087912088282,-0.2637362637362912,1.0549450549449375,585.0,598.0,598.0
2024-10-16 21:01:27.812,20.747252747252787,-8.351648351648691,-0.2637362637362912,1.0549450549449375,585.0,599.0,597.0
2024-10-16 21:01:28.308,21.71428571428578,-8.791208791209101,-0.3516483516483504,1.0549450549449375,586.0,598.0,597.0
2024-10-16 21:01:28.821,22.769230769230717,-9.142857142857338,-0.3516483516483504,1.0549450549449375,586.0,599.0,597.0
2024-10-16 21:01:29.316,23.82417582417588,-9.582417582417747,-0.2637362637362912,1.0549450549449375,586.0,599.0,597.0
2024-10-16 21:01:29.828,24.7032967032967,-9.934065934065984,-0.2637362637362912,1.0549450549449375,587.0,599.0,597.0
2024-10-16 21:01:30.340,25.75824175824164,-10.28571428571422,-0.3516483516483504,1.0549450549449375,587.0,599.0,597.0
2024-10-16 21:01:30.852,26.72527472527463,-10.725274725275085,-0.2637362637362912,1.0549450549449375,587.0,599.0,597.0
2024-10-16 21:01:31.348,27.780219780219795,-11.164835164835495,-0.3516483516483504,1.0549450549449375,587.0,599.0,596.0
2024-10-16 21:01:31.860,28.747252747252787,-11.516483516483731,-0.2637362637362912,1.0549450549449375,588.0,599.0,596.0
2024-10-16 21:01:32.372,29.71428571428578,-11.956043956044141,-0.2637362637362912,1.0549450549449375,588.0,600.0,596.0
2024-10-16 21:01:32.869,30.769230769230717,-12.39560439560455,-0.2637362637362912,1.0549450549449375,588.0,600.0,596.0
2024-10-16 21:01:33.380,31.73626373626371,-12.747252747252787,-0.3516483516483504,1.0549450549449375,589.0,599.0,596.0
2024-10-16 21:01:33.892,32.7032967032967,-13.186813186813197,-0.2637362637362912,1.0549450549449375,589.0,600.0,596.0
2024-10-16 21:01:34.405,33.75824175824164,-13.538461538461888,-0.2637362637362912,1.0549450549449375,589.0,600.0,596.0
2024-10-16 21:01:34.900,34.72527472527463,-13.978021978022298,-0.2637362637362912,1.0549450549449375,590.0,600.0,596.0
2024-10-16 21:01:35.412,35.69230769230762,-14.329670329670535,-0.2637362637362912,1.0549450549449375,590.0,600.0,595.0
2024-10-16 21:01:35.925,36.74725274725279,-14.769230769230944,-0.3516483516483504,1.0549450549449375,590.0,600.0,595.0
2024-10-16 21:01:36.421,37.802197802197725,-15.12087912087918,-0.2637362637362912,1.0549450549449375,591.0,601.0,595.0
2024-10-16 21:01:36.933,38.681318681318544,-15.56043956043959,-0.2637362637362912,1.0549450549449375,591.0,601.0,595.0
2024-10-16 21:01:37.446,39.73626373626371,-15.912087912088282,-0.2637362637362912,1.0549450549449375,592.0,601.0,595.0
2024-10-16 21:01:37.942,40.7032967032967,-16.35164835164869,-0.2637362637362912,1.0549450549449375,592.0,601.0,595.0
2024-10-16 21:01:38.453,41.75824175824164,-16.7912087912091,-0.2637362637362912,1.0549450549449375,592.0,601.0,594.0
2024-10-16 21:01:38.965,42.8131868131868,-17.142857142857338,-0.2637362637362912,1.0549450549449375,593.0,601.0,594.0
2024-10-16 21:01:39.461,43.780219780219795,-17.582417582417747,-0.2637362637362912,1.0549450549449375,593.0,601.0,594.0
2024-10-16 21:01:39.973,44.74725274725279,-17.934065934065984,-0.2637362637362912,1.0549450549449375,594.0,601.0,594.0
2024-10-16 21:01:40.486,45.71428571428578,-18.373626373626394,-0.2637362637362912,1.0549450549449375,594.0,602.0,594.0
2024-10-16 21:01:40.982,46.76923076923072,-18.725274725275085,-0.2637362637362912,1.0549450549449375,595.0,602.0,593.0
2024-10-16 21:01:41.493,47.82417582417588,-19.164835164835495,-0.3516483516483504,1.0549450549449375,595.0,602.0,594.0
2024-10-16 21:01:42.005,48.7032967032967,-19.51648351648373,-0.2637362637362912,1.0549450549449375,595.0,602.0,593.0
2024-10-16 21:01:42.502,49.75824175824164,-19.95604395604414,-0.2637362637362912,1.0549450549449375,596.0,602.0,594.0
2024-10-16 21:01:43.014,50.72527472527463,-20.39560439560455,-0.2637362637362912,1.0549450549449375,596.0,602.0,593.0
2024-10-16 21:01:43.526,51.69230769230762,-20.747252747252787,-0.2637362637362912,1.0549450549449375,597.0,602.0,593.0
2024-10-16 21:01:44.038,52.74725274725279,-21.186813186813197,-0.2637362637362912,1.0549450549449375,597.0,602.0,593.0
2024-10-16 21:01:44.534,53.802197802197725,-21.53846153846189,-0.2637362637362912,1.0549450549449375,597.0,603.0,593.0
2024-10-16 21:01:45.046,54.681318681318544,-21.978021978022298,-0.2637362637362912,1.0549450549449375,598.0,603.0,593.0
2024-10-16 21:01:45.558,55.73626373626371,-22.329670329670535,-0.2637362637362912,1.0549450549449375,598.0,603.0,593.0
2024-10-16 21:01:46.055,56.791208791208646,-22.769230769230944,-0.3516483516483504,1.0549450549449375,598.0,603.0,592.0
2024-10-16 21:01:46.566,57.67032967032969,-23.12087912087918,-0.3516483516483504,1.0549450549449375,599.0,603.0,592.0
2024-10-16 21:01:47.078,58.72527472527463,-23.56043956043959,-0.3516483516483504,1.0549450549449375,599.0,603.0,592.0
2024-10-16 21:01:47.574,59.60439560439545,-23.912087912088282,-0.2637362637362912,1.0549450549449375,600.0,603.0,592.0
2024-10-16 21:01:48.086,60.57142857142844,-24.35164835164869,-0.2637362637362912,1.0549450549449375,600.0,604.0,592.0
2024-10-16 21:01:48.599,61.71428571428578,-24.7912087912091,-0.3516483516483504,1.0549450549449375,600.0,604.0,592.0
2024-10-16 21:01:49.095,62.681318681318544,-25.142857142857338,-0.3516483516483504,1.0549450549449375,601.0,604.0,592.0
2024-10-16 21:01:49.607,63.73626373626371,-25.582417582417747,-0.2637362637362912,1.0549450549449375,601.0,604.0,592.0
2024-10-16 21:01:50.119,64.7032967032967,-25.934065934065984,-0.2637362637362912,1.0549450549449375,602.0,604.0,591.0
2024-10-16 21:01:50.631,65.67032967032969,-26.373626373626394,-0.3516483516483504,1.0549450549449375,602.0,604.0,592.0
2024-10-16 21:01:51.127,66.72527472527463,-26.725274725275085,-0.2637362637362912,1.0549450549449375,603.0,604.0,591.0
2024-10-16 21:01:51.639,67.60439560439545,-27.164835164835495,-0.2637362637362912,1.0549450549449375,603.0,604.0,591.0
2024-10-16 21:01:52.135,68.57142857142844,-27.51648351648373,-0.3516483516483504,1.0549450549449375,604.0,605.0,591.0
2024-10-16 21:01:52.647,69.71428571428578,-27.95604395604414,-0.2637362637362912,1.0549450549449375,604.0,605.0,591.0
2024-10-16 21:01:53.159,70.68131868131854,-28.39560439560455,-0.3516483516483504,1.0549450549449375,605.0,605.0,591.0
2024-10-16 21:01:53.671,71.73626373626371,-28.747252747252787,-0.2637362637362912,1.0549450549449375,605.0,605.0,591.0
2024-10-16 21:01:54.168,72.7032967032967,-29.186813186813197,-0.3516483516483504,1.0549450549449375,606.0,605.0,591.0
2024-10-16 21:01:54.680,73.67032967032969,-29.53846153846189,-0.2637362637362912,1.0549450549449375,606.0,605.0,591.0
2024-10-16 21:01:55.192,74.63736263736268,-29.978021978022298,-0.2637362637362912,1.0549450549449375,607.0,606.0,590.0
2024-10-16 21:01:55.688,75.60439560439545,-30.329670329670535,-0.3516483516483504,1.0549450549449375,608.0,606.0,591.0
2024-10-16 21:01:56.200,76.57142857142844,-30.769230769230944,-0.3516483516483504,1.0549450549449375,608.0,606.0,590.0
2024-10-16 21:01:56.712,77.6263736263736,-31.12087912087918,-0.2637362637362912,1.0549450549449375,608.0,606.0,590.0
2024-10-16 21:01:57.207,78.5934065934066,-31.56043956043959,-0.2637362637362912,1.0549450549449375,609.0,606.0,590.0
2024-10-16 21:01:57.719,79.56043956043959,-31.912087912088282,-0.2637362637362912,1.0549450549449375,609.0,606.0,590.0
2024-10-16 21:01:58.232,80.52747252747258,-32.35164835164869,-0.3516483516483504,1.0549450549449375,610.0,607.0,590.0
2024-10-16 21:01:58.729,81.58241758241752,-32.7912087912091,-0.3516483516483504,1.0549450549449375,610.0,607.0,590.0
2024-10-16 21:01:59.241,82.54945054945051,-33.14285714285734,-0.3516483516483504,1.0549450549449375,611.0,607.0,590.0
2024-10-16 21:01:59.752,83.69230769230762,-33.58241758241775,-0.2637362637362912,1.0549450549449375,611.0,607.0,589.0
2024-10-16 21:02:00.249,84.57142857142844,-33.934065934065984,-0.2637362637362912,1.0549450549449375,612.0,607.0,590.0
2024-10-16 21:02:00.760,85.71428571428578,-34.373626373626394,-0.2637362637362912,1.0549450549449375,612.0,607.0,589.0
2024-10-16 21:02:01.272,86.68131868131854,-34.725274725275085,-0.2637362637362912,1.0549450549449375,613.0,608.0,589.0
2024-10-16 21:02:01.769,87.56043956043959,-35.164835164835495,-0.3516483516483504,1.0549450549449375,614.0,607.0,589.0
2024-10-16 21:02:02.280,88.61538461538453,-35.51648351648373,-0.2637362637362912,1.0549450549449375,614.0,607.0,589.0
2024-10-16 21:02:02.792,89.58241758241752,-35.95604395604414,-0.2637362637362912,1.0549450549449375,615.0,607.0,589.0
2024-10-16 21:02:03.305,90.54945054945051,-36.39560439560455,-0.3516483516483504,1.0549450549449375,615.0,608.0,589.0
2024-10-16 21:02:03.817,91.5164835164835,-36.74725274725279,-0.2637362637362912,1.0549450549449375,616.0,608.0,589.0
2024-10-16 21:02:04.313,92.4835164835165,-37.1868131868132,-0.3516483516483504,1.0549450549449375,616.0,608.0,589.0
2024-10-16 21:02:04.824,93.6263736263736,-37.53846153846189,-0.2637362637362912,1.0549450549449375,617.0,608.0,589.0
2024-10-16 21:02:05.321,94.50549450549443,-37.9780219780223,-0.2637362637362912,1.0549450549449375,618.0,608.0,588.0
2024-10-16 21:02:05.833,95.47252747252742,-38.329670329670535,-0.3516483516483504,1.0549450549449375,618.0,609.0,588.0
2024-10-16 21:02:06.345,96.52747252747258,-38.769230769230944,-0.2637362637362912,1.0549450549449375,619.0,608.0,588.0
2024-10-16 21:02:06.841,97.49450549450535,-39.12087912087918,-0.2637362637362912,1.0549450549449375,619.0,609.0,588.0
2024-10-16 21:02:07.353,98.63736263736268,-39.56043956043959,-0.2637362637362912,1.0549450549449375,620.0,609.0,588.0
2024-10-16 21:02:07.865,99.5164835164835,-39.91208791208828,-0.2637362637362912,1.0549450549449375,620.0,609.0,588.0
2024-10-16 21:02:08.377,100.4835164835165,-40.35164835164869,-0.3516483516483504,1.0549450549449375,621.0,609.0,588.0
2024-10-16 21:02:08.873,101.53846153846143,-40.7912087912091,-0.2637362637362912,1.0549450549449375,622.0,609.0,588.0
2024-10-16 21:02:09.385,102.50549450549443,-41.14285714285734,-0.3516483516483504,1.0549450549449375,622.0,609.0,588.0
2024-10-16 21:02:09.881,103.56043956043959,-41.58241758241775,-0.3516483516483504,1.0549450549449375,623.0,609.0,587.0
2024-10-16 21:02:10.393,104.52747252747258,-41.934065934065984,-0.2637362637362912,1.0549450549449375,623.0,610.0,587.0
2024-10-16 21:02:10.905,105.49450549450535,-42.373626373626394,-0.2637362637362912,1.0549450549449375,624.0,610.0,588.0
2024-10-16 21:02:11.417,106.54945054945051,-42.725274725275085,-0.3516483516483504,1.0549450549449375,625.0,610.0,587.0
2024-10-16 21:02:11.914,107.5164835164835,-43.164835164835495,-0.2637362637362912,1.0549450549449375,625.0,610.0,587.0
2024-10-16 21:02:12.426,108.4835164835165,-43.51648351648373,-0.2637362637362912,1.0549450549449375,626.0,610.0,587.0
2024-10-16 21:02:12.937,109.53846153846143,-43.95604395604414,-0.3516483516483504,1.0549450549449375,627.0,610.0,587.0
2024-10-16 21:02:13.434,110.5934065934066,-44.39560439560455,-0.2637362637362912,1.0549450549449375,628.0,611.0,587.0
2024-10-16 21:02:13.947,111.56043956043959,-44.74725274725279,-0.3516483516483504,1.0549450549449375,628.0,610.0,587.0
2024-10-16 21:02:14.458,112.61538461538453,-45.1868131868132,-0.3516483516483504,1.0549450549449375,629.0,610.0,587.0
2024-10-16 21:02:14.954,113.49450549450535,-45.53846153846189,-0.2637362637362912,1.0549450549449375,630.0,611.0,587.0
2024-10-16 21:02:15.466,114.63736263736268,-45.9780219780223,-0.3516483516483504,1.0549450549449375,630.0,611.0,586.0
2024-10-16 21:02:15.978,115.5164835164835,-46.329670329670535,-0.2637362637362912,1.0549450549449375,631.0,611.0,586.0
2024-10-16 21:02:16.491,116.4835164835165,-46.769230769230944,-0.3516483516483504,1.0549450549449375,631.0,611.0,586.0
2024-10-16 21:02:16.987,117.53846153846143,-47.12087912087918,-0.2637362637362912,1.0549450549449375,632.0,611.0,586.0
2024-10-16 21:02:17.498,118.41758241758248,-47.56043956043959,-0.2637362637362912,1.0549450549449375,633.0,611.0,586.0
2024-10-16 21:02:18.011,119.47252747252742,-47.91208791208828,-0.3516483516483504,1.0549450549449375,634.0,611.0,586.0
2024-10-16 21:02:18.507,120.43956043956041,-48.35164835164869,-0.2637362637362912,1.0549450549449375,634.0,611.0,586.0
2024-10-16 21:02:19.019,121.49450549450535,-48.7912087912091,-0.2637362637362912,1.0549450549449375,635.0,611.0,586.0
2024-10-16 21:02:19.530,122.54945054945051,-49.14285714285734,-0.2637362637362912,1.0549450549449375,636.0,611.0,585.0
2024-10-16 21:02:20.043,123.42857142857133,-49.58241758241775,-0.2637362637362912,1.0549450549449375,637.0,612.0,586.0
2024-10-16 21:02:20.539,124.39560439560432,-49.934065934065984,-0.2637362637362912,1.0549450549449375,638.0,612.0,586.0
2024-10-16 21:02:21.051,125.53846153846143,-50.373626373626394,-0.2637362637362912,1.0549450549449375,639.0,612.0,585.0
2024-10-16 21:02:21.546,126.41758241758248,-50.725274725275085,-0.2637362637362912,1.0549450549449375,639.0,612.0,585.0
2024-10-16 21:02:22.059,127.47252747252742,-51.164835164835495,-0.2637362637362912,1.0549450549449375,640.0,612.0,585.0
2024-10-16 21:02:22.572,128.4395604395604,-51.51648351648373,-0.3516483516483504,1.0549450549449375,641.0,612.0,585.0
2024-10-16 21:02:23.083,129.31868131868123,-51.95604395604414,-0.2637362637362912,1.0549450549449375,642.0,612.0,585.0
2024-10-16 21:02:23.579,130.3736263736264,-52.39560439560455,-0.2637362637362912,1.0549450549449375,642.0,612.0,585.0
2024-10-16 21:02:24.091,131.5164835164835,-52.74725274725279,-0.2637362637362912,1.0549450549449375,643.0,612.0,585.0
2024-10-16 21:02:24.587,132.39560439560432,-53.1868131868132,-0.2637362637362912,1.0549450549449375,645.0,613.0,585.0
2024-10-16 21:02:25.099,133.36263736263732,-53.53846153846189,-0.2637362637362912,1.0549450549449375,645.0,612.0,585.0
2024-10-16 21:02:25.612,134.41758241758248,-53.9780219780223,-0.3516483516483504,1.0549450549449375,646.0,613.0,585.0
2024-10-16 21:02:26.123,135.47252747252742,-54.329670329670535,-0.2637362637362912,1.0549450549449375,647.0,613.0,585.0
2024-10-16 21:02:26.619,136.4395604395604,-54.769230769230944,-0.2637362637362912,1.0549450549449375,648.0,613.0,584.0
2024-10-16 21:02:27.131,137.4065934065934,-55.12087912087918,-0.3516483516483504,1.0549450549449375,649.0,613.0,584.0
2024-10-16 21:02:27.644,138.46153846153834,-55.56043956043959,-0.3516483516483504,1.0549450549449375,650.0,613.0,584.0
2024-10-16 21:02:28.139,139.42857142857133,-55.91208791208828,-0.2637362637362912,1.0549450549449375,651.0,613.0,584.0
2024-10-16 21:02:28.651,140.30769230769238,-56.35164835164869,-0.2637362637362912,1.0549450549449375,652.0,613.0,584.0
2024-10-16 21:02:29.163,141.36263736263732,-56.7912087912091,-0.2637362637362912,1.0549450549449375,653.0,613.0,585.0
2024-10-16 21:02:29.660,142.3296703296703,-57.14285714285734,-0.2637362637362912,1.0549450549449375,653.0,613.0,584.0
2024-10-16 21:02:30.172,143.2967032967033,-57.58241758241775,-0.2637362637362912,1.0549450549449375,655.0,613.0,584.0
2024-10-16 21:02:30.685,144.35164835164824,-57.934065934065984,-0.2637362637362912,1.0549450549449375,656.0,613.0,584.0
2024-10-16 21:02:31.196,145.31868131868123,-58.373626373626394,-0.2637362637362912,1.0549450549449375,656.0,614.0,584.0
2024-10-16 21:02:31.692,146.46153846153834,-58.725274725275085,-0.2637362637362912,1.0549450549449375,657.0,614.0,584.0
2024-10-16 21:02:32.204,147.34065934065939,-59.164835164835495,-0.2637362637362912,1.0549450549449375,658.0,614.0,584.0
2024-10-16 21:02:32.700,148.30769230769238,-59.51648351648373,-0.2637362637362912,1.0549450549449375,659.0,614.0,584.0
2024-10-16 21:02:33.212,149.36263736263732,-59.95604395604414,-0.2637362637362912,1.0549450549449375,661.0,614.0,584.0
2024-10-16 21:02:33.724,148.9230769230769,-59.69230769230808,-0.3516483516483504,1.0549450549449375,661.0,614.0,584.0
2024-10-16 21:02:34.220,147.9560439560439,-59.340659340659386,-0.3516483516483504,1.0549450549449375,660.0,614.0,584.0
2024-10-16 21:02:34.733,146.98901098901092,-58.901098901098976,-0.3516483516483504,1.0549450549449375,659.0,613.0,584.0
2024-10-16 21:02:35.245,145.93406593406598,-58.54945054945074,-0.2637362637362912,1.0549450549449375,658.0,613.0,584.0
2024-10-16 21:02:35.757,144.967032967033,-58.1978021978025,-0.2637362637362912,1.0549450549449375,657.0,613.0,584.0
2024-10-16 21:02:36.252,144.0,-57.75824175824209,-0.2637362637362912,1.0549450549449375,656.0,613.0,584.0
2024-10-16 21:02:36.765,142.94505494505484,-57.31868131868168,-0.2637362637362912,1.0549450549449375,654.0,613.0,584.0
2024-10-16 21:02:37.276,141.97802197802184,-57.054945054945165,-0.2637362637362912,1.0549450549449375,653.0,613.0,584.0
2024-10-16 21:02:37.773,141.01098901098908,-56.52747252747258,-0.2637362637362912,1.0549450549449375,652.0,613.0,583.0
2024-10-16 21:02:38.285,140.0439560439561,-56.08791208791217,-0.2637362637362912,1.0549450549449375,651.0,612.0,583.0
2024-10-16 21:02:38.797,138.98901098901092,-55.736263736263936,-0.2637362637362912,1.0549450549449375,650.0,612.0,583.0
2024-10-16 21:02:39.293,138.02197802197793,-55.29670329670353,-0.3516483516483504,1.0549450549449375,649.0,612.0,583.0
2024-10-16 21:02:39.806,136.967032967033,-54.94505494505529,-0.2637362637362912,1.0549450549449375,648.0,612.0,583.0
2024-10-16 21:02:40.318,136.08791208791195,-54.5934065934066,-0.2637362637362912,1.0549450549449375,647.0,612.0,583.0
2024-10-16 21:02:40.814,135.032967032967,-54.15384615384619,-0.2637362637362912,1.0549450549449375,646.0,612.0,583.0
2024-10-16 21:02:41.325,134.06593406593402,-53.71428571428578,-0.2637362637362912,1.0549450549449375,646.0,611.0,583.0
2024-10-16 21:02:41.838,132.9230769230769,-53.450549450549715,-0.3516483516483504,1.0549450549449375,645.0,611.0,583.0
2024-10-16 21:02:42.333,132.0439560439561,-52.92307692307713,-0.3516483516483504,1.0549450549449375,644.0,611.0,583.0
2024-10-16 21:02:42.846,131.0769230769231,-52.571428571428896,-0.2637362637362912,1.0549450549449375,643.0,611.0,583.0
2024-10-16 21:02:43.358,130.02197802197793,-52.13186813186849,-0.2637362637362912,1.0549450549449375,642.0,611.0,583.0
2024-10-16 21:02:43.870,129.05494505494494,-51.780219780219795,-0.3516483516483504,1.0549450549449375,641.0,611.0,583.0
2024-10-16 21:02:44.365,128.08791208791195,-51.340659340659386,-0.3516483516483504,1.0549450549449375,640.0,610.0,583.0
2024-10-16 21:02:44.878,126.94505494505484,-50.901098901098976,-0.3516483516483504,1.0549450549449375,640.0,610.0,583.0
2024-10-16 21:02:45.390,126.06593406593402,-50.54945054945074,-0.2637362637362912,1.0549450549449375,639.0,610.0,583.0
2024-10-16 21:02:45.886,125.01098901098908,-50.10989010989033,-0.3516483516483504,1.0549450549449375,638.0,610.0,583.0
2024-10-16 21:02:46.399,124.04395604395609,-49.75824175824209,-0.2637362637362912,1.0549450549449375,637.0,610.0,583.0
2024-10-16 21:02:46.911,122.98901098901092,-49.31868131868168,-0.2637362637362912,1.0549450549449375,636.0,610.0,583.0
2024-10-16 21:02:47.407,122.02197802197793,-49.054945054945165,-0.2637362637362912,1.0549450549449375,635.0,609.0,583.0
2024-10-16 21:02:47.918,121.05494505494494,-48.52747252747258,-0.2637362637362912,1.0549450549449375,635.0,609.0,583.0
2024-10-16 21:02:48.446,120.08791208791195,-48.175824175824346,-0.2637362637362912,1.0549450549449375,634.0,609.0,583.0
2024-10-16 21:02:48.943,119.03296703296701,-47.736263736263936,-0.3516483516483504,1.0549450549449375,633.0,609.0,583.0
2024-10-16 21:02:49.438,118.06593406593402,-47.3846153846157,-0.3516483516483504,1.0549450549449375,633.0,609.0,584.0
2024-10-16 21:02:49.950,116.9230769230769,-46.94505494505529,-0.3516483516483504,1.0549450549449375,632.0,609.0,584.0
2024-10-16 21:02:50.447,116.04395604395609,-46.50549450549488,-0.3516483516483504,1.0549450549449375,631.0,609.0,584.0
2024-10-16 21:02:50.958,115.0769230769231,-46.15384615384619,-0.3516483516483504,1.0549450549449375,630.0,608.0,584.0
2024-10-16 21:02:51.470,114.02197802197793,-45.71428571428578,-0.3516483516483504,1.0549450549449375,629.0,608.0,584.0
2024-10-16 21:02:51.983,113.05494505494494,-45.36263736263754,-0.2637362637362912,1.0549450549449375,628.0,608.0,584.0
2024-10-16 21:02:52.479,112.0,-44.92307692307713,-0.2637362637362912,1.0549450549449375,628.0,608.0,584.0
2024-10-16 21:02:52.992,111.03296703296701,-44.571428571428896,-0.2637362637362912,1.0549450549449375,627.0,608.0,584.0
2024-10-16 21:02:53.503,110.06593406593402,-44.13186813186849,-0.2637362637362912,1.0549450549449375,626.0,608.0,584.0
2024-10-16 21:02:53.999,109.01098901098908,-43.69230769230808,-0.3516483516483504,1.0549450549449375,625.0,608.0,584.0
2024-10-16 21:02:54.511,108.04395604395609,-43.340659340659386,-0.2637362637362912,1.0549450549449375,625.0,607.0,584.0
2024-10-16 21:02:55.023,107.0769230769231,-42.901098901098976,-0.2637362637362912,1.0549450549449375,624.0,607.0,584.0
2024-10-16 21:02:55.519,106.02197802197793,-42.54945054945074,-0.3516483516483504,1.0549450549449375,623.0,607.0,584.0
2024-10-16 21:02:56.032,105.05494505494494,-42.10989010989033,-0.2637362637362912,1.0549450549449375,623.0,607.0,584.0
2024-10-16 21:02:56.543,104.0,-41.75824175824209,-0.2637362637362912,1.0549450549449375,622.0,607.0,584.0
2024-10-16 21:02:57.039,103.03296703296701,-41.31868131868168,-0.2637362637362912,1.0549450549449375,621.0,606.0,584.0
2024-10-16 21:02:57.552,102.06593406593402,-40.96703296703299,-0.3516483516483504,1.0549450549449375,621.0,607.0,585.0
2024-10-16 21:02:58.064,101.09890109890102,-40.52747252747258,-0.2637362637362912,1.0549450549449375,620.0,607.0,585.0
2024-10-16 21:02:58.576,100.04395604395609,-40.08791208791217,-0.2637362637362912,1.0549450549449375,619.0,606.0,585.0
2024-10-16 21:02:59.072,99.0769230769231,-39.736263736263936,-0.2637362637362912,1.0549450549449375,619.0,606.0,585.0
2024-10-16 21:02:59.583,98.02197802197793,-39.3846153846157,-0.2637362637362912,1.0549450549449375,618.0,606.0,585.0
2024-10-16 21:03:00.096,97.05494505494494,-38.94505494505529,-0.2637362637362912,1.0549450549449375,617.0,606.0,585.0
2024-10-16 21:03:00.592,96.08791208791195,-38.50549450549488,-0.3516483516483504,1.0549450549449375,616.0,606.0,585.0
2024-10-16 21:03:01.104,95.03296703296701,-38.15384615384619,-0.2637362637362912,1.0549450549449375,616.0,605.0,585.0
2024-10-16 21:03:01.616,94.06593406593402,-37.71428571428578,-0.2637362637362912,1.0549450549449375,615.0,605.0,585.0
2024-10-16 21:03:02.112,93.01098901098908,-37.36263736263754,-0.3516483516483504,1.0549450549449375,614.0,605.0,586.0
2024-10-16 21:03:02.624,92.04395604395609,-37.010989010989306,-0.3516483516483504,1.0549450549449375,614.0,605.0,585.0
2024-10-16 21:03:03.136,91.0769230769231,-36.571428571428896,-0.2637362637362912,1.0549450549449375,614.0,605.0,586.0
2024-10-16 21:03:03.632,90.02197802197793,-36.13186813186849,-0.3516483516483504,1.0549450549449375,613.0,604.0,586.0
2024-10-16 21:03:04.144,89.05494505494494,-35.604395604395904,-0.2637362637362912,1.0549450549449375,612.0,605.0,586.0
2024-10-16 21:03:04.657,88.08791208791195,-35.42857142857156,-0.3516483516483504,1.0549450549449375,612.0,604.0,586.0
2024-10-16 21:03:05.152,87.03296703296701,-34.98901098901115,-0.3516483516483504,1.0549450549449375,611.0,604.0,586.0
2024-10-16 21:03:05.665,86.06593406593402,-34.54945054945074,-0.3516483516483504,1.0549450549449375,610.0,604.0,586.0
2024-10-16 21:03:06.176,85.01098901098908,-34.10989010989033,-0.2637362637362912,1.0549450549449375,610.0,604.0,586.0
2024-10-16 21:03:06.689,84.04395604395609,-33.75824175824209,-0.2637362637362912,1.0549450549449375,609.0,604.0,586.0
2024-10-16 21:03:07.185,83.0769230769231,-33.31868131868168,-0.2637362637362912,1.0549450549449375,609.0,603.0,586.0
2024-10-16 21:03:07.697,82.02197802197793,-32.96703296703299,-0.3516483516483504,1.0549450549449375,608.0,603.0,586.0
2024-10-16 21:03:08.209,81.05494505494494,-32.52747252747258,-0.2637362637362912,1.0549450549449375,607.0,603.0,586.0
2024-10-16 21:03:08.721,80.08791208791195,-32.08791208791217,-0.3516483516483504,1.0549450549449375,607.0,603.0,587.0
2024-10-16 21:03:09.217,79.12087912087918,-31.736263736263936,-0.2637362637362912,1.0549450549449375,607.0,603.0,587.0
2024-10-16 21:03:09.714,78.06593406593402,-31.296703296703527,-0.3516483516483504,1.0549450549449375,606.0,603.0,587.0
2024-10-16 21:03:10.226,77.09890109890102,-30.94505494505529,-0.2637362637362912,1.0549450549449375,605.0,602.0,587.0
2024-10-16 21:03:10.738,76.04395604395609,-30.5934065934066,-0.3516483516483504,1.0549450549449375,605.0,603.0,587.0
2024-10-16 21:03:11.249,75.16483516483504,-30.15384615384619,-0.2637362637362912,1.0549450549449375,604.0,602.0,587.0
2024-10-16 21:03:11.745,74.02197802197793,-29.71428571428578,-0.2637362637362912,1.0549450549449375,603.0,602.0,587.0
2024-10-16 21:03:12.257,73.05494505494494,-29.450549450549715,-0.2637362637362912,1.0549450549449375,603.0,602.0,587.0
2024-10-16 21:03:12.770,72.08791208791195,-28.923076923077133,-0.2637362637362912,1.0549450549449375,603.0,602.0,588.0
2024-10-16 21:03:13.281,71.12087912087918,-28.571428571428896,-0.2637362637362912,1.0549450549449375,602.0,601.0,588.0
2024-10-16 21:03:13.777,70.06593406593402,-28.131868131868487,-0.2637362637362912,1.0549450549449375,602.0,601.0,588.0
2024-10-16 21:03:14.290,69.01098901098908,-27.692307692308077,-0.2637362637362912,1.0549450549449375,601.0,601.0,588.0
2024-10-16 21:03:14.786,68.04395604395609,-27.340659340659386,-0.3516483516483504,1.0549450549449375,601.0,601.0,588.0
2024-10-16 21:03:15.298,67.16483516483504,-26.901098901098976,-0.2637362637362912,1.0549450549449375,600.0,601.0,589.0
2024-10-16 21:03:15.810,66.1098901098901,-26.54945054945074,-0.2637362637362912,1.0549450549449375,600.0,601.0,589.0
2024-10-16 21:03:16.323,65.14285714285711,-26.10989010989033,-0.2637362637362912,1.0549450549449375,599.0,600.0,589.0
2024-10-16 21:03:16.818,64.08791208791195,-25.758241758242093,-0.2637362637362912,1.0549450549449375,599.0,601.0,589.0
2024-10-16 21:03:17.347,63.03296703296701,-25.318681318681683,-0.3516483516483504,1.0549450549449375,598.0,600.0,589.0
2024-10-16 21:03:17.843,62.065934065934016,-24.967032967032992,-0.2637362637362912,1.0549450549449375,598.0,600.0,590.0
2024-10-16 21:03:18.338,61.098901098901024,-24.527472527472582,-0.3516483516483504,1.0549450549449375,597.0,600.0,590.0
2024-10-16 21:03:18.850,60.043956043956086,-24.087912087912173,-0.2637362637362912,1.0549450549449375,597.0,600.0,590.0
2024-10-16 21:03:19.362,59.076923076923094,-23.736263736263936,-0.3516483516483504,1.0549450549449375,596.0,600.0,590.0
2024-10-16 21:03:19.859,58.1098901098901,-23.296703296703527,-0.2637362637362912,1.0549450549449375,596.0,600.0,590.0
2024-10-16 21:03:20.370,57.05494505494494,-22.94505494505529,-0.3516483516483504,1.0549450549449375,595.0,600.0,590.0
2024-10-16 21:03:20.882,56.087912087911945,-22.50549450549488,-0.2637362637362912,1.0549450549449375,595.0,600.0,591.0
2024-10-16 21:03:21.410,55.03296703296701,-22.15384615384619,-0.2637362637362912,1.0549450549449375,595.0,599.0,591.0
2024-10-16 21:03:21.891,54.065934065934016,-21.71428571428578,-0.2637362637362912,1.0549450549449375,594.0,599.0,591.0
2024-10-16 21:03:22.403,53.01098901098908,-21.362637362637543,-0.2637362637362912,1.0549450549449375,594.0,599.0,591.0
2024-10-16 21:03:22.898,52.043956043956086,-20.923076923077133,-0.2637362637362912,1.0549450549449375,594.0,599.0,591.0
2024-10-16 21:03:23.411,51.076923076923094,-20.571428571428896,-0.3516483516483504,1.0549450549449375,593.0,599.0,591.0
2024-10-16 21:03:23.923,50.1098901098901,-20.219780219780205,-0.3516483516483504,1.0549450549449375,593.0,599.0,591.0
2024-10-16 21:03:24.420,49.05494505494494,-19.692307692308077,-0.2637362637362912,1.0549450549449375,592.0,598.0,592.0
2024-10-16 21:03:24.931,48.087912087911945,-19.340659340659386,-0.3516483516483504,1.0549450549449375,592.0,599.0,592.0
2024-10-16 21:03:25.443,47.12087912087918,-18.901098901098976,-0.3516483516483504,1.0549450549449375,592.0,598.0,592.0
2024-10-16 21:03:25.955,46.15384615384619,-18.54945054945074,-0.2637362637362912,1.0549450549449375,591.0,598.0,592.0
2024-10-16 21:03:26.451,45.01098901098908,-18.10989010989033,-0.3516483516483504,1.0549450549449375,590.0,598.0,592.0
2024-10-16 21:03:26.964,44.043956043956086,-17.758241758242093,-0.2637362637362912,1.0549450549449375,590.0,598.0,592.0
2024-10-16 21:03:27.475,43.16483516483504,-17.318681318681683,-0.2637362637362912,1.0549450549449375,590.0,598.0,592.0
2024-10-16 21:03:27.972,42.1098901098901,-16.967032967032992,-0.2637362637362912,1.0549450549449375,589.0,598.0,593.0
2024-10-16 21:03:28.483,41.14285714285711,-16.527472527472582,-0.2637362637362912,1.0549450549449375,589.0,598.0,593.0
2024-10-16 21:03:29.012,40.17582417582412,-16.087912087912173,-0.2637362637362912,1.0549450549449375,589.0,598.0,593.0
2024-10-16 21:03:29.491,39.12087912087918,-15.736263736263936,-0.2637362637362912,1.0549450549449375,588.0,598.0,593.0
2024-10-16 21:03:30.004,38.065934065934016,-15.296703296703527,-0.2637362637362912,1.0549450549449375,589.0,598.0,594.0
2024-10-16 21:03:30.516,37.01098901098908,-14.94505494505529,-0.2637362637362912,1.0549450549449375,588.0,597.0,594.0
2024-10-16 21:03:31.028,36.219780219780205,-14.50549450549488,-0.2637362637362912,1.0549450549449375,588.0,598.0,594.0
2024-10-16 21:03:31.524,35.16483516483504,-14.153846153846189,-0.3516483516483504,1.0549450549449375,587.0,598.0,594.0
2024-10-16 21:03:32.036,34.02197802197793,-13.71428571428578,-0.2637362637362912,1.0549450549449375,587.0,598.0,594.0
2024-10-16 21:03:32.533,33.14285714285711,-13.362637362637543,-0.3516483516483504,1.0549450549449375,587.0,598.0,595.0
2024-10-16 21:03:33.045,32.26373626373629,-12.923076923077133,-0.2637362637362912,1.0549450549449375,587.0,598.0,595.0
2024-10-16 21:03:33.557,31.12087912087918,-12.571428571428896,-0.3516483516483504,1.0549450549449375,586.0,598.0,596.0
2024-10-16 21:03:34.068,30.15384615384619,-12.131868131868487,-0.2637362637362912,1.0549450549449375,586.0,598.0,595.0
2024-10-16 21:03:34.564,29.01098901098908,-11.692307692308077,-0.3516483516483504,1.0549450549449375,586.0,598.0,596.0
2024-10-16 21:03:35.077,28.131868131868032,-11.340659340659386,-0.2637362637362912,1.0549450549449375,586.0,598.0,596.0
2024-10-16 21:03:35.589,27.16483516483504,-10.901098901098976,-0.3516483516483504,1.0549450549449375,585.0,598.0,596.0
2024-10-16 21:03:36.084,26.109890109890102,-10.54945054945074,-0.2637362637362912,1.0549450549449375,585.0,597.0,596.0
2024-10-16 21:03:36.596,25.230769230769283,-10.10989010989033,-0.2637362637362912,1.0549450549449375,585.0,597.0,597.0
2024-10-16 21:03:37.108,24.17582417582412,-9.758241758242093,-0.2637362637362912,1.0549450549449375,584.0,597.0,597.0
2024-10-16 21:03:37.605,23.12087912087918,-9.318681318681683,-0.3516483516483504,1.0549450549449375,584.0,597.0,597.0
2024-10-16 21:03:38.117,22.15384615384619,-9.054945054945165,-0.2637362637362912,1.0549450549449375,584.0,597.0,597.0
2024-10-16 21:03:38.628,21.098901098901024,-8.615384615384755,-0.3516483516483504,1.0549450549449375,584.0,597.0,597.0
2024-10-16 21:03:39.141,20.131868131868032,-8.087912087912173,-0.2637362637362912,1.0549450549449375,583.0,597.0,598.0
2024-10-16 21:03:39.637,19.164835164835267,-7.736263736263936,-0.2637362637362912,1.0549450549449375,583.0,597.0,597.0
2024-10-16 21:03:40.149,18.197802197802275,-7.296703296703527,-0.2637362637362912,1.0549450549449375,583.0,597.0,598.0
2024-10-16 21:03:40.661,17.230769230769283,-6.94505494505529,-0.3516483516483504,1.0549450549449375,582.0,597.0,598.0
2024-10-16 21:03:41.157,16.26373626373629,-6.50549450549488,-0.3516483516483504,1.0549450549449375,582.0,597.0,598.0
2024-10-16 21:03:41.669,15.208791208791126,-6.065934065934016,-0.3516483516483504,1.0549450549449375,582.0,597.0,598.0
2024-10-16 21:03:42.166,14.065934065934016,-5.714285714285779,-0.2637362637362912,1.0549450549449375,581.0,597.0,598.0
2024-10-16 21:03:42.678,13.098901098901024,-5.3626373626375425,-0.2637362637362912,1.0549450549449375,581.0,597.0,599.0
2024-10-16 21:03:43.190,12.13186813186826,-4.923076923077133,-0.2637362637362912,1.0549450549449375,581.0,597.0,599.0
2024-10-16 21:03:43.702,11.252747252747213,-4.571428571428896,-0.3516483516483504,1.0549450549449375,581.0,597.0,599.0
2024-10-16 21:03:44.198,10.28571428571422,-4.131868131868487,-0.2637362637362912,1.0549450549449375,580.0,596.0,599.0
2024-10-16 21:03:44.710,9.230769230769283,-3.780219780219795,-0.2637362637362912,1.0549450549449375,581.0,597.0,599.0
2024-10-16 21:03:45.222,8.263736263736291,-3.3406593406593856,-0.2637362637362912,1.0549450549449375,580.0,597.0,599.0
2024-10-16 21:03:45.718,7.208791208791126,-2.901098901098976,-0.2637362637362912,0.9670329670327646,580.0,596.0,600.0
2024-10-16 21:03:46.230,6.1538461538459615,-2.5494505494507393,-0.2637362637362912,0.9670329670327646,580.0,596.0,600.0
2024-10-16 21:03:46.742,5.098901098901024,-2.1098901098903298,-0.2637362637362912,0.9670329670327646,580.0,596.0,600.0
2024-10-16 21:03:47.238,4.131868131868259,-1.758241758242093,-0.3516483516483504,0.9670329670327646,579.0,596.0,600.0
2024-10-16 21:03:47.750,3.1648351648352673,-1.3186813186816835,-0.2637362637362912,0.9670329670327646,579.0,596.0,600.0
2024-10-16 21:03:48.262,2.2857142857142208,-0.967032967032992,-0.2637362637362912,0.9670329670327646,579.0,596.0,600.0
2024-10-16 21:03:48.774,1.2307692307692832,-0.5274725274725824,-0.2637362637362912,0.9670329670327646,579.0,596.0,601.0
2024-10-16 21:03:49.270,0.08791208791194549,-0.08791208791217286,-0.3516483516483504,0.9670329670327646,579.0,596.0,601.0
2024-10-16 21:03:49.783,-0.3516483516484641,0.8791208791208192,-0.2637362637362912,0.9670329670327646,578.0,596.0,601.0
2024-10-16 21:03:50.279,-0.7912087912088737,1.8461538461538112,-0.2637362637362912,0.9670329670327646,579.0,596.0,601.0
2024-10-16 21:03:50.791,-1.1428571428571104,2.9010989010985213,-0.2637362637362912,0.9670329670327646,579.0,596.0,601.0
2024-10-16 21:03:51.303,-1.58241758241752,3.8681318681315133,-0.3516483516483504,0.9670329670327646,578.0,596.0,602.0
2024-10-16 21:03:51.815,-1.934065934065984,4.835164835164505,-0.2637362637362912,0.9670329670327646,578.0,597.0,602.0
2024-10-16 21:03:52.311,-2.3736263736263936,5.89010989010967,-0.3516483516483504,0.9670329670327646,578.0,596.0,602.0
2024-10-16 21:03:52.822,-2.7252747252748577,6.857142857142662,-0.2637362637362912,0.9670329670327646,578.0,596.0,602.0
2024-10-16 21:03:53.335,-3.1648351648352673,7.912087912087827,-0.2637362637362912,0.9670329670327646,577.0,597.0,603.0
2024-10-16 21:03:53.831,-3.516483516483504,8.87912087912082,-0.2637362637362912,0.9670329670327646,577.0,597.0,603.0
2024-10-16 21:03:54.343,-3.9560439560439136,9.846153846153811,-0.3516483516483504,0.9670329670327646,577.0,597.0,603.0
2024-10-16 21:03:54.856,-4.395604395604323,10.901098901098521,-0.2637362637362912,0.9670329670327646,577.0,597.0,604.0
2024-10-16 21:03:55.351,-4.747252747252787,11.868131868131513,-0.2637362637362912,0.9670329670327646,577.0,597.0,604.0
2024-10-16 21:03:55.863,-5.186813186813197,12.835164835164505,-0.2637362637362912,1.0549450549449375,577.0,597.0,604.0
2024-10-16 21:03:56.376,-5.538461538461661,13.89010989010967,-0.2637362637362912,1.0549450549449375,577.0,597.0,605.0
2024-10-16 21:03:56.887,-5.9780219780220705,14.76923076923049,-0.2637362637362912,1.0549450549449375,576.0,597.0,605.0
2024-10-16 21:03:57.399,-6.329670329670307,15.912087912087827,-0.2637362637362912,1.0549450549449375,576.0,597.0,605.0
2024-10-16 21:03:57.895,-6.769230769230717,16.87912087912082,-0.2637362637362912,1.0549450549449375,576.0,597.0,605.0
2024-10-16 21:03:58.407,-7.120879120879181,17.84615384615381,-0.2637362637362912,1.0549450549449375,576.0,597.0,606.0
2024-10-16 21:03:58.904,-7.56043956043959,18.90109890109852,-0.2637362637362912,1.0549450549449375,576.0,597.0,606.0
2024-10-16 21:03:59.416,-7.9120879120880545,19.868131868131513,-0.3516483516483504,1.0549450549449375,576.0,597.0,607.0
2024-10-16 21:03:59.944,-8.351648351648464,20.835164835164505,-0.2637362637362912,0.9670329670327646,575.0,597.0,607.0
2024-10-16 21:04:00.424,-8.791208791208874,21.802197802197497,-0.2637362637362912,0.9670329670327646,575.0,597.0,607.0
2024-10-16 21:04:00.936,-9.14285714285711,22.857142857142662,-0.2637362637362912,1.0549450549449375,575.0,598.0,607.0
2024-10-16 21:04:01.448,-9.58241758241752,23.824175824175654,-0.2637362637362912,1.0549450549449375,575.0,598.0,608.0
2024-10-16 21:04:01.944,-9.934065934065984,24.791208791208646,-0.3516483516483504,1.0549450549449375,575.0,598.0,608.0
2024-10-16 21:04:02.456,-10.373626373626394,25.75824175824164,-0.2637362637362912,1.0549450549449375,575.0,598.0,608.0
2024-10-16 21:04:02.969,-10.725274725274858,26.813186813186803,-0.2637362637362912,1.0549450549449375,575.0,598.0,609.0
2024-10-16 21:04:03.464,-11.164835164835267,27.868131868131513,-0.2637362637362912,1.0549450549449375,575.0,598.0,609.0
2024-10-16 21:04:03.977,-11.516483516483504,28.747252747252787,-0.2637362637362912,1.0549450549449375,575.0,598.0,610.0
2024-10-16 21:04:04.488,-11.956043956043914,29.89010989010967,-0.3516483516483504,1.0549450549449375,574.0,598.0,610.0
2024-10-16 21:04:04.984,-12.395604395604323,30.857142857142662,-0.2637362637362912,1.0549450549449375,574.0,598.0,610.0
2024-10-16 21:04:05.496,-12.747252747252787,31.912087912087827,-0.2637362637362912,1.0549450549449375,574.0,598.0,611.0
2024-10-16 21:04:06.008,-13.186813186813197,32.87912087912082,-0.2637362637362912,1.0549450549449375,574.0,598.0,611.0
2024-10-16 21:04:06.521,-13.538461538461661,33.84615384615381,-0.2637362637362912,1.0549450549449375,574.0,599.0,611.0
2024-10-16 21:04:07.016,-13.97802197802207,34.90109890109852,-0.2637362637362912,1.0549450549449375,573.0,599.0,612.0
2024-10-16 21:04:07.544,-14.329670329670307,35.86813186813151,-0.2637362637362912,1.0549450549449375,574.0,599.0,612.0
2024-10-16 21:04:08.041,-14.769230769230717,36.74725274725279,-0.3516483516483504,1.0549450549449375,573.0,599.0,613.0
2024-10-16 21:04:08.537,-15.12087912087918,37.8021978021975,-0.3516483516483504,1.0549450549449375,573.0,599.0,613.0
2024-10-16 21:04:09.049,-15.56043956043959,38.85714285714266,-0.2637362637362912,1.0549450549449375,573.0,599.0,614.0
2024-10-16 21:04:09.561,-15.912087912088055,39.91208791208783,-0.3516483516483504,1.0549450549449375,573.0,599.0,614.0
2024-10-16 21:04:10.073,-16.351648351648464,40.87912087912082,-0.2637362637362912,1.0549450549449375,573.0,599.0,614.0
2024-10-16 21:04:10.569,-16.791208791208874,41.75824175824164,-0.2637362637362912,1.0549450549449375,573.0,599.0,614.0
2024-10-16 21:04:11.081,-17.14285714285711,42.90109890109852,-0.2637362637362912,1.0549450549449375,573.0,599.0,615.0
2024-10-16 21:04:11.577,-17.58241758241752,43.780219780219795,-0.2637362637362912,1.0549450549449375,572.0,600.0,615.0
2024-10-16 21:04:12.089,-17.934065934065984,44.74725274725279,-0.2637362637362912,1.0549450549449375,572.0,600.0,616.0
2024-10-16 21:04:12.601,-18.373626373626394,45.8021978021975,-0.2637362637362912,1.0549450549449375,572.0,600.0,616.0
2024-10-16 21:04:13.098,-18.725274725274858,46.76923076923049,-0.2637362637362912,1.0549450549449375,572.0,600.0,617.0
2024-10-16 21:04:13.609,-19.164835164835267,47.824175824175654,-0.3516483516483504,1.0549450549449375,572.0,600.0,617.0
2024-10-16 21:04:14.122,-19.516483516483504,48.791208791208646,-0.3516483516483504,1.0549450549449375,572.0,600.0,617.0
2024-10-16 21:04:14.617,-19.956043956043914,49.75824175824164,-0.3516483516483504,1.0549450549449375,572.0,600.0,618.0
2024-10-16 21:04:15.130,-20.395604395604323,50.8131868131868,-0.2637362637362912,1.0549450549449375,572.0,600.0,619.0
2024-10-16 21:04:15.641,-20.747252747252787,51.780219780219795,-0.2637362637362912,1.0549450549449375,571.0,601.0,619.0
2024-10-16 21:04:16.154,-21.186813186813197,52.74725274725279,-0.2637362637362912,1.0549450549449375,571.0,601.0,619.0
2024-10-16 21:04:16.650,-21.53846153846166,53.8021978021975,-0.3516483516483504,1.0549450549449375,571.0,601.0,620.0
2024-10-16 21:04:17.162,-21.97802197802207,54.85714285714266,-0.2637362637362912,1.0549450549449375,571.0,601.0,620.0
2024-10-16 21:04:17.674,-22.329670329670307,55.824175824175654,-0.2637362637362912,1.0549450549449375,571.0,601.0,620.0
2024-10-16 21:04:18.170,-22.769230769230717,56.87912087912082,-0.3516483516483504,1.0549450549449375,571.0,601.0,621.0
2024-10-16 21:04:18.682,-23.12087912087918,57.75824175824164,-0.2637362637362912,1.0549450549449375,571.0,601.0,621.0
2024-10-16 21:04:19.194,-23.56043956043959,58.8131868131868,-0.2637362637362912,1.0549450549449375,571.0,601.0,622.0
2024-10-16 21:04:19.690,-23.912087912088055,59.780219780219795,-0.2637362637362912,1.0549450549449375,571.0,601.0,622.0
2024-10-16 21:04:20.202,-24.351648351648464,60.659340659340614,-0.2637362637362912,1.0549450549449375,571.0,601.0,623.0
2024-10-16 21:04:20.714,-24.791208791208874,61.8021978021975,-0.2637362637362912,1.0549450549449375,571.0,602.0,623.0
2024-10-16 21:04:21.227,-25.14285714285711,62.76923076923049,-0.3516483516483504,1.0549450549449375,570.0,602.0,624.0
2024-10-16 21:04:21.722,-25.58241758241752,63.824175824175654,-0.2637362637362912,1.0549450549449375,570.0,602.0,624.0
2024-10-16 21:04:22.234,-25.934065934065984,64.79120879120865,-0.3516483516483504,1.0549450549449375,570.0,602.0,625.0
2024-10-16 21:04:22.730,-26.373626373626394,65.75824175824164,-0.2637362637362912,1.0549450549449375,570.0,602.0,625.0
2024-10-16 21:04:23.243,-26.725274725274858,66.8131868131868,-0.3516483516483504,1.0549450549449375,570.0,602.0,625.0
2024-10-16 21:04:23.755,-27.164835164835267,67.69230769230762,-0.2637362637362912,1.0549450549449375,570.0,602.0,626.0
2024-10-16 21:04:24.267,-27.516483516483504,68.74725274725279,-0.2637362637362912,1.0549450549449375,569.0,602.0,627.0
2024-10-16 21:04:24.763,-27.956043956043914,69.8021978021975,-0.2637362637362912,1.0549450549449375,570.0,602.0,627.0
2024-10-16 21:04:25.291,-28.395604395604323,70.85714285714266,-0.2637362637362912,1.0549450549449375,569.0,603.0,627.0
2024-10-16 21:04:25.787,-28.747252747252787,71.82417582417565,-0.2637362637362912,1.0549450549449375,569.0,603.0,628.0
2024-10-16 21:04:26.300,-29.186813186813197,72.79120879120865,-0.2637362637362912,1.0549450549449375,569.0,603.0,629.0
2024-10-16 21:04:26.795,-29.53846153846166,73.75824175824164,-0.3516483516483504,1.0549450549449375,569.0,603.0,629.0
2024-10-16 21:04:27.323,-29.97802197802207,74.8131868131868,-0.2637362637362912,1.0549450549449375,569.0,603.0,630.0
2024-10-16 21:04:27.804,-30.329670329670307,75.7802197802198,-0.2637362637362912,1.0549450549449375,569.0,603.0,630.0
2024-10-16 21:04:28.316,-30.769230769230717,76.65934065934061,-0.2637362637362912,1.0549450549449375,569.0,604.0,631.0
2024-10-16 21:04:28.827,-31.12087912087918,77.71428571428578,-0.2637362637362912,1.0549450549449375,569.0,604.0,631.0
2024-10-16 21:04:29.324,-31.56043956043959,78.68131868131832,-0.2637362637362912,1.0549450549449375,569.0,604.0,632.0
2024-10-16 21:04:29.836,-31.912087912088055,79.73626373626348,-0.2637362637362912,1.0549450549449375,569.0,604.0,632.0
2024-10-16 21:04:30.348,-32.351648351648464,80.79120879120865,-0.2637362637362912,1.0549450549449375,569.0,604.0,633.0
2024-10-16 21:04:30.859,-32.791208791208874,81.75824175824164,-0.2637362637362912,1.0549450549449375,568.0,604.0,633.0
2024-10-16 21:04:31.355,-33.14285714285711,82.72527472527463,-0.2637362637362912,1.0549450549449375,569.0,604.0,634.0
2024-10-16 21:04:31.868,-33.58241758241752,83.7802197802198,-0.2637362637362912,1.0549450549449375,568.0,604.0,634.0
2024-10-16 21:04:32.364,-33.934065934065984,84.74725274725279,-0.3516483516483504,1.0549450549449375,568.0,604.0,635.0
2024-10-16 21:04:32.876,-34.373626373626394,85.71428571428578,-0.2637362637362912,1.0549450549449375,568.0,604.0,635.0
2024-10-16 21:04:33.388,-34.72527472527486,86.68131868131832,-0.2637362637362912,1.0549450549449375,568.0,604.0,636.0
2024-10-16 21:04:33.900,-35.16483516483527,87.82417582417565,-0.2637362637362912,1.0549450549449375,568.0,604.0,637.0
2024-10-16 21:04:34.396,-35.516483516483504,88.79120879120865,-0.2637362637362912,1.0549450549449375,568.0,604.0,637.0
2024-10-16 21:04:34.908,-35.956043956043914,89.67032967032947,-0.2637362637362912,1.0549450549449375,567.0,605.0,638.0
2024-10-16 21:04:35.420,-36.39560439560432,90.72527472527463,-0.3516483516483504,1.0549450549449375,568.0,605.0,638.0
2024-10-16 21:04:35.916,-36.74725274725279,91.69230769230762,-0.2637362637362912,1.0549450549449375,568.0,605.0,639.0
2024-10-16 21:04:36.429,-37.1868131868132,92.74725274725279,-0.3516483516483504,1.0549450549449375,568.0,605.0,639.0
2024-10-16 21:04:36.941,-37.53846153846166,93.71428571428578,-0.2637362637362912,0.9670329670327646,567.0,605.0,640.0
2024-10-16 21:04:37.436,-37.97802197802207,94.68131868131832,-0.2637362637362912,1.0549450549449375,567.0,605.0,640.0
2024-10-16 21:04:37.949,-38.32967032967031,95.73626373626348,-0.2637362637362912,1.0549450549449375,567.0,605.0,641.0
2024-10-16 21:04:38.461,-38.76923076923072,96.70329670329647,-0.3516483516483504,1.0549450549449375,567.0,605.0,642.0
2024-10-16 21:04:38.957,-39.12087912087918,97.58241758241729,-0.3516483516483504,1.0549450549449375,567.0,605.0,642.0
2024-10-16 21:04:39.485,-39.56043956043959,98.72527472527463,-0.3516483516483504,1.0549450549449375,567.0,605.0,643.0
2024-10-16 21:04:39.981,-39.912087912088055,99.69230769230762,-0.3516483516483504,1.0549450549449375,567.0,605.0,644.0
2024-10-16 21:04:40.493,-40.351648351648464,100.57142857142844,-0.2637362637362912,1.0549450549449375,567.0,605.0,644.0
2024-10-16 21:04:41.005,-40.791208791208874,101.71428571428578,-0.2637362637362912,1.0549450549449375,567.0,606.0,645.0
2024-10-16 21:04:41.501,-41.14285714285711,102.68131868131832,-0.3516483516483504,1.0549450549449375,567.0,606.0,645.0
2024-10-16 21:04:42.013,-41.58241758241752,103.73626373626348,-0.2637362637362912,1.0549450549449375,567.0,606.0,646.0
2024-10-16 21:04:42.525,-41.934065934065984,104.70329670329647,-0.3516483516483504,1.0549450549449375,566.0,606.0,647.0
2024-10-16 21:04:43.021,-42.373626373626394,105.67032967032947,-0.3516483516483504,1.0549450549449375,566.0,606.0,647.0
2024-10-16 21:04:43.533,-42.72527472527486,106.63736263736246,-0.2637362637362912,1.0549450549449375,566.0,605.0,647.0
2024-10-16 21:04:44.029,-43.16483516483527,107.69230769230762,-0.3516483516483504,1.0549450549449375,566.0,605.0,648.0
2024-10-16 21:04:44.541,-43.516483516483504,108.65934065934061,-0.3516483516483504,1.0549450549449375,565.0,605.0,648.0
2024-10-16 21:04:45.057,-43.956043956043914,109.71428571428578,-0.3516483516483504,1.0549450549449375,565.0,605.0,649.0
2024-10-16 21:04:45.549,-44.39560439560432,110.5934065934066,-0.3516483516483504,1.0549450549449375,565.0,605.0,650.0
2024-10-16 21:04:46.062,-44.74725274725279,111.64835164835131,-0.3516483516483504,1.0549450549449375,565.0,606.0,650.0
2024-10-16 21:04:46.573,-45.1868131868132,112.70329670329647,-0.3516483516483504,1.0549450549449375,565.0,605.0,651.0
2024-10-16 21:04:47.070,-45.53846153846166,113.67032967032947,-0.2637362637362912,1.0549450549449375,565.0,606.0,652.0
2024-10-16 21:04:47.582,-45.97802197802207,114.63736263736246,-0.3516483516483504,1.0549450549449375,565.0,605.0,653.0
2024-10-16 21:04:48.094,-46.32967032967031,115.51648351648328,-0.2637362637362912,1.0549450549449375,565.0,605.0,653.0
2024-10-16 21:04:48.605,-46.76923076923072,116.48351648351627,-0.2637362637362912,1.0549450549449375,565.0,606.0,654.0
2024-10-16 21:04:49.103,-47.12087912087918,117.6263736263736,-0.2637362637362912,1.0549450549449375,565.0,606.0,655.0
2024-10-16 21:04:49.614,-47.56043956043959,118.68131868131832,-0.3516483516483504,1.0549450549449375,564.0,606.0,655.0
2024-10-16 21:04:50.126,-47.912087912088055,119.64835164835131,-0.2637362637362912,1.0549450549449375,565.0,606.0,656.0
2024-10-16 21:04:50.622,-48.351648351648464,120.70329670329647,-0.2637362637362912,1.0549450549449375,565.0,606.0,657.0
2024-10-16 21:04:51.135,-48.791208791208874,121.58241758241729,-0.2637362637362912,1.0549450549449375,564.0,606.0,658.0
2024-10-16 21:04:51.646,-49.14285714285711,122.63736263736246,-0.2637362637362912,1.0549450549449375,564.0,606.0,658.0
2024-10-16 21:04:52.142,-49.58241758241752,123.51648351648328,-0.3516483516483504,1.0549450549449375,564.0,606.0,659.0
2024-10-16 21:04:52.654,-49.934065934065984,124.48351648351627,-0.2637362637362912,1.0549450549449375,564.0,606.0,660.0
2024-10-16 21:04:53.182,-50.28571428571445,125.53846153846143,-0.2637362637362912,1.0549450549449375,564.0,606.0,661.0
2024-10-16 21:04:53.662,-50.72527472527486,126.50549450549443,-0.3516483516483504,1.0549450549449375,564.0,606.0,661.0
2024-10-16 21:04:54.176,-51.16483516483527,127.64835164835131,-0.2637362637362912,1.0549450549449375,564.0,606.0,662.0
2024-10-16 21:04:54.687,-51.516483516483504,128.52747252747258,-0.2637362637362912,1.0549450549449375,564.0,606.0,663.0
2024-10-16 21:04:55.183,-51.956043956043914,129.49450549450512,-0.2637362637362912,1.0549450549449375,564.0,606.0,664.0
2024-10-16 21:04:55.695,-52.39560439560432,130.54945054945028,-0.3516483516483504,1.0549450549449375,564.0,606.0,665.0
2024-10-16 21:04:56.207,-52.74725274725279,131.51648351648328,-0.3516483516483504,1.0549450549449375,564.0,606.0,666.0
2024-10-16 21:04:56.719,-53.1868131868132,132.48351648351627,-0.2637362637362912,1.0549450549449375,564.0,606.0,666.0
2024-10-16 21:04:57.215,-53.53846153846166,133.53846153846143,-0.2637362637362912,1.0549450549449375,564.0,606.0,667.0
2024-10-16 21:04:57.727,-53.97802197802207,134.50549450549443,-0.2637362637362912,1.0549450549449375,564.0,606.0,668.0
2024-10-16 21:04:58.239,-54.32967032967031,135.6483516483513,-0.2637362637362912,1.0549450549449375,563.0,606.0,669.0
2024-10-16 21:04:58.735,-54.76923076923072,136.6153846153843,-0.2637362637362912,1.0549450549449375,563.0,607.0,669.0
2024-10-16 21:04:59.248,-55.12087912087918,137.49450549450512,-0.2637362637362912,1.0549450549449375,563.0,606.0,670.0
2024-10-16 21:04:59.744,-55.648351648351536,138.4615384615381,-0.3516483516483504,1.0549450549449375,563.0,606.0,671.0
2024-10-16 21:05:00.255,-56.0,139.51648351648328,-0.3516483516483504,1.0549450549449375,563.0,606.0,671.0
2024-10-16 21:05:00.767,-56.351648351648464,140.48351648351627,-0.2637362637362912,1.0549450549449375,563.0,607.0,672.0
2024-10-16 21:05:01.279,-56.791208791208874,141.53846153846143,-0.2637362637362912,1.0549450549449375,563.0,606.0,673.0
2024-10-16 21:05:01.775,-57.14285714285711,142.50549450549443,-0.2637362637362912,1.0549450549449375,563.0,607.0,674.0
2024-10-16 21:05:02.288,-57.58241758241752,143.5604395604396,-0.3516483516483504,1.0549450549449375,563.0,606.0,675.0
2024-10-16 21:05:02.800,-57.934065934065984,144.52747252747258,-0.2637362637362912,1.0549450549449375,563.0,606.0,677.0
2024-10-16 21:05:03.296,-58.373626373626394,145.49450549450512,-0.2637362637362912,1.0549450549449375,562.0,606.0,677.0
2024-10-16 21:05:03.808,-58.72527472527486,146.3736263736264,-0.3516483516483504,1.0549450549449375,562.0,606.0,679.0
2024-10-16 21:05:04.320,-59.16483516483527,147.51648351648328,-0.2637362637362912,1.0549450549449375,563.0,606.0,680.0
2024-10-16 21:05:04.816,-59.516483516483504,148.48351648351627,-0.3516483516483504,1.0549450549449375,562.0,606.0,680.0
2024-10-16 21:05:05.328,-59.956043956043914,149.45054945054926,-0.2637362637362912,1.0549450549449375,562.0,606.0,681.0
2024-10-16 21:05:05.840,-59.69230769230785,148.8351648351645,-0.3516483516483504,1.0549450549449375,562.0,606.0,681.0
2024-10-16 21:05:06.352,-59.340659340659386,147.9560439560437,-0.2637362637362912,1.0549450549449375,562.0,606.0,681.0
2024-10-16 21:05:06.848,-58.901098901098976,146.9890109890107,-0.3516483516483504,1.0549450549449375,562.0,606.0,680.0
2024-10-16 21:05:07.360,-58.54945054945051,145.8461538461538,-0.2637362637362912,1.0549450549449375,562.0,605.0,679.0
2024-10-16 21:05:07.872,-58.1098901098901,144.87912087912082,-0.2637362637362912,1.0549450549449375,562.0,605.0,678.0
2024-10-16 21:05:08.368,-57.758241758241866,143.91208791208783,-0.2637362637362912,1.0549450549449375,562.0,605.0,677.0
2024-10-16 21:05:08.880,-57.318681318681456,142.94505494505484,-0.3516483516483504,1.0549450549449375,562.0,605.0,676.0
2024-10-16 21:05:09.392,-56.96703296703299,141.89010989010967,-0.3516483516483504,1.0549450549449375,562.0,606.0,675.0
2024-10-16 21:05:09.889,-56.52747252747258,140.92307692307668,-0.2637362637362912,1.0549450549449375,562.0,605.0,674.0
2024-10-16 21:05:10.416,-56.08791208791217,139.9560439560437,-0.2637362637362912,1.0549450549449375,561.0,605.0,673.0
2024-10-16 21:05:10.913,-55.73626373626371,138.9890109890107,-0.2637362637362912,1.0549450549449375,561.0,605.0,672.0
2024-10-16 21:05:11.409,-55.2967032967033,137.8461538461538,-0.3516483516483504,1.0549450549449375,561.0,605.0,671.0
2024-10-16 21:05:11.921,-54.94505494505506,136.87912087912082,-0.2637362637362912,1.0549450549449375,561.0,605.0,670.0
2024-10-16 21:05:12.433,-54.50549450549465,136.0,-0.2637362637362912,1.0549450549449375,561.0,605.0,669.0
2024-10-16 21:05:12.929,-54.15384615384619,134.94505494505484,-0.3516483516483504,1.0549450549449375,561.0,605.0,668.0
2024-10-16 21:05:13.441,-53.71428571428578,133.97802197802184,-0.3516483516483504,1.0549450549449375,561.0,605.0,667.0
2024-10-16 21:05:13.954,-53.362637362637315,132.92307692307668,-0.2637362637362912,1.0549450549449375,561.0,605.0,665.0
2024-10-16 21:05:14.465,-52.923076923076906,131.9560439560437,-0.2637362637362912,1.0549450549449375,561.0,605.0,664.0
2024-10-16 21:05:14.961,-52.57142857142867,130.9890109890107,-0.2637362637362912,1.0549450549449375,561.0,605.0,664.0
2024-10-16 21:05:15.473,-52.13186813186826,129.93406593406598,-0.2637362637362912,1.0549450549449375,561.0,605.0,663.0
2024-10-16 21:05:15.985,-51.69230769230785,128.967032967033,-0.2637362637362912,1.0549450549449375,561.0,605.0,662.0
2024-10-16 21:05:16.481,-51.340659340659386,127.91208791208783,-0.2637362637362912,1.0549450549449375,561.0,604.0,661.0
2024-10-16 21:05:16.993,-50.901098901098976,126.94505494505484,-0.3516483516483504,1.0549450549449375,561.0,605.0,660.0
2024-10-16 21:05:17.522,-50.54945054945051,125.97802197802184,-0.2637362637362912,1.0549450549449375,561.0,604.0,659.0
2024-10-16 21:05:18.001,-50.1098901098901,124.8351648351645,-0.2637362637362912,1.0549450549449375,561.0,604.0,658.0
2024-10-16 21:05:18.514,-49.758241758241866,123.95604395604369,-0.2637362637362912,1.0549450549449375,561.0,604.0,657.0
2024-10-16 21:05:19.041,-49.318681318681456,122.9890109890107,-0.2637362637362912,1.0549450549449375,561.0,604.0,657.0
2024-10-16 21:05:19.522,-48.96703296703299,121.93406593406598,-0.2637362637362912,1.0549450549449375,561.0,604.0,656.0
2024-10-16 21:05:20.034,-48.52747252747258,121.05494505494471,-0.2637362637362912,1.0549450549449375,561.0,604.0,655.0
2024-10-16 21:05:20.546,-48.08791208791217,120.0,-0.2637362637362912,1.0549450549449375,561.0,603.0,654.0
2024-10-16 21:05:21.042,-47.73626373626371,118.94505494505484,-0.2637362637362912,1.0549450549449375,561.0,604.0,654.0
2024-10-16 21:05:21.554,-47.2967032967033,117.97802197802184,-0.2637362637362912,1.0549450549449375,561.0,603.0,653.0
2024-10-16 21:05:22.066,-46.94505494505506,117.01098901098885,-0.3516483516483504,1.0549450549449375,561.0,603.0,652.0
2024-10-16 21:05:22.563,-46.50549450549465,115.95604395604369,-0.3516483516483504,1.0549450549449375,561.0,603.0,651.0
2024-10-16 21:05:23.075,-46.15384615384619,115.07692307692287,-0.3516483516483504,1.0549450549449375,561.0,603.0,651.0
2024-10-16 21:05:23.586,-45.71428571428578,113.93406593406598,-0.3516483516483504,1.0549450549449375,561.0,603.0,650.0
2024-10-16 21:05:24.099,-45.362637362637315,112.96703296703299,-0.3516483516483504,1.0549450549449375,561.0,603.0,649.0
2024-10-16 21:05:24.594,-44.923076923076906,112.0,-0.3516483516483504,1.0549450549449375,561.0,603.0,649.0
2024-10-16 21:05:25.107,-44.57142857142867,110.85714285714266,-0.2637362637362912,1.0549450549449375,561.0,603.0,647.0
2024-10-16 21:05:25.619,-44.13186813186826,109.97802197802184,-0.2637362637362912,1.0549450549449375,561.0,603.0,647.0
2024-10-16 21:05:26.115,-43.69230769230785,109.01098901098885,-0.2637362637362912,1.0549450549449375,561.0,602.0,646.0
2024-10-16 21:05:26.627,-43.340659340659386,108.04395604395586,-0.2637362637362912,1.0549450549449375,561.0,602.0,645.0
2024-10-16 21:05:27.139,-42.901098901098976,107.07692307692287,-0.2637362637362912,1.0549450549449375,561.0,602.0,645.0
2024-10-16 21:05:27.635,-42.54945054945051,105.93406593406598,-0.2637362637362912,1.0549450549449375,561.0,602.0,644.0
2024-10-16 21:05:28.146,-42.1098901098901,104.96703296703299,-0.2637362637362912,1.0549450549449375,561.0,602.0,644.0
2024-10-16 21:05:28.659,-41.84615384615404,104.0,-0.3516483516483504,1.0549450549449375,561.0,602.0,643.0
2024-10-16 21:05:29.171,-41.318681318681456,103.03296703296701,-0.2637362637362912,1.0549450549449375,561.0,601.0,642.0
2024-10-16 21:05:29.667,-40.96703296703299,101.97802197802184,-0.2637362637362912,1.0549450549449375,561.0,602.0,642.0
2024-10-16 21:05:30.195,-40.52747252747258,100.92307692307668,-0.2637362637362912,1.0549450549449375,561.0,602.0,641.0
2024-10-16 21:05:30.691,-40.08791208791217,99.95604395604369,-0.3516483516483504,1.0549450549449375,562.0,602.0,640.0
2024-10-16 21:05:31.187,-39.73626373626371,99.07692307692287,-0.3516483516483504,1.0549450549449375,562.0,601.0,640.0
2024-10-16 21:05:31.699,-39.2967032967033,97.93406593406598,-0.3516483516483504,1.0549450549449375,562.0,601.0,639.0
2024-10-16 21:05:32.195,-38.94505494505506,96.96703296703299,-0.2637362637362912,1.0549450549449375,562.0,601.0,638.0
2024-10-16 21:05:32.707,-38.50549450549465,96.0,-0.2637362637362912,1.0549450549449375,562.0,601.0,638.0
2024-10-16 21:05:33.219,-38.15384615384619,95.03296703296701,-0.2637362637362912,1.0549450549449375,562.0,601.0,637.0
2024-10-16 21:05:33.731,-37.71428571428578,93.97802197802184,-0.3516483516483504,0.9670329670327646,562.0,601.0,637.0
2024-10-16 21:05:34.228,-37.362637362637315,93.01098901098885,-0.2637362637362912,1.0549450549449375,562.0,601.0,636.0
2024-10-16 21:05:34.740,-36.923076923076906,91.95604395604369,-0.2637362637362912,1.0549450549449375,562.0,601.0,635.0
2024-10-16 21:05:35.251,-36.57142857142867,91.07692307692287,-0.3516483516483504,1.0549450549449375,562.0,601.0,635.0
2024-10-16 21:05:35.748,-36.13186813186826,90.0219780219777,-0.2637362637362912,1.0549450549449375,562.0,601.0,635.0
2024-10-16 21:05:36.260,-35.69230769230785,89.05494505494471,-0.2637362637362912,1.0549450549449375,562.0,600.0,634.0
2024-10-16 21:05:36.772,-35.340659340659386,88.08791208791172,-0.2637362637362912,1.0549450549449375,562.0,600.0,634.0
2024-10-16 21:05:37.268,-34.901098901098976,87.03296703296701,-0.3516483516483504,1.0549450549449375,562.0,600.0,633.0
2024-10-16 21:05:37.780,-34.54945054945051,86.06593406593402,-0.3516483516483504,1.0549450549449375,562.0,600.0,632.0
2024-10-16 21:05:38.292,-34.1098901098901,84.92307692307668,-0.3516483516483504,1.0549450549449375,562.0,600.0,632.0
2024-10-16 21:05:38.804,-33.758241758241866,84.04395604395586,-0.2637362637362912,1.0549450549449375,562.0,600.0,631.0
2024-10-16 21:05:39.300,-33.318681318681456,83.07692307692287,-0.2637362637362912,1.0549450549449375,563.0,600.0,631.0
2024-10-16 21:05:39.812,-32.96703296703299,82.0219780219777,-0.2637362637362912,1.0549450549449375,562.0,600.0,630.0
2024-10-16 21:05:40.308,-32.52747252747258,81.05494505494471,-0.2637362637362912,1.0549450549449375,562.0,599.0,630.0
2024-10-16 21:05:40.821,-32.08791208791217,80.08791208791172,-0.3516483516483504,1.0549450549449375,563.0,599.0,629.0
2024-10-16 21:05:41.332,-31.73626373626371,79.03296703296701,-0.3516483516483504,1.0549450549449375,563.0,599.0,628.0
2024-10-16 21:05:41.844,-31.2967032967033,78.06593406593402,-0.3516483516483504,1.0549450549449375,563.0,599.0,628.0
2024-10-16 21:05:42.341,-30.945054945055062,77.01098901098885,-0.2637362637362912,1.0549450549449375,563.0,599.0,627.0
2024-10-16 21:05:42.852,-30.505494505494653,76.04395604395586,-0.2637362637362912,1.0549450549449375,563.0,599.0,627.0
2024-10-16 21:05:43.364,-30.15384615384619,75.07692307692287,-0.2637362637362912,1.0549450549449375,563.0,599.0,626.0
2024-10-16 21:05:43.861,-29.71428571428578,74.0219780219777,-0.2637362637362912,1.0549450549449375,563.0,599.0,626.0
2024-10-16 21:05:44.374,-29.450549450549488,73.05494505494471,-0.2637362637362912,1.0549450549449375,564.0,598.0,625.0
2024-10-16 21:05:44.886,-28.835164835164733,72.08791208791172,-0.2637362637362912,1.0549450549449375,564.0,598.0,625.0
2024-10-16 21:05:45.382,-28.483516483516496,71.03296703296701,-0.2637362637362912,1.0549450549449375,564.0,598.0,624.0
2024-10-16 21:05:45.893,-28.13186813186826,70.06593406593402,-0.2637362637362912,1.0549450549449375,564.0,598.0,624.0
2024-10-16 21:05:46.437,-27.69230769230785,69.01098901098885,-0.2637362637362912,1.0549450549449375,564.0,598.0,623.0
2024-10-16 21:05:46.917,-27.340659340659386,68.04395604395586,-0.3516483516483504,1.0549450549449375,564.0,598.0,623.0
2024-10-16 21:05:47.413,-26.901098901098976,67.07692307692287,-0.2637362637362912,1.0549450549449375,564.0,598.0,623.0
2024-10-16 21:05:47.925,-26.637362637362685,66.0219780219777,-0.2637362637362912,1.0549450549449375,564.0,598.0,622.0
2024-10-16 21:05:48.437,-26.109890109890102,65.05494505494471,-0.3516483516483504,1.0549450549449375,564.0,598.0,622.0
2024-10-16 21:05:48.934,-25.758241758241866,64.08791208791172,-0.3516483516483504,1.0549450549449375,565.0,598.0,621.0
2024-10-16 21:05:49.446,-25.318681318681456,63.03296703296701,-0.2637362637362912,1.0549450549449375,565.0,598.0,620.0
2024-10-16 21:05:49.942,-24.967032967032992,62.065934065934016,-0.3516483516483504,1.0549450549449375,565.0,597.0,620.0
2024-10-16 21:05:50.454,-24.527472527472582,61.01098901098885,-0.2637362637362912,1.0549450549449375,566.0,597.0,619.0
2024-10-16 21:05:50.966,-24.087912087912173,60.04395604395586,-0.2637362637362912,0.9670329670327646,566.0,597.0,619.0
2024-10-16 21:05:51.478,-23.73626373626371,59.07692307692287,-0.2637362637362912,1.0549450549449375,566.0,597.0,619.0
2024-10-16 21:05:51.974,-23.2967032967033,58.0219780219777,-0.2637362637362912,1.0549450549449375,566.0,597.0,618.0
2024-10-16 21:05:52.486,-22.945054945055062,57.05494505494471,-0.2637362637362912,1.0549450549449375,566.0,597.0,618.0
2024-10-16 21:05:52.998,-22.505494505494653,56.08791208791172,-0.3516483516483504,1.0549450549449375,567.0,597.0,617.0
2024-10-16 21:05:53.494,-22.15384615384619,55.03296703296701,-0.2637362637362912,1.0549450549449375,567.0,597.0,616.0
2024-10-16 21:05:54.007,-21.71428571428578,54.065934065934016,-0.2637362637362912,1.0549450549449375,567.0,597.0,616.0
2024-10-16 21:05:54.518,-21.362637362637315,53.01098901098885,-0.2637362637362912,1.0549450549449375,567.0,596.0,616.0
2024-10-16 21:05:55.015,-20.923076923076906,52.04395604395586,-0.3516483516483504,1.0549450549449375,567.0,597.0,615.0
2024-10-16 21:05:55.526,-20.57142857142867,51.07692307692287,-0.2637362637362912,1.0549450549449375,567.0,596.0,615.0
2024-10-16 21:05:56.038,-20.13186813186826,50.0219780219777,-0.3516483516483504,1.0549450549449375,567.0,597.0,615.0
2024-10-16 21:05:56.550,-19.69230769230785,49.05494505494471,-0.2637362637362912,1.0549450549449375,568.0,596.0,614.0
2024-10-16 21:05:57.047,-19.340659340659386,48.08791208791172,-0.2637362637362912,1.0549450549449375,568.0,596.0,614.0
2024-10-16 21:05:57.559,-18.813186813186803,47.03296703296701,-0.3516483516483504,1.0549450549449375,568.0,596.0,613.0
2024-10-16 21:05:58.070,-18.46153846153834,46.065934065934016,-0.3516483516483504,1.0549450549449375,568.0,596.0,613.0
2024-10-16 21:05:58.566,-18.109890109890102,45.01098901098885,-0.3516483516483504,1.0549450549449375,568.0,596.0,612.0
2024-10-16 21:05:59.079,-17.758241758241866,44.04395604395586,-0.2637362637362912,1.0549450549449375,568.0,595.0,612.0
2024-10-16 21:05:59.591,-17.318681318681456,43.07692307692287,-0.2637362637362912,1.0549450549449375,568.0,596.0,611.0
2024-10-16 21:06:00.086,-16.967032967032992,42.0219780219777,-0.3516483516483504,1.0549450549449375,569.0,595.0,611.0
2024-10-16 21:06:00.599,-16.527472527472582,41.05494505494471,-0.3516483516483504,1.0549450549449375,569.0,595.0,610.0
2024-10-16 21:06:01.111,-16.0,40.08791208791172,-0.3516483516483504,1.0549450549449375,569.0,595.0,610.0
2024-10-16 21:06:01.607,-15.648351648351536,39.03296703296701,-0.3516483516483504,1.0549450549449375,569.0,595.0,609.0
2024-10-16 21:06:02.121,-15.2967032967033,38.065934065934016,-0.2637362637362912,1.0549450549449375,569.0,595.0,609.0
2024-10-16 21:06:02.631,-14.945054945055062,37.01098901098885,-0.2637362637362912,1.0549450549449375,569.0,595.0,609.0
2024-10-16 21:06:03.127,-14.505494505494653,36.04395604395586,-0.3516483516483504,1.0549450549449375,569.0,595.0,608.0
2024-10-16 21:06:03.655,-14.153846153846189,35.07692307692287,-0.2637362637362912,1.0549450549449375,570.0,595.0,608.0
2024-10-16 21:06:04.151,-13.71428571428578,34.0219780219777,-0.2637362637362912,1.0549450549449375,570.0,595.0,608.0
2024-10-16 21:06:04.647,-13.362637362637315,33.05494505494471,-0.3516483516483504,1.0549450549449375,570.0,594.0,607.0
2024-10-16 21:06:05.159,-12.923076923076906,32.08791208791172,-0.2637362637362912,1.0549450549449375,570.0,595.0,607.0
2024-10-16 21:06:05.671,-12.571428571428669,31.032967032967008,-0.2637362637362912,1.0549450549449375,570.0,594.0,607.0
2024-10-16 21:06:06.184,-12.13186813186826,30.065934065934016,-0.3516483516483504,1.0549450549449375,570.0,594.0,606.0
2024-10-16 21:06:06.680,-11.69230769230785,29.01098901098885,-0.2637362637362912,1.0549450549449375,570.0,594.0,606.0
2024-10-16 21:06:07.192,-11.340659340659386,28.04395604395586,-0.2637362637362912,1.0549450549449375,570.0,594.0,605.0
2024-10-16 21:06:07.703,-10.901098901098976,27.076923076922867,-0.3516483516483504,1.0549450549449375,571.0,594.0,605.0
2024-10-16 21:06:08.199,-10.549450549450512,26.021978021977702,-0.2637362637362912,1.0549450549449375,571.0,594.0,605.0
2024-10-16 21:06:08.712,-10.109890109890102,25.05494505494471,-0.2637362637362912,1.0549450549449375,571.0,594.0,604.0
2024-10-16 21:06:09.241,-9.758241758241866,24.087912087911718,-0.2637362637362912,1.0549450549449375,571.0,594.0,604.0
2024-10-16 21:06:09.720,-9.318681318681456,23.032967032967008,-0.2637362637362912,1.0549450549449375,571.0,594.0,604.0
2024-10-16 21:06:10.248,-8.967032967032992,22.065934065934016,-0.2637362637362912,1.0549450549449375,572.0,594.0,604.0
2024-10-16 21:06:10.744,-8.439560439560637,21.01098901098885,-0.2637362637362912,1.0549450549449375,572.0,594.0,603.0
2024-10-16 21:06:11.240,-8.087912087912173,20.04395604395586,-0.2637362637362912,1.0549450549449375,572.0,594.0,603.0
2024-10-16 21:06:11.752,-7.736263736263709,19.076923076922867,-0.2637362637362912,1.0549450549449375,572.0,593.0,603.0
2024-10-16 21:06:12.265,-7.208791208791126,18.021978021977702,-0.2637362637362912,0.9670329670327646,572.0,594.0,603.0
2024-10-16 21:06:12.760,-6.85714285714289,17.05494505494471,-0.2637362637362912,0.9670329670327646,572.0,593.0,602.0
2024-10-16 21:06:13.272,-6.41758241758248,16.087912087911718,-0.2637362637362912,0.9670329670327646,572.0,594.0,602.0
2024-10-16 21:06:13.784,-6.153846153846189,15.032967032967008,-0.2637362637362912,0.9670329670327646,572.0,593.0,601.0
2024-10-16 21:06:14.296,-5.626373626373834,14.065934065934016,-0.2637362637362912,0.9670329670327646,573.0,593.0,601.0
2024-10-16 21:06:14.792,-5.362637362637315,13.010989010988851,-0.2637362637362912,0.9670329670327646,573.0,593.0,601.0
2024-10-16 21:06:15.305,-4.835164835164733,12.043956043955859,-0.2637362637362912,0.9670329670327646,573.0,593.0,601.0
2024-10-16 21:06:15.817,-4.483516483516496,11.076923076922867,-0.2637362637362912,0.9670329670327646,573.0,593.0,600.0
2024-10-16 21:06:16.313,-4.131868131868259,10.021978021977702,-0.2637362637362912,0.9670329670327646,573.0,593.0,600.0
2024-10-16 21:06:16.825,-3.6923076923078497,9.05494505494471,-0.3516483516483504,0.9670329670327646,573.0,593.0,600.0
2024-10-16 21:06:17.337,-3.3406593406593856,8.087912087911718,-0.3516483516483504,0.9670329670327646,573.0,593.0,600.0
2024-10-16 21:06:17.833,-2.813186813186803,7.032967032967008,-0.2637362637362912,0.9670329670327646,574.0,593.0,600.0
2024-10-16 21:06:18.345,-2.461538461538339,6.065934065934016,-0.3516483516483504,0.9670329670327646,574.0,593.0,599.0
2024-10-16 21:06:18.857,-2.1098901098901024,5.010989010988851,-0.2637362637362912,0.9670329670327646,574.0,593.0,599.0
2024-10-16 21:06:19.353,-1.6703296703296928,4.043956043955859,-0.2637362637362912,0.9670329670327646,574.0,593.0,598.0
2024-10-16 21:06:19.866,-1.318681318681456,3.076923076922867,-0.2637362637362912,0.9670329670327646,574.0,593.0,598.0
2024-10-16 21:06:20.378,-0.8791208791210465,2.021978021977702,-0.2637362637362912,0.8791208791208192,574.0,592.0,598.0
2024-10-16 21:06:20.873,-0.5274725274725824,1.0549450549447101,-0.3516483516483504,0.8791208791208192,574.0,592.0,598.0
