2024-10-16 20:10:29.754,-0.0,0.0,0.0,-0.0879120879120876,536.0,507.0,514.0
2024-10-16 20:10:30.057,-0.0,0.0,0.0,0.9670329670329636,536.0,507.0,514.0
2024-10-16 20:10:30.362,-0.0,0.0,0.0,1.9340659340659414,536.0,507.0,514.0
2024-10-16 20:10:30.665,-0.0,0.0,0.0,2.9890109890109926,537.0,508.0,515.0
2024-10-16 20:10:30.969,-0.0,0.0,0.0,3.956043956043956,537.0,507.0,515.0
2024-10-16 20:10:31.274,-0.0,0.0,0.0,4.92307692307692,537.0,508.0,515.0
2024-10-16 20:10:31.577,-0.0,0.0,0.0,5.890109890109898,538.0,508.0,515.0
2024-10-16 20:10:31.881,-0.0,0.0,0.0,6.857142857142861,538.0,508.0,516.0
2024-10-16 20:10:32.186,-0.0,0.0,0.0,7.912087912087912,538.0,508.0,516.0
2024-10-16 20:10:32.490,-0.0,0.0,0.0,8.967032967032964,539.0,508.0,516.0
2024-10-16 20:10:32.794,-0.0,0.08791208791217286,0.0,9.934065934065941,539.0,508.0,517.0
2024-10-16 20:10:33.097,-0.0,0.0,0.0,10.989010989010993,540.0,508.0,517.0
2024-10-16 20:10:33.402,-0.0,0.0,0.0,11.956043956043956,540.0,508.0,518.0
2024-10-16 20:10:33.706,-0.0,0.0,0.0,12.92307692307692,540.0,508.0,518.0
2024-10-16 20:10:34.010,-0.0,0.0,0.0,13.978021978021985,540.0,509.0,518.0
2024-10-16 20:10:34.313,-0.0,0.0,0.0,14.857142857142861,541.0,509.0,518.0
2024-10-16 20:10:34.618,-0.0,0.08791208791217286,0.0,15.824175824175825,541.0,509.0,519.0
2024-10-16 20:10:34.922,-0.0,0.0,0.0,16.967032967032964,541.0,509.0,519.0
2024-10-16 20:10:35.226,-0.0,0.0,0.0,17.846153846153854,541.0,509.0,519.0
2024-10-16 20:10:35.530,-0.0,0.0,0.0,18.901098901098905,542.0,509.0,519.0
2024-10-16 20:10:35.834,-0.0,0.08791208791217286,0.0,19.86813186813187,543.0,509.0,520.0
2024-10-16 20:10:36.138,-0.0,0.08791208791217286,0.0,20.92307692307692,542.0,509.0,520.0
2024-10-16 20:10:36.442,-0.0,0.0,0.0,21.890109890109898,543.0,509.0,520.0
2024-10-16 20:10:36.746,-0.0,0.0,0.0,22.94505494505495,543.0,509.0,521.0
2024-10-16 20:10:37.050,-0.0,0.08791208791217286,0.0,23.912087912087912,543.0,509.0,521.0
2024-10-16 20:10:37.355,-0.0879120879120876,0.0,0.0,24.967032967032964,543.0,509.0,521.0
2024-10-16 20:10:37.658,-0.0,0.0,0.0,25.93406593406594,544.0,510.0,521.0
2024-10-16 20:10:37.962,-0.0,0.0,0.0,26.989010989010993,544.0,510.0,521.0
2024-10-16 20:10:38.266,-0.0,0.0,0.0,27.956043956043956,545.0,510.0,522.0
2024-10-16 20:10:38.570,-0.0,0.08791208791217286,0.0,28.835164835164832,545.0,510.0,522.0
2024-10-16 20:10:38.874,-0.0,0.0,0.0,29.978021978021985,545.0,510.0,522.0
2024-10-16 20:10:39.179,-0.0,0.0,0.0,30.94505494505495,545.0,510.0,522.0
2024-10-16 20:10:39.482,-0.0,0.08791208791217286,0.0,31.824175824175825,546.0,510.0,522.0
2024-10-16 20:10:39.803,-0.0,0.0,0.0,32.967032967032964,546.0,510.0,523.0
2024-10-16 20:10:40.090,-0.0,0.0,0.0,33.846153846153854,546.0,510.0,523.0
2024-10-16 20:10:40.395,-0.0,0.0,0.0,34.98901098901099,547.0,510.0,523.0
2024-10-16 20:10:40.698,-0.0879120879120876,0.0,0.0,35.956043956043956,547.0,510.0,524.0
2024-10-16 20:10:41.019,-0.0,0.08791208791217286,0.0,36.83516483516483,547.0,510.0,524.0
2024-10-16 20:10:41.306,-0.0,0.0,0.0,37.978021978021985,548.0,510.0,524.0
2024-10-16 20:10:41.610,-0.0,0.0,0.0,38.85714285714286,548.0,510.0,524.0
2024-10-16 20:10:41.930,-0.0,0.08791208791217286,0.0,39.91208791208791,548.0,511.0,525.0
2024-10-16 20:10:42.219,-0.0,0.08791208791217286,0.0,40.879120879120876,549.0,511.0,525.0
2024-10-16 20:10:42.538,-0.0,0.0,0.0,41.93406593406594,549.0,510.0,525.0
2024-10-16 20:10:42.827,-0.0,0.0,0.0,42.901098901098905,549.0,511.0,525.0
2024-10-16 20:10:43.147,-0.0,0.0,0.0,43.86813186813187,549.0,511.0,525.0
2024-10-16 20:10:43.451,-0.0,0.0,0.0,44.83516483516483,550.0,511.0,526.0
2024-10-16 20:10:43.739,-0.0,0.0,0.0,45.978021978021985,550.0,511.0,526.0
2024-10-16 20:10:44.059,-0.0,0.0,0.0,46.94505494505495,550.0,511.0,526.0
2024-10-16 20:10:44.363,-0.0,0.0,0.0,47.824175824175825,550.0,511.0,526.0
2024-10-16 20:10:44.667,-0.0879120879120876,0.0,0.0,48.967032967032964,551.0,511.0,527.0
2024-10-16 20:10:44.955,-0.0,0.0,0.0,49.93406593406594,551.0,511.0,527.0
2024-10-16 20:10:45.275,-0.0,0.08791208791217286,0.0,50.98901098901099,551.0,511.0,527.0
2024-10-16 20:10:45.580,-0.0,0.0,0.0,51.956043956043956,551.0,511.0,527.0
2024-10-16 20:10:45.883,-0.0,0.08791208791217286,0.0,52.92307692307692,552.0,511.0,527.0
2024-10-16 20:10:46.187,-0.0,0.0,0.0,53.978021978021985,552.0,511.0,527.0
2024-10-16 20:10:46.491,-0.0,0.0,0.0,54.85714285714286,552.0,512.0,528.0
2024-10-16 20:10:46.795,-0.0,0.08791208791217286,0.0,55.824175824175825,553.0,511.0,528.0
2024-10-16 20:10:47.099,-0.0,0.08791208791217286,0.0,56.879120879120876,553.0,511.0,528.0
2024-10-16 20:10:47.403,-0.0,0.0,0.0,57.84615384615384,553.0,511.0,528.0
2024-10-16 20:10:47.707,-0.0,0.0,0.0,58.901098901098905,554.0,512.0,528.0
2024-10-16 20:10:48.011,-0.0,0.0,0.0,59.86813186813187,554.0,512.0,528.0
2024-10-16 20:10:48.315,-0.0,0.0,0.0,60.835164835164846,554.0,512.0,529.0
2024-10-16 20:10:48.619,-0.0,0.0,0.0,61.8901098901099,554.0,512.0,528.0
2024-10-16 20:10:48.923,-0.0,0.0,0.0,62.85714285714286,554.0,512.0,529.0
2024-10-16 20:10:49.228,-0.0,0.0,0.0,63.824175824175825,555.0,512.0,529.0
2024-10-16 20:10:49.531,-0.0,0.0,0.0,64.87912087912088,555.0,512.0,529.0
2024-10-16 20:10:49.835,-0.0,0.0,0.0,65.84615384615384,555.0,512.0,529.0
2024-10-16 20:10:50.139,-0.0,0.0,0.0,66.9010989010989,555.0,512.0,530.0
2024-10-16 20:10:50.444,-0.0,0.08791208791217286,0.0,67.86813186813185,556.0,512.0,530.0
2024-10-16 20:10:50.748,-0.0,0.0,0.0,68.83516483516485,556.0,512.0,530.0
2024-10-16 20:10:51.051,-0.0,0.0,0.0,69.8901098901099,556.0,512.0,530.0
2024-10-16 20:10:51.356,-0.0,0.0,0.0,70.85714285714286,556.0,512.0,530.0
2024-10-16 20:10:51.660,-0.0,0.0,0.0,71.82417582417582,557.0,512.0,530.0
2024-10-16 20:10:51.963,-0.0,0.0,0.0,72.87912087912088,557.0,512.0,530.0
2024-10-16 20:10:52.268,-0.0,0.0,0.0,73.84615384615384,557.0,512.0,530.0
2024-10-16 20:10:52.572,-0.0,0.0,0.0,74.90109890109892,557.0,512.0,531.0
2024-10-16 20:10:52.876,-0.0,0.0,0.0,75.86813186813185,557.0,513.0,531.0
2024-10-16 20:10:53.180,-0.0,0.0,0.0,76.92307692307693,557.0,512.0,530.0
2024-10-16 20:10:53.484,-0.0,0.08791208791217286,0.0,77.8901098901099,558.0,513.0,531.0
2024-10-16 20:10:53.788,-0.0,0.0,0.0,78.85714285714286,558.0,513.0,531.0
2024-10-16 20:10:54.092,-0.0,0.0,0.0,79.82417582417582,558.0,513.0,531.0
2024-10-16 20:10:54.396,-0.0,0.0,0.0,80.87912087912088,558.0,513.0,531.0
2024-10-16 20:10:54.700,-0.0,0.0,0.0,81.84615384615384,558.0,513.0,531.0
2024-10-16 20:10:55.004,-0.0,0.0,0.0,82.90109890109892,558.0,513.0,531.0
2024-10-16 20:10:55.308,-0.0,0.0,0.0,83.86813186813185,559.0,512.0,531.0
2024-10-16 20:10:55.612,-0.0,0.08791208791217286,0.0,84.83516483516485,559.0,513.0,531.0
2024-10-16 20:10:55.932,-0.0879120879120876,0.08791208791217286,0.0,85.8901098901099,559.0,513.0,531.0
2024-10-16 20:10:56.220,-0.0,0.08791208791217286,0.0,86.76923076923077,559.0,513.0,531.0
2024-10-16 20:10:56.524,-0.0,0.0,0.0,87.82417582417582,559.0,513.0,531.0
2024-10-16 20:10:56.828,-0.0,0.0,0.0,88.87912087912088,559.0,513.0,531.0
2024-10-16 20:10:57.132,-0.0,0.08791208791217286,0.0,89.84615384615384,559.0,513.0,531.0
2024-10-16 20:10:57.436,-0.0,0.0,0.0,90.90109890109892,559.0,513.0,531.0
2024-10-16 20:10:57.741,-0.0,0.0,0.0,91.86813186813188,559.0,513.0,531.0
2024-10-16 20:10:58.044,-0.0,0.0,0.0,92.74725274725276,560.0,513.0,531.0
2024-10-16 20:10:58.348,-0.0,0.0,0.0,93.8901098901099,559.0,513.0,531.0
2024-10-16 20:10:58.652,-0.0,0.0,0.0,94.85714285714286,560.0,514.0,531.0
2024-10-16 20:10:58.956,-0.0,0.0,0.0,95.82417582417582,559.0,513.0,531.0
2024-10-16 20:10:59.261,-0.0879120879120876,0.0,0.0,96.87912087912088,559.0,513.0,531.0
2024-10-16 20:10:59.564,-0.0,0.0,0.0,97.75824175824175,559.0,514.0,531.0
2024-10-16 20:10:59.868,-0.0,0.0,0.0,98.90109890109892,559.0,514.0,531.0
2024-10-16 20:11:00.173,-0.0,0.08791208791217286,0.0,99.86813186813188,559.0,514.0,531.0
2024-10-16 20:11:00.476,-0.0,0.0,0.0,100.83516483516485,559.0,514.0,531.0
2024-10-16 20:11:00.780,-0.0,0.0,0.0,101.8901098901099,559.0,514.0,530.0
2024-10-16 20:11:01.085,-0.0,0.0,0.0,102.76923076923077,559.0,513.0,530.0
2024-10-16 20:11:01.389,-0.0,0.0,0.0,103.82417582417582,559.0,514.0,530.0
2024-10-16 20:11:01.693,-0.0,0.0,0.0,104.79120879120879,559.0,514.0,530.0
2024-10-16 20:11:02.013,-0.0,0.0,0.0,105.84615384615384,559.0,514.0,530.0
2024-10-16 20:11:02.301,-0.0,0.08791208791217286,0.0,106.90109890109892,559.0,514.0,530.0
2024-10-16 20:11:02.605,-0.0,0.0,0.0,107.86813186813188,559.0,514.0,529.0
2024-10-16 20:11:02.909,-0.0,0.0,0.0,108.83516483516485,559.0,514.0,529.0
2024-10-16 20:11:03.213,-0.0,0.0,0.0,109.80219780219781,559.0,514.0,529.0
2024-10-16 20:11:03.517,-0.0,0.0,0.0,110.85714285714286,558.0,514.0,528.0
2024-10-16 20:11:03.821,-0.0,0.0,0.0,111.82417582417582,558.0,514.0,529.0
2024-10-16 20:11:04.125,-0.0,0.0,0.0,112.79120879120879,558.0,514.0,528.0
2024-10-16 20:11:04.429,-0.0,0.0,0.0,113.84615384615384,558.0,514.0,528.0
2024-10-16 20:11:04.749,-0.0,0.0,0.0,114.8131868131868,558.0,514.0,527.0
2024-10-16 20:11:05.053,-0.0,0.0,-0.08791208791217286,115.7802197802198,557.0,514.0,527.0
2024-10-16 20:11:05.341,-0.0,0.0,0.0,116.83516483516485,557.0,515.0,527.0
2024-10-16 20:11:05.645,-0.0879120879120876,0.0,0.0,117.80219780219781,556.0,515.0,526.0
2024-10-16 20:11:05.965,-0.0,0.0,0.0,118.85714285714286,556.0,514.0,526.0
2024-10-16 20:11:06.269,-0.0,0.0,0.0,119.73626373626374,556.0,514.0,525.0
2024-10-16 20:11:06.557,-0.0,0.0,0.0,120.79120879120879,555.0,514.0,525.0
2024-10-16 20:11:06.877,-0.0,0.0,0.0,121.67032967032966,556.0,514.0,525.0
2024-10-16 20:11:07.181,-0.0,0.0,-0.08791208791217286,122.8131868131868,555.0,514.0,524.0
2024-10-16 20:11:07.485,-0.0,0.08791208791217286,0.0,123.69230769230771,554.0,514.0,524.0
2024-10-16 20:11:07.774,-0.0,0.0,0.0,124.65934065934067,554.0,514.0,523.0
2024-10-16 20:11:08.093,-0.0,0.0,0.0,125.80219780219781,553.0,514.0,523.0
2024-10-16 20:11:08.413,-0.0,0.0,0.0,126.68131868131869,552.0,514.0,522.0
2024-10-16 20:11:08.797,-0.0,0.08791208791217286,0.0,127.64835164835165,552.0,514.0,521.0
2024-10-16 20:11:09.102,-0.0,0.0,0.0,128.7912087912088,551.0,514.0,521.0
2024-10-16 20:11:09.405,-0.0,0.0,0.0,129.75824175824175,551.0,514.0,520.0
2024-10-16 20:11:09.710,-0.0,0.0,0.0,130.8131868131868,550.0,514.0,520.0
2024-10-16 20:11:10.030,-0.0,0.0,-0.08791208791217286,131.6923076923077,549.0,514.0,519.0
2024-10-16 20:11:10.413,-0.0,0.0,0.0,132.74725274725276,549.0,514.0,519.0
2024-10-16 20:11:10.718,-0.0,0.0,0.0,133.71428571428572,548.0,514.0,519.0
2024-10-16 20:11:11.037,-0.0,0.0,-0.08791208791217286,134.6813186813187,547.0,514.0,518.0
2024-10-16 20:11:11.326,-0.0,0.0,0.0,135.73626373626374,547.0,514.0,517.0
2024-10-16 20:11:11.629,-0.0,0.08791208791217286,0.0,136.7912087912088,546.0,514.0,517.0
2024-10-16 20:11:11.949,-0.0,0.0,0.0,137.75824175824175,546.0,514.0,516.0
2024-10-16 20:11:12.238,-0.0,0.0,0.0,138.72527472527474,544.0,514.0,515.0
2024-10-16 20:11:12.542,-0.0,0.0,0.0,139.7802197802198,544.0,514.0,514.0
2024-10-16 20:11:12.846,-0.0,0.0,-0.08791208791217286,140.65934065934067,544.0,514.0,514.0
2024-10-16 20:11:13.166,-0.0,0.08791208791217286,-0.08791208791217286,141.71428571428572,543.0,514.0,513.0
2024-10-16 20:11:13.454,-0.0,0.0,0.0,142.6813186813187,542.0,514.0,513.0
2024-10-16 20:11:13.758,-0.0,0.08791208791217286,0.0,143.64835164835165,541.0,514.0,512.0
2024-10-16 20:11:14.062,-0.0,0.0,0.0,144.7912087912088,540.0,514.0,511.0
2024-10-16 20:11:14.382,-0.0,0.08791208791217286,-0.08791208791217286,145.84615384615384,540.0,514.0,510.0
2024-10-16 20:11:14.686,-0.0,0.0,0.0,146.72527472527474,539.0,514.0,510.0
2024-10-16 20:11:14.974,-0.0,0.0,-0.08791208791217286,147.7802197802198,539.0,514.0,510.0
2024-10-16 20:11:15.310,-0.0,0.0,0.0,148.65934065934067,538.0,514.0,509.0
2024-10-16 20:11:15.694,-0.0,0.0,0.0,149.71428571428572,537.0,514.0,508.0
2024-10-16 20:11:15.998,-0.0,0.0,-0.08791208791217286,148.83516483516485,538.0,514.0,509.0
2024-10-16 20:11:16.302,-0.0,0.0,-0.08791208791217286,147.86813186813188,538.0,514.0,509.0
2024-10-16 20:11:16.606,-0.0,0.0,-0.08791208791217286,146.90109890109892,538.0,514.0,509.0
2024-10-16 20:11:16.910,-0.0,0.0,0.0,145.84615384615384,539.0,514.0,509.0
2024-10-16 20:11:17.214,-0.0,0.0,0.0,144.87912087912088,539.0,514.0,510.0
2024-10-16 20:11:17.518,-0.0,0.0,-0.08791208791217286,143.82417582417582,540.0,514.0,511.0
2024-10-16 20:11:17.822,-0.0,0.0,0.0,142.85714285714286,540.0,513.0,511.0
2024-10-16 20:11:18.126,-0.0,0.0,0.0,141.8901098901099,541.0,514.0,512.0
2024-10-16 20:11:18.431,-0.0,0.08791208791217286,0.0,140.83516483516485,542.0,513.0,512.0
2024-10-16 20:11:18.734,-0.0,0.0,0.0,139.86813186813188,542.0,514.0,513.0
2024-10-16 20:11:19.038,-0.0,0.0,0.0,138.90109890109892,543.0,513.0,513.0
2024-10-16 20:11:19.342,-0.0,0.0,0.0,137.84615384615384,544.0,514.0,514.0
2024-10-16 20:11:19.646,-0.0,0.0,0.0,136.87912087912088,544.0,513.0,515.0
2024-10-16 20:11:19.950,-0.0,0.0,0.0,135.82417582417582,545.0,513.0,516.0
2024-10-16 20:11:20.254,-0.0,0.0,0.0,134.85714285714286,546.0,513.0,516.0
2024-10-16 20:11:20.558,-0.0,0.08791208791217286,0.0,133.97802197802199,546.0,513.0,517.0
2024-10-16 20:11:20.863,-0.0,0.0,0.0,132.92307692307693,547.0,513.0,517.0
2024-10-16 20:11:21.167,-0.0,0.0,0.0,131.86813186813188,548.0,513.0,518.0
2024-10-16 20:11:21.470,-0.0,0.0,0.0,130.90109890109892,548.0,513.0,519.0
2024-10-16 20:11:21.775,-0.0,0.0,0.0,129.84615384615384,549.0,513.0,519.0
2024-10-16 20:11:22.079,-0.0,0.0,0.0,128.87912087912088,549.0,513.0,520.0
2024-10-16 20:11:22.383,-0.0,0.0,-0.08791208791217286,127.82417582417582,550.0,513.0,520.0
2024-10-16 20:11:22.687,-0.0,0.0,0.0,126.94505494505495,551.0,513.0,521.0
2024-10-16 20:11:22.990,-0.0,0.0,0.0,125.8901098901099,551.0,513.0,521.0
2024-10-16 20:11:23.295,-0.0,0.0,0.0,124.92307692307693,552.0,513.0,522.0
2024-10-16 20:11:23.599,-0.0,0.0,0.0,123.86813186813188,552.0,513.0,523.0
2024-10-16 20:11:23.903,-0.0,0.0,0.0,122.90109890109889,553.0,513.0,523.0
2024-10-16 20:11:24.207,-0.0,0.08791208791217286,0.0,121.84615384615384,553.0,513.0,523.0
2024-10-16 20:11:24.543,-0.0,0.0,0.0,120.87912087912088,554.0,513.0,524.0
2024-10-16 20:11:24.927,-0.0,0.0,0.0,119.91208791208791,554.0,512.0,524.0
2024-10-16 20:11:25.231,-0.0,0.0,0.0,119.03296703296704,555.0,513.0,525.0
2024-10-16 20:11:25.536,-0.0,0.0,0.0,118.06593406593407,555.0,513.0,525.0
2024-10-16 20:11:25.839,-0.0,0.0,0.0,116.92307692307693,555.0,512.0,526.0
2024-10-16 20:11:26.143,-0.0,0.0,0.0,115.95604395604397,555.0,513.0,526.0
2024-10-16 20:11:26.447,-0.0,0.0,0.0,115.0769230769231,556.0,512.0,526.0
2024-10-16 20:11:26.751,-0.0,0.0,0.0,114.02197802197801,556.0,512.0,527.0
2024-10-16 20:11:27.055,-0.0,0.0,0.0,113.05494505494505,556.0,512.0,527.0
2024-10-16 20:11:27.359,-0.0,0.0,0.0,112.0,556.0,512.0,527.0
2024-10-16 20:11:27.663,-0.0,0.0,0.0,110.94505494505495,557.0,512.0,527.0
2024-10-16 20:11:27.967,-0.0,0.0,0.0,110.06593406593407,557.0,512.0,528.0
2024-10-16 20:11:28.271,-0.0,0.0,0.0,108.92307692307693,557.0,512.0,528.0
2024-10-16 20:11:28.575,-0.0,0.08791208791217286,0.0,107.95604395604397,557.0,512.0,528.0
2024-10-16 20:11:28.895,-0.0,0.08791208791217286,0.0,107.0769230769231,557.0,512.0,528.0
2024-10-16 20:11:29.296,-0.0,0.0,0.0,106.02197802197801,557.0,512.0,528.0
2024-10-16 20:11:29.584,-0.0,0.08791208791217286,0.0,105.05494505494505,557.0,512.0,529.0
2024-10-16 20:11:29.888,-0.0,0.0,0.0,103.91208791208791,558.0,512.0,529.0
2024-10-16 20:11:30.192,-0.0,0.0,0.0,103.03296703296704,558.0,512.0,529.0
2024-10-16 20:11:30.495,-0.0,0.0,0.0,102.06593406593407,557.0,512.0,529.0
2024-10-16 20:11:30.800,-0.0,0.0,0.0,101.01098901098902,557.0,512.0,529.0
2024-10-16 20:11:31.104,-0.0,0.0,0.0,100.04395604395606,557.0,512.0,529.0
2024-10-16 20:11:31.408,-0.0,0.08791208791217286,0.0,99.0769230769231,557.0,511.0,529.0
2024-10-16 20:11:31.712,-0.0,0.0,0.0,98.02197802197801,557.0,512.0,529.0
2024-10-16 20:11:32.015,-0.0,0.0,0.0,96.96703296703296,557.0,511.0,529.0
2024-10-16 20:11:32.320,-0.0,0.0,0.0,96.0,557.0,512.0,529.0
2024-10-16 20:11:32.624,-0.0,0.0,0.0,95.12087912087912,557.0,511.0,529.0
2024-10-16 20:11:32.928,-0.0,0.0,0.0,94.06593406593407,557.0,511.0,529.0
2024-10-16 20:11:33.231,-0.0,0.0,0.0,92.92307692307693,557.0,511.0,529.0
2024-10-16 20:11:33.536,-0.0,0.0,0.0,92.04395604395606,556.0,511.0,529.0
2024-10-16 20:11:33.839,-0.0,0.0,0.0,91.0769230769231,557.0,511.0,529.0
2024-10-16 20:11:34.144,-0.0,0.0,0.0,90.02197802197801,556.0,511.0,529.0
2024-10-16 20:11:34.448,-0.0,0.0,0.0,88.96703296703296,556.0,511.0,529.0
2024-10-16 20:11:34.752,-0.0,0.0,0.0,88.0,556.0,511.0,529.0
2024-10-16 20:11:35.056,-0.0,0.0,0.0,87.03296703296704,555.0,511.0,529.0
2024-10-16 20:11:35.360,-0.0,0.0,0.0,86.06593406593407,555.0,511.0,529.0
2024-10-16 20:11:35.664,-0.0,0.0,0.0,85.01098901098902,555.0,510.0,529.0
2024-10-16 20:11:35.968,-0.0,0.0,0.0,84.04395604395603,555.0,511.0,528.0
2024-10-16 20:11:36.304,-0.0,0.0,0.0,83.0769230769231,555.0,510.0,528.0
2024-10-16 20:11:36.688,-0.0,0.0,0.0,82.02197802197801,555.0,510.0,528.0
2024-10-16 20:11:36.993,-0.0,0.0,0.0,81.05494505494505,555.0,510.0,528.0
2024-10-16 20:11:37.296,-0.0,0.0,0.0,80.0,554.0,510.0,528.0
2024-10-16 20:11:37.600,-0.0,0.0,0.0,79.03296703296704,554.0,510.0,528.0
2024-10-16 20:11:37.920,-0.0,0.0,0.0,78.06593406593407,554.0,510.0,528.0
2024-10-16 20:11:38.304,-0.0,0.0,0.0,77.01098901098902,553.0,510.0,527.0
2024-10-16 20:11:38.609,-0.0,0.0,0.0,76.04395604395603,553.0,510.0,527.0
2024-10-16 20:11:38.912,-0.0,0.0,0.0,75.0769230769231,553.0,510.0,527.0
2024-10-16 20:11:39.216,-0.0,0.0,0.0,74.02197802197801,553.0,510.0,527.0
2024-10-16 20:11:39.520,-0.0,0.0,0.0,73.05494505494505,552.0,510.0,527.0
2024-10-16 20:11:39.825,-0.0,0.0,0.0,72.08791208791209,552.0,510.0,527.0
2024-10-16 20:11:40.129,-0.0,0.0,0.0,71.12087912087912,552.0,510.0,526.0
2024-10-16 20:11:40.433,-0.0,0.0,0.0,70.06593406593407,552.0,510.0,526.0
2024-10-16 20:11:40.736,-0.0,0.08791208791217286,0.0,69.01098901098902,551.0,510.0,526.0
2024-10-16 20:11:41.040,-0.0,0.0,0.0,68.04395604395603,551.0,510.0,526.0
2024-10-16 20:11:41.345,-0.0,0.0,0.0,67.07692307692308,551.0,509.0,526.0
2024-10-16 20:11:41.649,-0.0,0.0,0.0,66.1098901098901,550.0,510.0,526.0
2024-10-16 20:11:41.952,-0.0,0.08791208791217286,0.0,65.14285714285714,550.0,509.0,526.0
2024-10-16 20:11:42.257,-0.0,0.0,0.0,64.0,550.0,509.0,526.0
2024-10-16 20:11:42.561,-0.0,0.0,0.0,63.120879120879124,549.0,509.0,525.0
2024-10-16 20:11:42.865,-0.0,0.0,0.0,62.15384615384616,549.0,509.0,525.0
2024-10-16 20:11:43.169,-0.0,0.0,0.0,61.09890109890111,549.0,509.0,525.0
2024-10-16 20:11:43.473,-0.0879120879120876,0.0,0.0,60.043956043956044,549.0,509.0,524.0
2024-10-16 20:11:43.777,-0.0,0.0,0.0,59.16483516483517,548.0,509.0,525.0
2024-10-16 20:11:44.081,-0.0,0.08791208791217286,0.0,58.1098901098901,548.0,509.0,524.0
2024-10-16 20:11:44.401,-0.0,0.0,0.0,57.14285714285714,548.0,509.0,524.0
2024-10-16 20:11:44.705,-0.0,0.0,0.0,56.08791208791209,547.0,509.0,524.0
2024-10-16 20:11:44.993,-0.0,0.0,0.0,55.032967032967036,548.0,508.0,524.0
2024-10-16 20:11:45.313,-0.0,0.0,0.0,54.15384615384616,547.0,509.0,524.0
2024-10-16 20:11:45.601,-0.0,0.0,0.0,53.098901098901095,547.0,509.0,523.0
2024-10-16 20:11:45.905,-0.0,0.0,0.0,52.13186813186813,547.0,508.0,523.0
2024-10-16 20:11:46.209,-0.0,0.0,0.0,51.16483516483517,546.0,508.0,523.0
2024-10-16 20:11:46.529,-0.0,0.0,0.0,50.10989010989012,546.0,508.0,522.0
2024-10-16 20:11:46.833,-0.0,0.0,0.0,49.14285714285715,546.0,508.0,522.0
2024-10-16 20:11:47.138,-0.0,0.0,0.0,48.08791208791209,545.0,508.0,522.0
2024-10-16 20:11:47.425,-0.0,0.0,0.0,47.120879120879124,545.0,508.0,522.0
2024-10-16 20:11:47.745,-0.0,0.0,0.0,46.15384615384616,545.0,508.0,522.0
2024-10-16 20:11:48.049,-0.0,0.0,0.0,45.098901098901095,544.0,508.0,521.0
2024-10-16 20:11:48.353,-0.0,0.0,0.0,44.13186813186813,544.0,508.0,522.0
2024-10-16 20:11:48.657,-0.0,0.0,0.0,43.16483516483517,544.0,508.0,521.0
2024-10-16 20:11:48.961,-0.0,0.0,0.0,42.10989010989012,543.0,508.0,521.0
2024-10-16 20:11:49.265,-0.0,0.0,0.0,41.14285714285715,543.0,508.0,521.0
2024-10-16 20:11:49.570,-0.0,0.0,0.0,40.08791208791209,543.0,508.0,521.0
2024-10-16 20:11:49.874,-0.0,0.0,0.0,39.120879120879124,543.0,508.0,520.0
2024-10-16 20:11:50.178,-0.0879120879120876,0.0,0.0,38.15384615384616,543.0,508.0,520.0
2024-10-16 20:11:50.481,-0.0,0.08791208791217286,0.0,37.098901098901095,542.0,508.0,520.0
2024-10-16 20:11:50.785,-0.0,0.0,0.0,36.13186813186813,542.0,508.0,520.0
2024-10-16 20:11:51.090,-0.0,0.0,0.0,35.16483516483517,542.0,508.0,520.0
2024-10-16 20:11:51.394,-0.0,0.0,0.0,34.10989010989012,542.0,508.0,519.0
2024-10-16 20:11:51.698,-0.0,0.0,0.0,33.14285714285715,541.0,508.0,519.0
2024-10-16 20:11:52.002,-0.0,0.0,0.0,32.08791208791209,541.0,507.0,519.0
2024-10-16 20:11:52.305,-0.0,0.08791208791217286,0.0,31.120879120879124,541.0,507.0,518.0
2024-10-16 20:11:52.610,-0.0,0.0,0.0,30.15384615384616,540.0,508.0,519.0
2024-10-16 20:11:52.914,-0.0,0.0,0.0,29.098901098901095,540.0,507.0,518.0
2024-10-16 20:11:53.218,-0.0,0.0,0.0,28.13186813186813,540.0,507.0,518.0
2024-10-16 20:11:53.522,-0.0,0.0,0.0,27.164835164835168,540.0,507.0,518.0
2024-10-16 20:11:53.826,-0.0,0.0,0.0,26.109890109890117,540.0,507.0,517.0
2024-10-16 20:11:54.130,-0.0,0.0,0.0,25.142857142857153,540.0,507.0,517.0
2024-10-16 20:11:54.434,-0.0,0.0,0.0,24.087912087912088,539.0,507.0,517.0
2024-10-16 20:11:54.738,-0.0,0.0,0.0,23.120879120879124,539.0,507.0,516.0
2024-10-16 20:11:55.042,-0.0,0.0,0.0,22.15384615384616,539.0,507.0,516.0
2024-10-16 20:11:55.346,-0.0,0.0,0.0,21.098901098901095,539.0,507.0,516.0
2024-10-16 20:11:55.650,-0.0,0.0,0.0,20.13186813186813,538.0,507.0,516.0
2024-10-16 20:11:55.954,-0.0,0.0,0.0,19.164835164835168,538.0,507.0,516.0
2024-10-16 20:11:56.259,-0.0,-0.08791208791205918,0.0,18.109890109890117,538.0,507.0,516.0
2024-10-16 20:11:56.563,-0.0,0.0,0.0,17.142857142857153,538.0,507.0,515.0
2024-10-16 20:11:56.866,-0.0,0.0,0.0,16.087912087912088,538.0,507.0,515.0
2024-10-16 20:11:57.171,-0.0,0.0,0.0,15.120879120879124,537.0,507.0,515.0
2024-10-16 20:11:57.474,-0.0879120879120876,0.0,0.0,14.15384615384616,537.0,507.0,514.0
2024-10-16 20:11:57.794,-0.0,0.0,0.0,13.098901098901095,537.0,506.0,514.0
2024-10-16 20:11:58.178,-0.0,0.0,0.0,12.131868131868131,537.0,507.0,514.0
2024-10-16 20:11:58.482,-0.0,0.0,0.0,11.164835164835168,536.0,506.0,514.0
2024-10-16 20:11:58.786,-0.0,0.0,0.0,10.109890109890117,536.0,506.0,514.0
2024-10-16 20:11:59.091,-0.0,0.0,0.0,9.142857142857153,536.0,506.0,513.0
2024-10-16 20:11:59.394,-0.0,0.0,0.0,8.087912087912088,536.0,506.0,513.0
2024-10-16 20:11:59.698,-0.0,0.0,0.0,7.120879120879124,536.0,506.0,513.0
2024-10-16 20:12:00.019,-0.0,0.0,0.0,6.15384615384616,535.0,506.0,513.0
2024-10-16 20:12:00.306,-0.0879120879120876,0.0,0.0,5.098901098901095,535.0,506.0,513.0
2024-10-16 20:12:00.610,-0.0,0.0,0.0,4.131868131868131,535.0,506.0,512.0
2024-10-16 20:12:00.931,-0.0,0.0,0.0,3.164835164835168,535.0,506.0,512.0
2024-10-16 20:12:01.234,-0.0,0.0,0.0,2.1098901098901166,535.0,506.0,512.0
2024-10-16 20:12:01.523,-0.0,0.0,0.0,1.142857142857153,535.0,506.0,512.0
2024-10-16 20:12:01.954,-0.0,0.0,0.0,1.142857142857153,535.0,506.0,512.0
2024-10-16 20:12:02.467,0.879120879120876,-0.3516483516483504,0.0,1.142857142857153,535.0,506.0,512.0
2024-10-16 20:12:02.979,1.8461538461538396,-0.79120879120876,0.0,1.142857142857153,535.0,506.0,512.0
2024-10-16 20:12:03.491,2.901098901098891,-1.1428571428571104,0.0,1.142857142857153,535.0,506.0,511.0
2024-10-16 20:12:03.987,3.868131868131883,-1.58241758241752,0.0,1.142857142857153,535.0,506.0,511.0
2024-10-16 20:12:04.499,4.923076923076934,-1.9340659340658704,0.0,1.142857142857153,535.0,506.0,511.0
2024-10-16 20:12:05.011,5.890109890109898,-2.37362637362628,0.0,1.142857142857153,536.0,506.0,511.0
2024-10-16 20:12:05.507,6.857142857142861,-2.7252747252746303,0.0,1.142857142857153,536.0,506.0,511.0
2024-10-16 20:12:06.019,7.824175824175825,-3.1648351648351536,0.0,1.142857142857153,536.0,506.0,511.0
2024-10-16 20:12:06.532,8.879120879120876,-3.516483516483504,0.0,1.142857142857153,536.0,506.0,511.0
2024-10-16 20:12:07.027,9.84615384615384,-3.8681318681318544,0.0,1.142857142857153,537.0,506.0,511.0
2024-10-16 20:12:07.539,10.90109890109889,-4.395604395604323,0.0,1.142857142857153,537.0,506.0,510.0
2024-10-16 20:12:08.051,11.868131868131883,-4.7472527472526735,0.0,1.142857142857153,537.0,506.0,511.0
2024-10-16 20:12:08.547,12.835164835164846,-5.186813186813083,0.08791208791205918,1.142857142857153,537.0,506.0,510.0
2024-10-16 20:12:09.060,13.80219780219781,-5.5384615384614335,0.0,1.142857142857153,538.0,506.0,510.0
2024-10-16 20:12:09.572,14.857142857142861,-5.978021978021957,0.0,1.142857142857153,538.0,506.0,510.0
2024-10-16 20:12:10.084,15.824175824175825,-6.329670329670307,0.0,1.142857142857153,538.0,506.0,510.0
2024-10-16 20:12:10.580,16.879120879120876,-6.769230769230717,0.0,1.142857142857153,538.0,507.0,510.0
2024-10-16 20:12:11.092,17.84615384615384,-7.120879120879067,0.0,1.142857142857153,539.0,507.0,510.0
2024-10-16 20:12:11.604,18.813186813186803,-7.560439560439477,0.0,1.142857142857153,539.0,507.0,509.0
2024-10-16 20:12:12.100,19.868131868131883,-7.912087912087827,0.0,1.142857142857153,540.0,507.0,509.0
2024-10-16 20:12:12.612,20.835164835164846,-8.35164835164835,0.0,1.142857142857153,540.0,507.0,509.0
2024-10-16 20:12:13.124,21.890109890109898,-8.79120879120876,0.0,1.142857142857153,540.0,507.0,509.0
2024-10-16 20:12:13.620,22.85714285714286,-9.14285714285711,0.0,1.142857142857153,540.0,507.0,509.0
2024-10-16 20:12:14.132,23.824175824175825,-9.58241758241752,0.0,1.142857142857153,541.0,507.0,509.0
2024-10-16 20:12:14.644,24.879120879120876,-9.93406593406587,0.0,1.142857142857153,540.0,507.0,508.0
2024-10-16 20:12:15.141,25.84615384615384,-10.37362637362628,0.0,1.142857142857153,541.0,507.0,508.0
2024-10-16 20:12:15.652,26.90109890109889,-10.72527472527463,0.0,1.142857142857153,541.0,507.0,508.0
2024-10-16 20:12:16.164,27.868131868131883,-11.164835164835154,0.0,1.142857142857153,541.0,507.0,508.0
2024-10-16 20:12:16.676,28.835164835164846,-11.516483516483504,0.0,1.142857142857153,542.0,507.0,508.0
2024-10-16 20:12:17.172,29.890109890109898,-11.956043956043914,0.0,1.142857142857153,542.0,507.0,508.0
2024-10-16 20:12:17.684,30.85714285714286,-12.395604395604323,0.0,1.142857142857153,543.0,508.0,508.0
2024-10-16 20:12:18.196,31.824175824175825,-12.747252747252674,0.0,1.142857142857153,543.0,507.0,508.0
2024-10-16 20:12:18.692,32.879120879120876,-13.186813186813083,0.0,1.142857142857153,543.0,507.0,508.0
2024-10-16 20:12:19.204,33.84615384615384,-13.538461538461434,0.0,1.142857142857153,543.0,507.0,507.0
2024-10-16 20:12:19.717,34.90109890109889,-13.978021978021957,0.0,1.142857142857153,544.0,507.0,507.0
2024-10-16 20:12:20.212,35.86813186813188,-14.329670329670307,0.0,1.142857142857153,544.0,508.0,507.0
2024-10-16 20:12:20.725,36.923076923076934,-14.769230769230717,0.0,1.142857142857153,544.0,507.0,507.0
2024-10-16 20:12:21.253,37.8901098901099,-15.120879120879067,0.0,1.142857142857153,545.0,507.0,507.0
2024-10-16 20:12:21.732,38.85714285714286,-15.560439560439477,0.0,1.142857142857153,545.0,507.0,507.0
2024-10-16 20:12:22.245,39.824175824175825,-15.912087912087827,0.0,1.142857142857153,545.0,507.0,507.0
2024-10-16 20:12:22.757,40.879120879120876,-16.35164835164835,0.0,1.142857142857153,546.0,508.0,507.0
2024-10-16 20:12:23.252,41.84615384615384,-16.79120879120876,0.0,1.142857142857153,546.0,508.0,507.0
2024-10-16 20:12:23.764,42.8131868131868,-17.14285714285711,0.0,1.142857142857153,546.0,508.0,506.0
2024-10-16 20:12:24.277,43.86813186813188,-17.58241758241752,0.0,1.142857142857153,547.0,508.0,506.0
2024-10-16 20:12:24.773,44.835164835164846,-17.93406593406587,0.0,1.142857142857153,547.0,508.0,506.0
2024-10-16 20:12:25.285,45.80219780219781,-18.37362637362628,0.0,1.142857142857153,547.0,508.0,506.0
2024-10-16 20:12:25.797,46.85714285714286,-18.72527472527463,0.0,1.142857142857153,548.0,508.0,506.0
2024-10-16 20:12:26.309,47.824175824175825,-19.164835164835154,0.0,1.142857142857153,548.0,508.0,506.0
2024-10-16 20:12:26.805,48.79120879120879,-19.516483516483504,0.0,1.142857142857153,548.0,508.0,506.0
2024-10-16 20:12:27.317,49.75824175824175,-19.956043956043914,0.0,1.142857142857153,549.0,508.0,506.0
2024-10-16 20:12:27.829,50.90109890109889,-20.395604395604323,0.0,1.142857142857153,549.0,508.0,506.0
2024-10-16 20:12:28.326,51.86813186813188,-20.747252747252674,0.0,1.142857142857153,550.0,508.0,506.0
2024-10-16 20:12:28.838,52.74725274725276,-21.186813186813083,0.0,1.142857142857153,550.0,508.0,506.0
2024-10-16 20:12:29.350,53.80219780219781,-21.538461538461434,0.0,1.142857142857153,550.0,508.0,505.0
2024-10-16 20:12:29.846,54.769230769230774,-21.978021978021957,0.0,1.142857142857153,551.0,509.0,505.0
2024-10-16 20:12:30.358,55.73626373626374,-22.329670329670307,0.0,1.142857142857153,551.0,508.0,505.0
2024-10-16 20:12:30.870,56.79120879120879,-22.769230769230717,0.0,1.142857142857153,551.0,508.0,505.0
2024-10-16 20:12:31.366,57.84615384615384,-23.120879120879067,0.0,1.142857142857153,552.0,509.0,505.0
2024-10-16 20:12:31.878,58.8131868131868,-23.560439560439477,0.0,1.142857142857153,552.0,509.0,505.0
2024-10-16 20:12:32.390,59.780219780219795,-23.912087912087827,0.0,1.142857142857153,553.0,509.0,504.0
2024-10-16 20:12:32.886,60.65934065934067,-24.35164835164835,0.0,1.142857142857153,553.0,509.0,504.0
2024-10-16 20:12:33.398,61.80219780219781,-24.79120879120876,0.0,1.142857142857153,553.0,509.0,504.0
2024-10-16 20:12:33.926,62.769230769230774,-25.05494505494505,0.0,1.142857142857153,554.0,509.0,504.0
2024-10-16 20:12:34.422,63.824175824175825,-25.58241758241752,0.0,1.142857142857153,554.0,509.0,504.0
2024-10-16 20:12:34.918,64.87912087912088,-25.93406593406587,0.0,1.142857142857153,554.0,509.0,504.0
2024-10-16 20:12:35.430,65.84615384615384,-26.37362637362628,0.0,1.142857142857153,555.0,509.0,504.0
2024-10-16 20:12:35.943,66.72527472527472,-26.72527472527463,0.0,1.142857142857153,555.0,509.0,504.0
2024-10-16 20:12:36.454,67.7802197802198,-27.164835164835154,0.0,1.142857142857153,556.0,509.0,504.0
2024-10-16 20:12:36.951,68.74725274725276,-27.516483516483504,0.0,1.142857142857153,556.0,510.0,504.0
2024-10-16 20:12:37.462,69.80219780219781,-27.868131868131854,0.0,1.142857142857153,556.0,510.0,504.0
2024-10-16 20:12:37.958,70.76923076923077,-28.395604395604323,0.0,1.142857142857153,557.0,510.0,503.0
2024-10-16 20:12:38.470,71.73626373626374,-28.747252747252674,0.0,1.142857142857153,557.0,510.0,504.0
2024-10-16 20:12:38.983,72.7032967032967,-29.186813186813083,0.0,1.142857142857153,558.0,510.0,504.0
2024-10-16 20:12:39.479,73.75824175824175,-29.538461538461434,0.0,1.142857142857153,558.0,510.0,503.0
2024-10-16 20:12:39.990,74.8131868131868,-29.978021978021957,0.0,1.142857142857153,559.0,510.0,503.0
2024-10-16 20:12:40.502,75.7802197802198,-30.329670329670307,0.0,1.142857142857153,559.0,510.0,503.0
2024-10-16 20:12:41.015,76.65934065934067,-30.769230769230717,0.0,1.142857142857153,559.0,510.0,503.0
2024-10-16 20:12:41.513,77.80219780219781,-31.120879120879067,0.0,1.142857142857153,560.0,510.0,503.0
2024-10-16 20:12:42.023,78.76923076923077,-31.560439560439477,0.0,1.142857142857153,560.0,510.0,503.0
2024-10-16 20:12:42.519,79.82417582417582,-31.912087912087827,0.0,1.142857142857153,561.0,510.0,503.0
2024-10-16 20:12:43.030,80.79120879120879,-32.35164835164835,0.0,1.142857142857153,562.0,511.0,503.0
2024-10-16 20:12:43.543,81.75824175824175,-32.79120879120876,0.0,1.142857142857153,562.0,511.0,502.0
2024-10-16 20:12:44.055,82.72527472527472,-33.14285714285711,0.0,1.142857142857153,562.0,511.0,502.0
2024-10-16 20:12:44.551,83.69230769230771,-33.58241758241752,0.0,1.142857142857153,563.0,511.0,503.0
2024-10-16 20:12:45.063,84.74725274725276,-33.93406593406587,0.0,1.142857142857153,563.0,511.0,502.0
2024-10-16 20:12:45.574,85.80219780219781,-34.37362637362628,0.0,1.142857142857153,564.0,511.0,502.0
2024-10-16 20:12:46.071,86.68131868131869,-34.72527472527463,0.0,1.142857142857153,564.0,511.0,502.0
2024-10-16 20:12:46.583,87.73626373626374,-35.164835164835154,0.0,1.142857142857153,564.0,511.0,502.0
2024-10-16 20:12:47.095,88.7032967032967,-35.516483516483504,0.0,1.142857142857153,565.0,511.0,502.0
2024-10-16 20:12:47.591,89.67032967032966,-35.956043956043914,0.0,1.142857142857153,565.0,511.0,502.0
2024-10-16 20:12:48.103,90.8131868131868,-36.307692307692264,0.0,1.142857142857153,566.0,511.0,502.0
2024-10-16 20:12:48.615,91.7802197802198,-36.74725274725267,0.0,1.142857142857153,566.0,512.0,502.0
2024-10-16 20:12:49.127,92.65934065934067,-37.18681318681308,0.0,1.142857142857153,567.0,512.0,502.0
2024-10-16 20:12:49.623,93.80219780219781,-37.53846153846143,0.0,1.142857142857153,567.0,512.0,501.0
2024-10-16 20:12:50.136,94.76923076923077,-37.97802197802196,0.0,1.142857142857153,568.0,512.0,502.0
2024-10-16 20:12:50.647,95.73626373626374,-38.32967032967031,0.0,1.142857142857153,568.0,512.0,502.0
2024-10-16 20:12:51.144,96.79120879120879,-38.76923076923072,0.0,1.142857142857153,569.0,512.0,501.0
2024-10-16 20:12:51.656,97.75824175824175,-39.03296703296701,0.0,1.142857142857153,569.0,512.0,502.0
2024-10-16 20:12:52.151,98.72527472527472,-39.56043956043948,0.0,1.142857142857153,570.0,512.0,502.0
2024-10-16 20:12:52.664,99.7802197802198,-39.91208791208783,0.0,1.142857142857153,570.0,512.0,501.0
2024-10-16 20:12:53.175,100.65934065934067,-40.35164835164835,0.0,1.142857142857153,571.0,512.0,501.0
2024-10-16 20:12:53.687,101.62637362637363,-40.79120879120876,0.0,1.142857142857153,571.0,512.0,501.0
2024-10-16 20:12:54.184,102.76923076923077,-41.14285714285711,0.0,1.142857142857153,572.0,512.0,501.0
2024-10-16 20:12:54.696,103.64835164835165,-41.58241758241752,0.0,1.142857142857153,572.0,512.0,501.0
2024-10-16 20:12:55.208,104.79120879120879,-41.93406593406587,0.0,1.142857142857153,573.0,513.0,500.0
2024-10-16 20:12:55.704,105.4945054945055,-42.37362637362628,0.0,1.142857142857153,573.0,513.0,501.0
2024-10-16 20:12:56.216,106.63736263736264,-42.72527472527463,0.0,1.142857142857153,574.0,513.0,501.0
2024-10-16 20:12:56.728,107.6043956043956,-43.164835164835154,0.0,1.142857142857153,574.0,513.0,501.0
2024-10-16 20:12:57.224,108.57142857142857,-43.516483516483504,0.0,1.142857142857153,574.0,513.0,500.0
2024-10-16 20:12:57.736,109.71428571428572,-43.956043956043914,0.0,1.142857142857153,575.0,513.0,501.0
2024-10-16 20:12:58.248,110.5934065934066,-44.39560439560432,0.0,1.142857142857153,575.0,513.0,500.0
2024-10-16 20:12:58.760,111.56043956043956,-44.74725274725267,0.0,1.142857142857153,576.0,513.0,500.0
2024-10-16 20:12:59.256,112.61538461538461,-45.18681318681308,0.0,1.142857142857153,576.0,513.0,500.0
2024-10-16 20:12:59.768,113.58241758241759,-45.53846153846143,0.0,1.142857142857153,576.0,513.0,500.0
2024-10-16 20:13:00.281,114.63736263736264,-45.97802197802196,0.0,1.142857142857153,577.0,514.0,500.0
2024-10-16 20:13:00.776,115.6043956043956,-46.32967032967031,0.0,1.142857142857153,577.0,514.0,500.0
2024-10-16 20:13:01.288,116.57142857142857,-46.76923076923072,0.0,1.142857142857153,578.0,514.0,500.0
2024-10-16 20:13:01.801,117.62637362637363,-47.12087912087907,0.0,1.142857142857153,578.0,514.0,500.0
2024-10-16 20:13:02.297,118.5934065934066,-47.56043956043948,0.0,1.142857142857153,579.0,514.0,500.0
2024-10-16 20:13:02.809,119.64835164835165,-47.91208791208783,0.0,1.2307692307692406,579.0,514.0,500.0
2024-10-16 20:13:03.321,120.61538461538461,-48.35164835164835,0.0,1.142857142857153,580.0,514.0,500.0
2024-10-16 20:13:03.833,121.67032967032968,-48.79120879120876,0.0,1.142857142857153,580.0,514.0,500.0
2024-10-16 20:13:04.329,122.63736263736264,-49.14285714285711,0.0,1.142857142857153,581.0,514.0,500.0
2024-10-16 20:13:04.841,123.6043956043956,-49.58241758241752,0.0,1.142857142857153,582.0,515.0,499.0
2024-10-16 20:13:05.353,124.65934065934066,-49.93406593406587,0.0,1.142857142857153,582.0,515.0,500.0
2024-10-16 20:13:05.849,125.62637362637363,-50.37362637362628,0.0,1.142857142857153,582.0,515.0,500.0
2024-10-16 20:13:06.361,126.5934065934066,-50.72527472527463,0.0,1.142857142857153,583.0,515.0,500.0
2024-10-16 20:13:06.873,127.56043956043956,-51.164835164835154,0.0,1.142857142857153,583.0,515.0,500.0
2024-10-16 20:13:07.369,128.6153846153846,-51.516483516483504,0.0,1.142857142857153,584.0,515.0,500.0
2024-10-16 20:13:07.881,129.58241758241758,-51.956043956043914,0.0,1.142857142857153,584.0,515.0,499.0
2024-10-16 20:13:08.393,130.63736263736263,-52.39560439560432,0.0,1.142857142857153,585.0,515.0,499.0
2024-10-16 20:13:08.890,131.60439560439562,-52.74725274725267,0.0,1.2307692307692406,586.0,515.0,499.0
2024-10-16 20:13:09.401,132.39560439560438,-53.18681318681308,0.0,1.142857142857153,586.0,515.0,499.0
2024-10-16 20:13:09.913,133.62637362637363,-53.53846153846143,0.0,1.142857142857153,586.0,515.0,499.0
2024-10-16 20:13:10.409,134.5934065934066,-53.97802197802196,0.0,1.142857142857153,587.0,516.0,499.0
2024-10-16 20:13:10.922,135.56043956043956,-54.32967032967031,0.0,1.142857142857153,587.0,516.0,499.0
2024-10-16 20:13:11.433,136.6153846153846,-54.76923076923072,0.0,1.142857142857153,588.0,516.0,499.0
2024-10-16 20:13:11.946,137.58241758241758,-55.12087912087907,0.0,1.2307692307692406,589.0,516.0,499.0
2024-10-16 20:13:12.442,138.54945054945057,-55.56043956043948,0.0,1.142857142857153,589.0,516.0,499.0
2024-10-16 20:13:12.953,139.60439560439562,-55.91208791208783,0.0,1.142857142857153,590.0,516.0,499.0
2024-10-16 20:13:13.450,140.4835164835165,-56.35164835164835,0.0,1.142857142857153,590.0,517.0,499.0
2024-10-16 20:13:13.962,141.45054945054946,-56.79120879120876,0.0,1.142857142857153,591.0,517.0,499.0
2024-10-16 20:13:14.474,142.5054945054945,-57.14285714285711,0.0,1.142857142857153,591.0,517.0,499.0
2024-10-16 20:13:14.986,143.56043956043956,-57.58241758241752,0.0,1.142857142857153,592.0,517.0,499.0
2024-10-16 20:13:15.482,144.52747252747253,-57.93406593406587,0.0,1.142857142857153,592.0,517.0,499.0
2024-10-16 20:13:15.994,145.58241758241758,-58.37362637362628,0.0,1.142857142857153,592.0,517.0,499.0
2024-10-16 20:13:16.506,146.54945054945057,-58.72527472527463,0.0,1.142857142857153,593.0,517.0,499.0
2024-10-16 20:13:17.002,147.60439560439562,-59.164835164835154,0.0,1.142857142857153,593.0,517.0,499.0
2024-10-16 20:13:17.514,148.4835164835165,-59.516483516483504,0.0,1.142857142857153,594.0,518.0,498.0
2024-10-16 20:13:18.026,149.53846153846155,-59.956043956043914,0.0,1.142857142857153,594.0,518.0,499.0
2024-10-16 20:13:18.522,148.9230769230769,-59.69230769230762,0.0,1.142857142857153,595.0,517.0,499.0
2024-10-16 20:13:19.050,148.04395604395603,-59.34065934065927,0.0,1.142857142857153,594.0,517.0,499.0
2024-10-16 20:13:19.547,147.16483516483515,-58.90109890109886,0.0,1.142857142857153,594.0,517.0,499.0
2024-10-16 20:13:20.043,146.1098901098901,-58.54945054945051,0.0,1.142857142857153,593.0,517.0,499.0
2024-10-16 20:13:20.555,145.14285714285717,-58.1098901098901,0.0,1.142857142857153,593.0,517.0,499.0
2024-10-16 20:13:21.066,144.0879120879121,-57.75824175824175,0.0,1.142857142857153,592.0,517.0,499.0
2024-10-16 20:13:21.579,143.03296703296704,-57.31868131868123,0.0,1.142857142857153,591.0,517.0,499.0
2024-10-16 20:13:22.075,142.06593406593407,-56.96703296703288,0.0,1.142857142857153,590.0,517.0,498.0
2024-10-16 20:13:22.603,141.1868131868132,-56.61538461538453,0.0,1.142857142857153,590.0,517.0,498.0
2024-10-16 20:13:23.098,140.04395604395603,-56.08791208791206,0.0,1.142857142857153,589.0,516.0,499.0
2024-10-16 20:13:23.597,139.16483516483515,-55.73626373626371,0.0,1.142857142857153,588.0,517.0,499.0
2024-10-16 20:13:24.107,138.1098901098901,-55.296703296703186,0.0,1.142857142857153,588.0,516.0,498.0
2024-10-16 20:13:24.619,137.14285714285717,-55.03296703296701,0.0,1.142857142857153,587.0,516.0,498.0
2024-10-16 20:13:25.115,136.17582417582418,-54.593406593406485,0.0,1.142857142857153,587.0,516.0,499.0
2024-10-16 20:13:25.627,135.12087912087912,-54.153846153846075,0.0,1.142857142857153,586.0,516.0,499.0
2024-10-16 20:13:26.139,134.15384615384616,-53.714285714285666,0.0,1.142857142857153,586.0,516.0,499.0
2024-10-16 20:13:26.635,133.0989010989011,-53.362637362637315,0.0,1.142857142857153,585.0,515.0,499.0
2024-10-16 20:13:27.147,132.13186813186815,-52.923076923076906,0.0,1.142857142857153,585.0,515.0,498.0
2024-10-16 20:13:27.659,131.0769230769231,-52.571428571428555,0.0,1.142857142857153,584.0,516.0,499.0
2024-10-16 20:13:28.155,130.1098901098901,-52.13186813186803,0.0,1.142857142857153,584.0,516.0,498.0
2024-10-16 20:13:28.667,129.14285714285717,-51.69230769230762,0.0,1.142857142857153,584.0,515.0,498.0
2024-10-16 20:13:29.179,128.0879120879121,-51.34065934065927,0.0,1.142857142857153,583.0,515.0,498.0
2024-10-16 20:13:29.691,127.12087912087912,-50.90109890109886,0.0,1.142857142857153,582.0,515.0,498.0
2024-10-16 20:13:30.187,126.15384615384616,-50.63736263736257,0.0,1.142857142857153,582.0,515.0,498.0
2024-10-16 20:13:30.700,125.09890109890111,-50.1098901098901,0.0,1.142857142857153,581.0,515.0,498.0
2024-10-16 20:13:31.212,124.13186813186813,-49.75824175824175,0.0,1.142857142857153,581.0,515.0,498.0
2024-10-16 20:13:31.707,123.16483516483517,-49.31868131868123,0.0,1.142857142857153,580.0,514.0,498.0
2024-10-16 20:13:32.219,122.10989010989012,-48.96703296703288,0.0,1.142857142857153,580.0,515.0,498.0
2024-10-16 20:13:32.732,121.14285714285715,-48.52747252747247,0.0,1.142857142857153,579.0,514.0,498.0
2024-10-16 20:13:33.244,120.08791208791209,-48.17582417582412,0.0,1.142857142857153,579.0,514.0,498.0
2024-10-16 20:13:33.740,119.12087912087912,-47.73626373626371,0.0,1.142857142857153,579.0,514.0,498.0
2024-10-16 20:13:34.252,118.15384615384616,-47.296703296703186,0.0,1.142857142857153,578.0,514.0,498.0
2024-10-16 20:13:34.764,117.09890109890111,-46.945054945054835,0.0,1.142857142857153,578.0,514.0,498.0
2024-10-16 20:13:35.259,116.13186813186813,-46.505494505494426,0.0,1.142857142857153,577.0,514.0,498.0
2024-10-16 20:13:35.772,115.16483516483517,-46.153846153846075,0.0,1.142857142857153,577.0,514.0,498.0
2024-10-16 20:13:36.284,114.10989010989012,-45.714285714285666,0.0,1.142857142857153,576.0,513.0,499.0
2024-10-16 20:13:36.780,113.14285714285715,-45.362637362637315,0.0,1.142857142857153,576.0,513.0,498.0
2024-10-16 20:13:37.292,112.08791208791209,-44.923076923076906,0.0,1.142857142857153,575.0,514.0,499.0
2024-10-16 20:13:37.788,111.12087912087912,-44.571428571428555,0.0,1.142857142857153,575.0,513.0,499.0
2024-10-16 20:13:38.300,110.15384615384616,-44.13186813186803,0.0,1.142857142857153,574.0,514.0,499.0
2024-10-16 20:13:38.813,109.09890109890111,-43.69230769230762,0.0,1.142857142857153,574.0,513.0,499.0
2024-10-16 20:13:39.324,108.13186813186813,-43.34065934065927,0.0,1.142857142857153,574.0,513.0,499.0
2024-10-16 20:13:39.821,107.16483516483517,-42.90109890109886,0.0,1.142857142857153,573.0,513.0,499.0
2024-10-16 20:13:40.333,106.10989010989012,-42.54945054945051,0.0,1.142857142857153,573.0,513.0,499.0
2024-10-16 20:13:40.845,105.14285714285715,-42.1098901098901,0.0,1.142857142857153,572.0,513.0,499.0
2024-10-16 20:13:41.340,104.08791208791209,-41.75824175824175,0.0,1.142857142857153,572.0,513.0,499.0
2024-10-16 20:13:41.853,103.12087912087912,-41.31868131868123,0.0,1.142857142857153,571.0,513.0,499.0
2024-10-16 20:13:42.364,102.15384615384616,-40.96703296703288,0.0,1.142857142857153,570.0,513.0,499.0
2024-10-16 20:13:42.860,101.1868131868132,-40.52747252747247,0.0,1.142857142857153,570.0,512.0,499.0
2024-10-16 20:13:43.373,100.13186813186815,-40.08791208791206,0.0,1.142857142857153,570.0,512.0,499.0
2024-10-16 20:13:43.885,99.16483516483518,-39.82417582417577,0.0,1.142857142857153,569.0,512.0,499.0
2024-10-16 20:13:44.397,98.19780219780219,-39.296703296703186,0.0,1.142857142857153,569.0,512.0,499.0
2024-10-16 20:13:44.892,97.14285714285714,-38.945054945054835,0.0,1.142857142857153,569.0,512.0,499.0
2024-10-16 20:13:45.405,96.17582417582418,-38.505494505494426,0.0,1.142857142857153,568.0,512.0,499.0
2024-10-16 20:13:45.917,95.20879120879121,-38.153846153846075,0.0,1.142857142857153,568.0,512.0,499.0
2024-10-16 20:13:46.413,94.15384615384616,-37.714285714285666,0.0,1.142857142857153,567.0,512.0,499.0
2024-10-16 20:13:46.925,93.09890109890111,-37.362637362637315,0.0,1.142857142857153,566.0,512.0,499.0
2024-10-16 20:13:47.437,92.13186813186815,-36.923076923076906,0.0,1.142857142857153,566.0,512.0,499.0
2024-10-16 20:13:47.933,91.16483516483518,-36.571428571428555,0.0,1.142857142857153,565.0,511.0,499.0
2024-10-16 20:13:48.445,90.1098901098901,-36.13186813186803,0.0,1.142857142857153,565.0,511.0,500.0
2024-10-16 20:13:48.957,89.14285714285714,-35.69230769230762,0.0,1.142857142857153,564.0,511.0,500.0
2024-10-16 20:13:49.453,88.17582417582418,-35.34065934065927,0.0,1.142857142857153,564.0,511.0,499.0
2024-10-16 20:13:49.965,87.12087912087912,-34.90109890109886,0.0,1.142857142857153,564.0,511.0,500.0
2024-10-16 20:13:50.477,86.15384615384616,-34.54945054945051,0.0,1.142857142857153,564.0,511.0,500.0
2024-10-16 20:13:50.973,85.1868131868132,-34.1098901098901,0.0,1.142857142857153,563.0,511.0,500.0
2024-10-16 20:13:51.486,84.13186813186815,-33.75824175824175,0.0,1.142857142857153,563.0,511.0,500.0
2024-10-16 20:13:51.998,83.16483516483518,-33.31868131868123,0.0,1.142857142857153,562.0,511.0,500.0
2024-10-16 20:13:52.509,82.1098901098901,-33.05494505494505,0.0,1.142857142857153,562.0,511.0,500.0
2024-10-16 20:13:53.005,81.14285714285714,-32.52747252747247,0.0,1.142857142857153,561.0,511.0,500.0
2024-10-16 20:13:53.517,80.08791208791209,-32.08791208791206,0.0,1.142857142857153,561.0,511.0,500.0
2024-10-16 20:13:54.030,79.12087912087912,-31.73626373626371,0.0,1.142857142857153,561.0,511.0,500.0
2024-10-16 20:13:54.526,78.24175824175825,-31.296703296703186,0.0,1.142857142857153,560.0,510.0,501.0
2024-10-16 20:13:55.038,77.1868131868132,-30.945054945054835,0.0,1.142857142857153,560.0,510.0,501.0
2024-10-16 20:13:55.550,76.21978021978023,-30.505494505494426,0.0,1.142857142857153,559.0,510.0,501.0
2024-10-16 20:13:56.046,75.16483516483518,-30.153846153846075,0.0,1.142857142857153,559.0,510.0,501.0
2024-10-16 20:13:56.558,74.1098901098901,-29.714285714285666,0.0,1.142857142857153,558.0,510.0,501.0
2024-10-16 20:13:57.070,73.14285714285714,-29.362637362637315,0.0,1.142857142857153,558.0,510.0,501.0
2024-10-16 20:13:57.566,72.17582417582418,-28.923076923076906,0.0,1.142857142857153,558.0,510.0,502.0
2024-10-16 20:13:58.079,71.20879120879121,-28.571428571428555,0.0,1.142857142857153,557.0,510.0,502.0
2024-10-16 20:13:58.590,70.15384615384616,-28.131868131868032,0.0,1.142857142857153,557.0,510.0,502.0
2024-10-16 20:13:59.086,69.1868131868132,-27.692307692307622,0.0,1.142857142857153,557.0,509.0,502.0
2024-10-16 20:13:59.598,68.13186813186815,-27.340659340659272,0.0,1.142857142857153,556.0,510.0,502.0
2024-10-16 20:14:00.111,67.16483516483518,-26.901098901098862,0.0,1.142857142857153,556.0,510.0,502.0
2024-10-16 20:14:00.607,66.19780219780219,-26.549450549450512,0.0,1.142857142857153,556.0,509.0,502.0
2024-10-16 20:14:01.118,65.23076923076923,-26.19780219780216,0.0,1.142857142857153,555.0,509.0,502.0
2024-10-16 20:14:01.630,64.17582417582418,-25.758241758241752,0.0,1.142857142857153,555.0,509.0,502.0
2024-10-16 20:14:02.143,63.120879120879124,-25.31868131868123,0.0,1.142857142857153,555.0,509.0,503.0
2024-10-16 20:14:02.655,62.24175824175825,-24.96703296703288,0.0,1.142857142857153,554.0,509.0,503.0
2024-10-16 20:14:03.150,61.1868131868132,-24.52747252747247,0.0,1.142857142857153,554.0,509.0,503.0
2024-10-16 20:14:03.663,60.21978021978023,-24.08791208791206,0.0,1.142857142857153,553.0,509.0,503.0
2024-10-16 20:14:04.159,59.25274725274727,-23.73626373626371,0.0,1.142857142857153,553.0,509.0,504.0
2024-10-16 20:14:04.671,58.19780219780219,-23.296703296703186,0.0,1.142857142857153,553.0,509.0,504.0
2024-10-16 20:14:05.183,57.230769230769226,-22.945054945054835,0.0,1.142857142857153,552.0,509.0,504.0
2024-10-16 20:14:05.679,56.175824175824175,-22.505494505494426,0.0,1.142857142857153,552.0,509.0,504.0
2024-10-16 20:14:06.191,55.120879120879124,-22.153846153846075,0.0,1.142857142857153,552.0,509.0,504.0
2024-10-16 20:14:06.703,54.24175824175825,-21.714285714285666,0.0,1.142857142857153,551.0,509.0,504.0
2024-10-16 20:14:07.215,53.1868131868132,-21.362637362637315,0.0,1.142857142857153,550.0,509.0,504.0
2024-10-16 20:14:07.711,52.21978021978023,-20.923076923076906,0.0,1.142857142857153,550.0,509.0,504.0
2024-10-16 20:14:08.223,51.16483516483518,-20.571428571428555,0.0,1.142857142857153,550.0,508.0,505.0
2024-10-16 20:14:08.719,50.1098901098901,-20.131868131868032,0.0,1.142857142857153,549.0,508.0,505.0
2024-10-16 20:14:09.231,49.230769230769226,-19.692307692307622,0.0,1.142857142857153,549.0,509.0,505.0
2024-10-16 20:14:09.744,48.08791208791209,-19.340659340659272,0.0,1.142857142857153,549.0,508.0,505.0
2024-10-16 20:14:10.255,47.20879120879121,-18.901098901098862,0.0,1.142857142857153,549.0,509.0,505.0
2024-10-16 20:14:10.752,46.24175824175825,-18.63736263736257,0.0,1.142857142857153,548.0,508.0,505.0
2024-10-16 20:14:11.263,45.274725274725284,-18.109890109890102,0.0,1.142857142857153,547.0,508.0,505.0
2024-10-16 20:14:11.776,44.30769230769232,-17.758241758241752,0.0,1.142857142857153,547.0,508.0,506.0
2024-10-16 20:14:12.272,43.25274725274727,-17.31868131868123,0.0,1.142857142857153,547.0,508.0,506.0
2024-10-16 20:14:12.784,42.28571428571428,-16.96703296703288,0.0,1.142857142857153,547.0,508.0,506.0
2024-10-16 20:14:13.296,41.230769230769226,-16.52747252747247,0.0,1.142857142857153,546.0,508.0,506.0
2024-10-16 20:14:13.792,40.175824175824175,-16.08791208791206,0.0,1.142857142857153,546.0,508.0,507.0
2024-10-16 20:14:14.304,39.2967032967033,-15.736263736263709,0.0,1.142857142857153,546.0,508.0,507.0
2024-10-16 20:14:14.816,38.15384615384616,-15.384615384615358,0.0,1.142857142857153,545.0,508.0,507.0
2024-10-16 20:14:15.328,37.1868131868132,-14.945054945054835,0.0,1.142857142857153,545.0,508.0,507.0
2024-10-16 20:14:15.824,36.21978021978023,-14.505494505494426,0.0,1.142857142857153,545.0,508.0,507.0
2024-10-16 20:14:16.336,35.25274725274727,-14.153846153846075,0.0,1.142857142857153,544.0,508.0,508.0
2024-10-16 20:14:16.832,34.19780219780219,-13.714285714285666,0.0,1.142857142857153,544.0,508.0,507.0
2024-10-16 20:14:17.344,33.230769230769226,-13.362637362637315,0.0,1.142857142857153,544.0,507.0,508.0
2024-10-16 20:14:17.856,32.26373626373626,-12.923076923076906,0.0,1.142857142857153,544.0,508.0,508.0
2024-10-16 20:14:18.369,31.20879120879121,-12.571428571428555,0.0,1.142857142857153,543.0,508.0,508.0
2024-10-16 20:14:18.865,30.329670329670336,-12.131868131868032,0.0,1.142857142857153,543.0,508.0,508.0
2024-10-16 20:14:19.377,29.274725274725284,-11.692307692307622,0.0,1.142857142857153,543.0,508.0,509.0
2024-10-16 20:14:19.888,28.219780219780233,-11.340659340659272,0.0,1.142857142857153,543.0,508.0,509.0
2024-10-16 20:14:20.384,27.340659340659357,-10.901098901098862,0.0,1.142857142857153,542.0,508.0,509.0
2024-10-16 20:14:20.896,26.19780219780219,-10.549450549450512,0.0,1.142857142857153,542.0,508.0,509.0
2024-10-16 20:14:21.408,25.230769230769226,-10.109890109890102,0.0,1.142857142857153,542.0,508.0,510.0
2024-10-16 20:14:21.904,24.263736263736263,-9.758241758241752,0.0,1.142857142857153,542.0,507.0,510.0
2024-10-16 20:14:22.416,23.120879120879124,-9.318681318681229,0.0,1.142857142857153,541.0,507.0,510.0
2024-10-16 20:14:22.929,22.241758241758248,-8.967032967032878,0.0,1.142857142857153,541.0,508.0,510.0
2024-10-16 20:14:23.425,21.186813186813197,-8.527472527472469,0.0,1.142857142857153,541.0,507.0,510.0
2024-10-16 20:14:23.937,20.30769230769232,-8.08791208791206,0.0,1.142857142857153,541.0,507.0,510.0
2024-10-16 20:14:24.449,19.25274725274727,-7.736263736263709,0.0,1.142857142857153,540.0,507.0,510.0
2024-10-16 20:14:24.961,18.19780219780219,-7.2967032967031855,0.0,1.142857142857153,540.0,507.0,511.0
2024-10-16 20:14:25.457,17.230769230769226,-6.945054945054835,0.0,1.142857142857153,540.0,507.0,510.0
2024-10-16 20:14:25.969,16.263736263736263,-6.5054945054944255,0.0,1.142857142857153,539.0,507.0,511.0
2024-10-16 20:14:26.481,15.208791208791212,-6.153846153846075,0.0,1.142857142857153,539.0,507.0,511.0
2024-10-16 20:14:26.977,14.241758241758248,-5.714285714285666,0.0,1.142857142857153,539.0,507.0,511.0
2024-10-16 20:14:27.489,13.274725274725284,-5.362637362637315,0.0,1.142857142857153,539.0,507.0,511.0
2024-10-16 20:14:28.001,12.30769230769232,-4.923076923076906,0.0,1.142857142857153,539.0,507.0,512.0
2024-10-16 20:14:28.497,11.340659340659357,-4.571428571428555,0.0,1.142857142857153,538.0,507.0,512.0
2024-10-16 20:14:29.009,10.373626373626365,-4.131868131868032,0.0,1.142857142857153,538.0,507.0,512.0
2024-10-16 20:14:29.521,9.318681318681314,-3.6923076923076223,0.0,1.142857142857153,538.0,507.0,512.0
2024-10-16 20:14:30.018,8.35164835164835,-3.340659340659272,0.0,1.142857142857153,538.0,507.0,512.0
2024-10-16 20:14:30.529,7.296703296703299,-2.9010989010988624,0.0,1.142857142857153,538.0,507.0,512.0
2024-10-16 20:14:31.042,6.417582417582423,-2.549450549450512,0.0,1.142857142857153,538.0,507.0,512.0
2024-10-16 20:14:31.554,5.362637362637372,-2.1098901098901024,0.0,1.142857142857153,537.0,507.0,512.0
2024-10-16 20:14:32.050,4.395604395604408,-1.758241758241752,0.0,1.142857142857153,537.0,507.0,512.0
2024-10-16 20:14:32.562,3.5164835164835324,-1.3186813186812287,0.0,1.142857142857153,537.0,507.0,512.0
2024-10-16 20:14:33.074,2.373626373626365,-0.9670329670328783,0.0,1.142857142857153,537.0,507.0,512.0
2024-10-16 20:14:33.569,1.4065934065934016,-0.5274725274724688,0.0,1.142857142857153,537.0,507.0,512.0
2024-10-16 20:14:34.082,0.0879120879120876,-0.08791208791205918,0.0,1.142857142857153,537.0,507.0,513.0
2024-10-16 20:14:34.594,-0.2637362637362628,0.8791208791209328,0.0,1.142857142857153,537.0,507.0,513.0
2024-10-16 20:14:35.090,-0.7032967032967008,1.8461538461539249,0.0,1.142857142857153,537.0,507.0,513.0
2024-10-16 20:14:35.602,-1.0549450549450512,2.901098901098976,0.0,1.142857142857153,537.0,507.0,513.0
2024-10-16 20:14:36.114,-1.4945054945054892,3.868131868131968,0.0,1.142857142857153,536.0,507.0,513.0
2024-10-16 20:14:36.610,-1.8461538461538396,4.835164835164846,0.0,1.142857142857153,537.0,507.0,513.0
2024-10-16 20:14:37.122,-2.2857142857142776,5.890109890109898,0.0,1.142857142857153,537.0,507.0,513.0
2024-10-16 20:14:37.634,-2.637362637362628,6.85714285714289,0.0,1.142857142857153,536.0,507.0,514.0
2024-10-16 20:14:38.130,-3.076923076923066,7.912087912087941,0.0,1.142857142857153,536.0,507.0,513.0
2024-10-16 20:14:38.643,-3.4285714285714164,8.879120879120933,0.0,1.142857142857153,536.0,507.0,513.0
2024-10-16 20:14:39.154,-3.8681318681318544,9.758241758241866,0.0,1.142857142857153,536.0,507.0,514.0
2024-10-16 20:14:39.650,-4.307692307692292,10.901098901098976,0.0,1.142857142857153,536.0,507.0,514.0
2024-10-16 20:14:40.162,-4.659340659340643,11.868131868131968,0.0,1.142857142857153,536.0,507.0,514.0
2024-10-16 20:14:40.674,-5.098901098901109,12.835164835164846,0.0,1.142857142857153,535.0,507.0,514.0
2024-10-16 20:14:41.187,-5.45054945054946,13.890109890109898,0.0,1.142857142857153,535.0,507.0,514.0
2024-10-16 20:14:41.682,-5.890109890109898,14.85714285714289,0.0,1.142857142857153,535.0,507.0,514.0
2024-10-16 20:14:42.194,-6.241758241758248,15.91208791208794,0.0,1.142857142857153,535.0,507.0,515.0
2024-10-16 20:14:42.706,-6.681318681318686,16.879120879120933,0.0,1.142857142857153,535.0,507.0,515.0
2024-10-16 20:14:43.203,-7.032967032967036,17.846153846153925,0.0,1.142857142857153,535.0,507.0,515.0
2024-10-16 20:14:43.715,-7.472527472527474,18.813186813186917,0.0,1.142857142857153,534.0,507.0,516.0
2024-10-16 20:14:44.227,-7.912087912087912,19.780219780219795,0.0,1.142857142857153,534.0,507.0,515.0
2024-10-16 20:14:44.723,-8.263736263736263,20.835164835164846,0.0,1.142857142857153,534.0,507.0,516.0
2024-10-16 20:14:45.235,-8.7032967032967,21.80219780219784,0.0,1.142857142857153,534.0,507.0,516.0
2024-10-16 20:14:45.747,-9.054945054945051,22.85714285714289,0.0,1.142857142857153,534.0,507.0,516.0
2024-10-16 20:14:46.243,-9.49450549450549,23.82417582417588,0.0,1.142857142857153,533.0,507.0,517.0
2024-10-16 20:14:46.756,-9.84615384615384,24.879120879120933,0.0,1.142857142857153,534.0,507.0,517.0
2024-10-16 20:14:47.267,-10.285714285714278,25.846153846153925,0.0,1.142857142857153,533.0,507.0,517.0
2024-10-16 20:14:47.779,-10.637362637362628,26.901098901098976,0.0,1.142857142857153,533.0,507.0,517.0
2024-10-16 20:14:48.275,-11.076923076923066,27.868131868131968,0.0,1.142857142857153,533.0,507.0,518.0
2024-10-16 20:14:48.788,-11.428571428571416,28.835164835164846,0.0,1.142857142857153,533.0,507.0,517.0
2024-10-16 20:14:49.300,-11.868131868131854,29.890109890109898,0.0,1.142857142857153,533.0,507.0,518.0
2024-10-16 20:14:49.795,-12.219780219780205,30.85714285714289,0.0,1.142857142857153,532.0,507.0,518.0
2024-10-16 20:14:50.307,-12.659340659340643,31.91208791208794,0.0,1.142857142857153,532.0,508.0,518.0
2024-10-16 20:14:50.803,-13.09890109890111,32.87912087912093,0.0,1.142857142857153,532.0,508.0,518.0
2024-10-16 20:14:51.316,-13.45054945054946,33.846153846153925,0.0,1.142857142857153,532.0,507.0,519.0
2024-10-16 20:14:51.828,-13.890109890109898,34.901098901098976,0.0,1.142857142857153,532.0,508.0,519.0
2024-10-16 20:14:52.339,-14.241758241758248,35.86813186813197,0.0,1.142857142857153,532.0,507.0,519.0
2024-10-16 20:14:52.836,-14.681318681318686,36.74725274725279,0.0,1.142857142857153,532.0,507.0,520.0
2024-10-16 20:14:53.349,-15.032967032967036,37.80219780219784,0.0,1.142857142857153,531.0,507.0,520.0
2024-10-16 20:14:53.861,-15.472527472527474,38.76923076923083,0.0,1.142857142857153,531.0,507.0,520.0
2024-10-16 20:14:54.365,-15.912087912087912,39.82417582417588,0.0,1.142857142857153,531.0,508.0,520.0
2024-10-16 20:14:54.869,-16.263736263736263,40.87912087912093,0.0,1.142857142857153,531.0,508.0,521.0
2024-10-16 20:14:55.380,-16.7032967032967,41.846153846153925,0.0,1.142857142857153,531.0,508.0,521.0
2024-10-16 20:14:55.877,-17.05494505494505,42.901098901098976,0.0,1.142857142857153,531.0,508.0,522.0
2024-10-16 20:14:56.388,-17.49450549450549,43.86813186813197,0.0,1.142857142857153,530.0,508.0,522.0
2024-10-16 20:14:56.900,-17.84615384615384,44.835164835164846,0.0,1.142857142857153,531.0,508.0,522.0
2024-10-16 20:14:57.413,-18.285714285714278,45.8901098901099,0.0,1.142857142857153,530.0,508.0,522.0
2024-10-16 20:14:57.909,-18.637362637362628,46.85714285714289,0.0,1.142857142857153,530.0,508.0,522.0
2024-10-16 20:14:58.420,-19.076923076923066,47.91208791208794,0.0,1.142857142857153,530.0,508.0,523.0
2024-10-16 20:14:58.932,-19.428571428571416,48.791208791208874,0.0,1.142857142857153,530.0,508.0,524.0
2024-10-16 20:14:59.428,-19.868131868131854,49.758241758241866,0.0,1.142857142857153,530.0,508.0,523.0
2024-10-16 20:14:59.941,-20.307692307692292,50.901098901098976,0.0,1.142857142857153,529.0,508.0,524.0
2024-10-16 20:15:00.453,-20.659340659340643,51.86813186813197,0.0,1.142857142857153,530.0,508.0,524.0
2024-10-16 20:15:00.964,-21.09890109890111,52.74725274725279,0.0,1.142857142857153,530.0,508.0,524.0
2024-10-16 20:15:01.461,-21.45054945054946,53.80219780219784,0.0,1.142857142857153,529.0,508.0,524.0
2024-10-16 20:15:01.972,-21.890109890109898,54.85714285714289,0.0,1.142857142857153,529.0,508.0,525.0
2024-10-16 20:15:02.469,-22.329670329670336,55.82417582417588,0.0,1.142857142857153,529.0,508.0,525.0
2024-10-16 20:15:02.981,-22.681318681318686,56.87912087912093,0.0,1.142857142857153,529.0,508.0,525.0
2024-10-16 20:15:03.493,-23.120879120879124,57.846153846153925,0.0,1.142857142857153,529.0,508.0,526.0
2024-10-16 20:15:03.988,-23.472527472527474,58.81318681318692,0.0,1.142857142857153,529.0,508.0,526.0
2024-10-16 20:15:04.501,-23.912087912087912,59.780219780219795,0.0,1.142857142857153,529.0,508.0,526.0
2024-10-16 20:15:05.013,-24.263736263736263,60.74725274725279,0.0,1.142857142857153,528.0,508.0,526.0
2024-10-16 20:15:05.525,-24.7032967032967,61.80219780219784,0.0,1.142857142857153,529.0,508.0,527.0
2024-10-16 20:15:06.021,-25.05494505494508,62.76923076923083,0.0,1.142857142857153,528.0,508.0,527.0
2024-10-16 20:15:06.533,-25.49450549450549,63.82417582417588,0.0,1.142857142857153,528.0,508.0,528.0
2024-10-16 20:15:07.045,-25.84615384615384,64.70329670329681,0.0,1.142857142857153,528.0,508.0,528.0
2024-10-16 20:15:07.541,-26.285714285714306,65.75824175824187,0.0,1.142857142857153,528.0,508.0,528.0
2024-10-16 20:15:08.053,-26.637362637362656,66.81318681318692,0.0,1.142857142857153,528.0,508.0,528.0
2024-10-16 20:15:08.565,-27.076923076923066,67.7802197802198,0.0,1.142857142857153,528.0,508.0,529.0
2024-10-16 20:15:09.061,-27.428571428571416,68.74725274725279,0.0,1.142857142857153,528.0,508.0,529.0
2024-10-16 20:15:09.574,-27.868131868131883,69.80219780219784,0.0,1.142857142857153,527.0,508.0,530.0
2024-10-16 20:15:10.085,-28.307692307692292,70.76923076923083,0.0,1.142857142857153,527.0,509.0,530.0
2024-10-16 20:15:10.598,-28.659340659340643,71.82417582417588,0.0,1.142857142857153,527.0,509.0,530.0
2024-10-16 20:15:11.093,-29.09890109890111,72.79120879120887,0.0,1.142857142857153,527.0,509.0,531.0
2024-10-16 20:15:11.606,-29.45054945054946,73.75824175824187,0.0,1.142857142857153,527.0,508.0,531.0
2024-10-16 20:15:12.118,-29.89010989010987,74.81318681318692,0.0,1.142857142857153,527.0,509.0,531.0
2024-10-16 20:15:12.613,-30.24175824175822,75.86813186813197,0.0,1.142857142857153,527.0,509.0,532.0
2024-10-16 20:15:13.125,-30.681318681318686,76.74725274725279,0.0,1.142857142857153,527.0,509.0,532.0
2024-10-16 20:15:13.622,-31.032967032967036,77.80219780219784,0.0,1.142857142857153,526.0,509.0,532.0
2024-10-16 20:15:14.134,-31.472527472527446,78.76923076923083,0.0,1.142857142857153,527.0,509.0,533.0
2024-10-16 20:15:14.646,-31.912087912087912,79.73626373626382,0.0,1.142857142857153,526.0,509.0,533.0
2024-10-16 20:15:15.158,-32.26373626373626,80.79120879120887,0.0,1.142857142857153,527.0,509.0,533.0
2024-10-16 20:15:15.654,-32.70329670329667,81.75824175824187,0.0,1.142857142857153,526.0,509.0,534.0
2024-10-16 20:15:16.166,-33.05494505494508,82.81318681318692,0.0,1.142857142857153,526.0,509.0,535.0
2024-10-16 20:15:16.695,-33.49450549450549,83.86813186813197,0.0,1.142857142857153,526.0,509.0,535.0
2024-10-16 20:15:17.175,-33.84615384615384,84.74725274725279,0.0,1.142857142857153,526.0,509.0,535.0
2024-10-16 20:15:17.687,-34.285714285714306,85.80219780219784,0.0,1.142857142857153,526.0,509.0,536.0
2024-10-16 20:15:18.199,-34.637362637362656,86.76923076923083,0.0,1.142857142857153,526.0,509.0,536.0
2024-10-16 20:15:18.694,-35.076923076923066,87.82417582417588,0.0,1.142857142857153,526.0,509.0,537.0
2024-10-16 20:15:19.206,-35.428571428571416,88.79120879120887,0.0,1.142857142857153,526.0,509.0,537.0
2024-10-16 20:15:19.719,-35.86813186813188,89.75824175824187,0.0,1.142857142857153,525.0,509.0,537.0
2024-10-16 20:15:20.214,-36.30769230769229,90.81318681318692,0.0,1.142857142857153,526.0,509.0,537.0
2024-10-16 20:15:20.726,-36.65934065934064,91.7802197802198,0.0,1.142857142857153,525.0,509.0,538.0
2024-10-16 20:15:21.238,-37.09890109890111,92.74725274725279,0.0,1.142857142857153,525.0,509.0,538.0
2024-10-16 20:15:21.735,-37.45054945054946,93.80219780219784,0.0,1.142857142857153,525.0,509.0,538.0
2024-10-16 20:15:22.246,-37.89010989010987,94.76923076923083,0.0,1.142857142857153,525.0,509.0,539.0
2024-10-16 20:15:22.759,-38.24175824175822,95.82417582417588,0.0,1.142857142857153,525.0,509.0,540.0
2024-10-16 20:15:23.271,-38.681318681318686,96.79120879120887,0.0,1.142857142857153,525.0,510.0,540.0
2024-10-16 20:15:23.767,-39.032967032967036,97.75824175824187,0.0,1.142857142857153,525.0,510.0,540.0
2024-10-16 20:15:24.279,-39.472527472527446,98.72527472527474,0.0,1.142857142857153,525.0,510.0,541.0
2024-10-16 20:15:24.791,-39.91208791208791,99.7802197802198,0.0,1.142857142857153,525.0,510.0,542.0
2024-10-16 20:15:25.287,-40.26373626373626,100.65934065934073,0.0,1.142857142857153,525.0,510.0,542.0
2024-10-16 20:15:25.799,-40.70329670329667,101.71428571428578,0.0,1.142857142857153,525.0,509.0,542.0
2024-10-16 20:15:26.327,-41.05494505494508,102.68131868131877,0.0,1.142857142857153,525.0,510.0,542.0
2024-10-16 20:15:26.807,-41.49450549450549,103.73626373626382,0.0,1.142857142857153,525.0,510.0,543.0
2024-10-16 20:15:27.319,-41.84615384615384,104.79120879120887,0.0,1.142857142857153,524.0,510.0,543.0
2024-10-16 20:15:27.847,-42.285714285714306,105.67032967032969,0.0,1.142857142857153,524.0,510.0,544.0
2024-10-16 20:15:28.342,-42.637362637362656,106.72527472527474,0.0,1.142857142857153,525.0,510.0,544.0
2024-10-16 20:15:28.871,-43.076923076923066,107.69230769230774,0.0,1.142857142857153,524.0,510.0,544.0
2024-10-16 20:15:29.356,-43.428571428571416,108.65934065934073,0.0,1.142857142857153,524.0,510.0,545.0
2024-10-16 20:15:29.863,-43.86813186813188,109.71428571428578,0.0,1.142857142857153,524.0,510.0,545.0
2024-10-16 20:15:30.359,-44.30769230769229,110.68131868131877,0.0,1.142857142857153,524.0,510.0,546.0
2024-10-16 20:15:30.872,-44.65934065934064,111.82417582417588,0.0,1.142857142857153,524.0,510.0,546.0
2024-10-16 20:15:31.384,-45.09890109890111,112.79120879120887,0.0,1.142857142857153,524.0,510.0,547.0
2024-10-16 20:15:31.895,-45.45054945054946,113.75824175824187,0.0,1.142857142857153,524.0,510.0,547.0
2024-10-16 20:15:32.391,-45.89010989010987,114.81318681318692,0.0,1.142857142857153,524.0,510.0,548.0
2024-10-16 20:15:32.903,-46.24175824175822,115.69230769230774,0.0,1.142857142857153,524.0,510.0,548.0
2024-10-16 20:15:33.400,-46.681318681318686,116.74725274725279,0.0,1.142857142857153,523.0,510.0,549.0
2024-10-16 20:15:33.912,-47.032967032967036,117.71428571428578,0.0,1.142857142857153,523.0,511.0,549.0
2024-10-16 20:15:34.424,-47.472527472527446,118.68131868131877,0.0,1.142857142857153,523.0,511.0,550.0
2024-10-16 20:15:34.935,-47.91208791208791,119.73626373626382,0.0,1.142857142857153,523.0,510.0,550.0
2024-10-16 20:15:35.432,-48.26373626373626,120.70329670329681,0.0,1.142857142857153,523.0,511.0,551.0
2024-10-16 20:15:35.944,-48.70329670329667,121.67032967032969,0.0,1.142857142857153,523.0,511.0,551.0
2024-10-16 20:15:36.440,-49.05494505494508,122.81318681318692,0.0,1.142857142857153,523.0,511.0,551.0
2024-10-16 20:15:36.952,-49.49450549450549,123.69230769230774,0.0,1.142857142857153,523.0,511.0,552.0
2024-10-16 20:15:37.464,-49.84615384615384,124.65934065934073,0.0,1.142857142857153,523.0,511.0,552.0
2024-10-16 20:15:37.976,-50.285714285714306,125.71428571428578,0.0,1.142857142857153,523.0,511.0,553.0
2024-10-16 20:15:38.472,-50.637362637362656,126.68131868131877,0.0,1.2307692307692406,523.0,511.0,553.0
2024-10-16 20:15:38.984,-51.076923076923066,127.73626373626382,0.0,1.142857142857153,523.0,511.0,554.0
2024-10-16 20:15:39.512,-51.428571428571416,128.70329670329681,0.0,1.142857142857153,523.0,511.0,555.0
2024-10-16 20:15:39.992,-51.86813186813188,129.6703296703298,0.0,1.2307692307692406,523.0,511.0,555.0
2024-10-16 20:15:40.504,-52.30769230769229,130.72527472527474,0.0,1.142857142857153,523.0,511.0,556.0
2024-10-16 20:15:41.016,-52.65934065934064,131.69230769230774,0.0,1.142857142857153,523.0,511.0,556.0
2024-10-16 20:15:41.513,-53.09890109890111,132.65934065934073,0.0,1.142857142857153,523.0,511.0,556.0
2024-10-16 20:15:42.024,-53.45054945054946,133.71428571428567,0.0,1.142857142857153,522.0,511.0,557.0
2024-10-16 20:15:42.537,-53.89010989010987,134.5934065934067,0.0,1.142857142857153,523.0,512.0,557.0
2024-10-16 20:15:43.048,-54.24175824175822,135.64835164835165,0.0,1.2307692307692406,522.0,511.0,558.0
2024-10-16 20:15:43.544,-54.681318681318686,136.70329670329681,0.0,1.142857142857153,522.0,511.0,559.0
2024-10-16 20:15:44.057,-55.032967032967036,137.58241758241763,0.0,1.142857142857153,522.0,512.0,559.0
2024-10-16 20:15:44.569,-55.472527472527446,138.72527472527474,0.0,1.142857142857153,523.0,512.0,560.0
2024-10-16 20:15:45.064,-55.91208791208791,139.69230769230774,0.0,1.142857142857153,522.0,512.0,560.0
2024-10-16 20:15:45.577,-56.26373626373626,140.7472527472529,0.0,1.142857142857153,523.0,512.0,560.0
2024-10-16 20:15:46.088,-56.70329670329667,141.71428571428567,0.0,1.142857142857153,522.0,512.0,561.0
2024-10-16 20:15:46.585,-57.05494505494508,142.68131868131866,0.0,1.142857142857153,522.0,512.0,562.0
2024-10-16 20:15:47.098,-57.49450549450549,143.64835164835165,0.0,1.142857142857153,522.0,512.0,562.0
2024-10-16 20:15:47.608,-57.84615384615384,144.70329670329681,0.0,1.142857142857153,522.0,512.0,563.0
2024-10-16 20:15:48.105,-58.285714285714306,145.6703296703298,0.0,1.142857142857153,522.0,512.0,563.0
2024-10-16 20:15:48.617,-58.725274725274716,146.72527472527474,0.0,1.142857142857153,522.0,512.0,564.0
2024-10-16 20:15:49.129,-59.076923076923066,147.7802197802199,0.0,1.142857142857153,522.0,512.0,564.0
2024-10-16 20:15:49.625,-59.428571428571416,148.57142857142856,0.0,1.142857142857153,522.0,512.0,565.0
2024-10-16 20:15:50.137,-59.86813186813188,149.62637362637372,0.0,1.142857142857153,522.0,512.0,566.0
2024-10-16 20:15:50.649,-59.51648351648353,148.83516483516485,0.0,1.142857142857153,522.0,512.0,565.0
2024-10-16 20:15:51.178,-59.25274725274724,147.86813186813185,0.0,1.142857142857153,522.0,512.0,566.0
2024-10-16 20:15:51.658,-58.81318681318683,147.0769230769232,0.0,1.2307692307692406,522.0,512.0,565.0
2024-10-16 20:15:52.170,-58.46153846153848,145.9340659340661,0.0,1.142857142857153,522.0,512.0,564.0
2024-10-16 20:15:52.682,-58.021978021978015,144.9670329670331,0.0,1.142857142857153,522.0,512.0,564.0
2024-10-16 20:15:53.177,-57.670329670329664,143.91208791208794,0.0,1.142857142857153,522.0,512.0,564.0
2024-10-16 20:15:53.690,-57.230769230769255,142.94505494505495,0.0,1.142857142857153,522.0,512.0,563.0
2024-10-16 20:15:54.202,-56.87912087912085,142.06593406593413,0.0,1.142857142857153,521.0,512.0,562.0
2024-10-16 20:15:54.698,-56.43956043956044,140.92307692307702,0.0,1.142857142857153,521.0,511.0,561.0
2024-10-16 20:15:55.210,-56.08791208791209,139.95604395604403,0.0,1.142857142857153,522.0,512.0,561.0
2024-10-16 20:15:55.723,-55.56043956043956,138.98901098901104,0.0,1.142857142857153,522.0,512.0,560.0
2024-10-16 20:15:56.218,-55.20879120879121,137.9340659340661,0.0,1.2307692307692406,522.0,511.0,559.0
2024-10-16 20:15:56.731,-54.85714285714286,136.9670329670331,0.0,1.142857142857153,521.0,511.0,559.0
2024-10-16 20:15:57.242,-54.417582417582395,136.0000000000001,0.0,1.2307692307692406,522.0,511.0,559.0
2024-10-16 20:15:57.738,-54.065934065934044,135.03296703296712,0.0,1.142857142857153,522.0,511.0,558.0
2024-10-16 20:15:58.250,-53.626373626373635,134.06593406593413,0.0,1.142857142857153,522.0,511.0,558.0
2024-10-16 20:15:58.762,-53.18681318681317,132.92307692307702,0.0,1.142857142857153,521.0,511.0,557.0
2024-10-16 20:15:59.258,-52.83516483516482,131.95604395604403,0.0,1.142857142857153,521.0,511.0,557.0
2024-10-16 20:15:59.770,-52.48351648351647,131.0769230769232,0.0,1.142857142857153,521.0,511.0,556.0
2024-10-16 20:16:00.282,-52.04395604395606,129.9340659340661,0.0,1.142857142857153,522.0,511.0,556.0
2024-10-16 20:16:00.794,-51.60439560439559,129.05494505494505,0.0,1.142857142857153,521.0,511.0,555.0
2024-10-16 20:16:01.291,-51.25274725274724,128.08791208791217,0.0,1.142857142857153,521.0,511.0,555.0
2024-10-16 20:16:01.803,-50.81318681318683,127.03296703296712,0.0,1.142857142857153,521.0,510.0,554.0
2024-10-16 20:16:02.314,-50.46153846153848,126.06593406593413,0.0,1.142857142857153,521.0,511.0,554.0
2024-10-16 20:16:02.810,-50.021978021978015,125.01098901098908,0.0,1.142857142857153,521.0,510.0,553.0
2024-10-16 20:16:03.322,-49.670329670329664,124.04395604395609,0.0,1.142857142857153,521.0,511.0,553.0
2024-10-16 20:16:03.834,-49.230769230769255,122.98901098901104,0.0,1.142857142857153,521.0,510.0,553.0
2024-10-16 20:16:04.331,-48.87912087912085,121.93406593406598,0.0,1.142857142857153,522.0,510.0,552.0
2024-10-16 20:16:04.843,-48.43956043956044,121.05494505494516,0.0,1.142857142857153,522.0,511.0,551.0
2024-10-16 20:16:05.354,-48.08791208791209,120.08791208791217,0.0,1.142857142857153,522.0,510.0,551.0
2024-10-16 20:16:05.851,-47.64835164835162,119.03296703296712,0.0,1.142857142857153,522.0,510.0,550.0
2024-10-16 20:16:06.369,-47.20879120879121,118.06593406593413,0.0,1.142857142857153,522.0,510.0,550.0
2024-10-16 20:16:06.875,-46.85714285714286,116.92307692307702,0.0,1.142857142857153,522.0,510.0,550.0
2024-10-16 20:16:07.387,-46.417582417582395,116.04395604395609,0.0,1.142857142857153,522.0,510.0,549.0
2024-10-16 20:16:07.883,-45.978021978021985,115.0769230769231,0.0,1.142857142857153,522.0,510.0,549.0
2024-10-16 20:16:08.395,-45.626373626373635,114.02197802197804,0.0,1.142857142857153,522.0,510.0,548.0
2024-10-16 20:16:08.907,-45.274725274725284,113.05494505494516,0.0,1.142857142857153,522.0,510.0,548.0
2024-10-16 20:16:09.403,-44.83516483516482,112.08791208791217,0.0,1.142857142857153,521.0,510.0,548.0
2024-10-16 20:16:09.915,-44.48351648351647,111.03296703296712,0.0,1.142857142857153,522.0,510.0,547.0
2024-10-16 20:16:10.428,-44.04395604395606,110.06593406593413,0.0,1.142857142857153,522.0,510.0,547.0
2024-10-16 20:16:10.923,-43.60439560439559,109.01098901098908,0.0,1.142857142857153,522.0,510.0,546.0
2024-10-16 20:16:11.436,-43.25274725274724,108.04395604395609,0.0,1.142857142857153,522.0,509.0,546.0
2024-10-16 20:16:11.948,-42.81318681318683,107.0769230769231,0.0,1.142857142857153,522.0,509.0,545.0
2024-10-16 20:16:12.444,-42.46153846153848,106.02197802197804,0.0,1.142857142857153,522.0,509.0,545.0
2024-10-16 20:16:12.955,-42.021978021978015,105.05494505494516,0.0,1.142857142857153,522.0,509.0,544.0
2024-10-16 20:16:13.467,-41.670329670329664,104.08791208791217,0.0,1.142857142857153,523.0,509.0,544.0
2024-10-16 20:16:13.964,-41.14285714285714,103.03296703296712,0.0,1.142857142857153,522.0,509.0,543.0
2024-10-16 20:16:14.475,-40.87912087912085,102.06593406593413,0.0,1.142857142857153,523.0,509.0,543.0
2024-10-16 20:16:14.988,-40.43956043956044,101.01098901098908,0.0,1.142857142857153,522.0,510.0,542.0
2024-10-16 20:16:15.484,-40.08791208791209,100.04395604395609,0.0,1.142857142857153,523.0,509.0,542.0
2024-10-16 20:16:15.996,-39.64835164835162,99.0769230769231,0.0,1.142857142857153,522.0,509.0,542.0
2024-10-16 20:16:16.508,-39.20879120879121,98.02197802197804,0.0,1.142857142857153,523.0,509.0,541.0
2024-10-16 20:16:17.020,-38.85714285714286,97.05494505494516,0.0,1.142857142857153,523.0,509.0,541.0
2024-10-16 20:16:17.516,-38.417582417582395,96.08791208791217,0.0,1.142857142857153,523.0,510.0,541.0
2024-10-16 20:16:18.028,-37.978021978021985,94.94505494505495,0.0,1.142857142857153,523.0,509.0,540.0
2024-10-16 20:16:18.540,-37.626373626373635,94.06593406593413,0.0,1.142857142857153,523.0,509.0,540.0
2024-10-16 20:16:19.036,-37.274725274725284,93.01098901098908,0.0,1.142857142857153,523.0,509.0,539.0
2024-10-16 20:16:19.548,-36.83516483516482,92.04395604395609,0.0,1.142857142857153,523.0,509.0,539.0
2024-10-16 20:16:20.061,-36.48351648351647,91.0769230769231,0.0,1.142857142857153,524.0,509.0,538.0
2024-10-16 20:16:20.556,-35.95604395604394,90.02197802197804,0.0,1.142857142857153,524.0,509.0,538.0
2024-10-16 20:16:21.069,-35.60439560439559,89.05494505494516,0.0,1.142857142857153,524.0,509.0,538.0
2024-10-16 20:16:21.581,-35.25274725274724,88.08791208791217,0.0,1.142857142857153,524.0,509.0,537.0
2024-10-16 20:16:22.077,-34.725274725274716,87.03296703296712,0.0,1.142857142857153,524.0,509.0,536.0
2024-10-16 20:16:22.588,-34.46153846153848,86.06593406593413,0.0,1.142857142857153,524.0,509.0,536.0
2024-10-16 20:16:23.101,-34.021978021978015,85.01098901098908,0.0,1.142857142857153,524.0,509.0,536.0
2024-10-16 20:16:23.612,-33.670329670329664,84.04395604395609,0.0,1.142857142857153,524.0,509.0,536.0
2024-10-16 20:16:24.109,-33.230769230769255,83.0769230769231,0.0,1.142857142857153,524.0,509.0,535.0
2024-10-16 20:16:24.621,-32.87912087912085,82.02197802197804,0.0,1.142857142857153,524.0,509.0,535.0
2024-10-16 20:16:25.117,-32.43956043956044,81.05494505494516,0.0,1.142857142857153,524.0,509.0,535.0
2024-10-16 20:16:25.629,-32.08791208791209,80.08791208791217,0.0,1.142857142857153,525.0,508.0,534.0
2024-10-16 20:16:26.141,-31.64835164835162,79.03296703296712,0.0,1.142857142857153,525.0,509.0,534.0
2024-10-16 20:16:26.654,-31.20879120879121,78.06593406593413,0.0,1.142857142857153,525.0,509.0,533.0
2024-10-16 20:16:27.149,-30.85714285714286,77.01098901098908,0.0,1.142857142857153,525.0,508.0,533.0
2024-10-16 20:16:27.678,-30.329670329670336,75.95604395604403,0.0,1.142857142857153,525.0,508.0,533.0
2024-10-16 20:16:28.174,-30.065934065934044,75.0769230769231,0.0,1.142857142857153,525.0,508.0,532.0
2024-10-16 20:16:28.669,-29.626373626373635,74.02197802197804,0.0,1.142857142857153,525.0,508.0,531.0
2024-10-16 20:16:29.182,-29.18681318681317,73.05494505494516,0.0,1.142857142857153,525.0,508.0,532.0
2024-10-16 20:16:29.693,-28.835164835164818,72.08791208791217,0.0,1.142857142857153,526.0,508.0,531.0
2024-10-16 20:16:30.190,-28.39560439560441,71.03296703296712,0.0,1.142857142857153,526.0,508.0,531.0
2024-10-16 20:16:30.702,-28.043956043956058,70.06593406593413,0.0,1.142857142857153,526.0,508.0,530.0
2024-10-16 20:16:31.214,-27.60439560439559,69.01098901098908,0.0,1.142857142857153,526.0,508.0,530.0
2024-10-16 20:16:31.725,-27.164835164835182,68.04395604395609,0.0,1.142857142857153,527.0,508.0,530.0
2024-10-16 20:16:32.222,-26.725274725274716,67.0769230769231,0.0,1.142857142857153,527.0,508.0,529.0
2024-10-16 20:16:32.733,-26.373626373626365,66.02197802197804,0.0,1.142857142857153,527.0,508.0,529.0
2024-10-16 20:16:33.246,-26.021978021978015,65.05494505494516,0.0,1.142857142857153,527.0,508.0,528.0
2024-10-16 20:16:33.742,-25.582417582417605,64.08791208791217,0.0,1.142857142857153,527.0,508.0,528.0
2024-10-16 20:16:34.254,-25.14285714285714,63.03296703296712,0.0,1.142857142857153,527.0,508.0,528.0
2024-10-16 20:16:34.766,-24.879120879120876,62.15384615384619,0.0,1.142857142857153,527.0,508.0,528.0
2024-10-16 20:16:35.262,-24.35164835164835,61.01098901098908,0.0,1.142857142857153,527.0,508.0,527.0
2024-10-16 20:16:35.774,-24.087912087912088,60.043956043956086,0.0,1.142857142857153,528.0,508.0,527.0
2024-10-16 20:16:36.287,-23.560439560439562,59.076923076923094,0.0,1.142857142857153,528.0,508.0,527.0
2024-10-16 20:16:36.782,-23.20879120879121,58.02197802197804,0.0,1.142857142857153,528.0,508.0,526.0
2024-10-16 20:16:37.310,-22.85714285714286,57.054945054945165,0.0,1.142857142857153,528.0,508.0,526.0
2024-10-16 20:16:37.807,-22.417582417582423,56.08791208791217,0.0,1.142857142857153,529.0,508.0,525.0
2024-10-16 20:16:38.302,-21.978021978021985,55.03296703296712,0.0,1.142857142857153,528.0,508.0,525.0
2024-10-16 20:16:38.814,-21.626373626373635,54.06593406593413,0.0,-60.879120879120876,529.0,508.0,525.0
2024-10-16 20:16:39.326,-21.274725274725284,53.01098901098908,0.0,1.142857142857153,529.0,508.0,525.0
2024-10-16 20:16:39.823,-20.923076923076906,52.043956043956086,0.0,1.142857142857153,529.0,508.0,525.0
2024-10-16 20:16:40.334,-20.39560439560438,51.076923076923094,0.0,1.142857142857153,529.0,508.0,524.0
2024-10-16 20:16:40.847,-20.04395604395603,50.02197802197804,0.0,1.142857142857153,529.0,507.0,524.0
2024-10-16 20:16:41.359,-19.60439560439559,49.054945054945165,0.0,1.142857142857153,529.0,508.0,524.0
2024-10-16 20:16:41.855,-19.25274725274724,48.08791208791217,0.0,1.142857142857153,530.0,508.0,523.0
2024-10-16 20:16:42.366,-18.813186813186803,47.03296703296712,0.0,1.142857142857153,530.0,508.0,523.0
2024-10-16 20:16:42.878,-18.461538461538453,46.06593406593413,0.0,1.142857142857153,530.0,508.0,522.0
2024-10-16 20:16:43.375,-18.109890109890102,45.01098901098908,0.0,1.142857142857153,530.0,507.0,522.0
2024-10-16 20:16:43.887,-17.582417582417577,44.043956043956086,0.0,1.142857142857153,530.0,508.0,522.0
2024-10-16 20:16:44.399,-17.14285714285714,43.076923076923094,0.0,1.142857142857153,531.0,507.0,521.0
2024-10-16 20:16:44.894,-16.79120879120879,42.02197802197804,0.0,1.142857142857153,531.0,508.0,521.0
2024-10-16 20:16:45.407,-16.439560439560438,41.054945054945165,0.0,1.142857142857153,531.0,507.0,521.0
2024-10-16 20:16:45.920,-16.087912087912088,40.08791208791217,0.0,1.142857142857153,531.0,507.0,521.0
2024-10-16 20:16:46.431,-15.64835164835165,39.03296703296712,0.0,1.142857142857153,531.0,507.0,520.0
2024-10-16 20:16:46.927,-15.2967032967033,38.06593406593413,0.0,1.142857142857153,532.0,507.0,520.0
2024-10-16 20:16:47.440,-14.769230769230774,37.01098901098908,0.0,1.142857142857153,532.0,508.0,520.0
2024-10-16 20:16:47.936,-14.417582417582423,36.043956043956086,0.0,1.142857142857153,532.0,507.0,519.0
2024-10-16 20:16:48.448,-13.978021978021985,35.076923076923094,0.0,1.142857142857153,532.0,507.0,519.0
2024-10-16 20:16:48.960,-13.538461538461547,34.02197802197804,0.0,1.142857142857153,532.0,507.0,519.0
2024-10-16 20:16:49.456,-13.274725274725284,33.054945054945165,0.0,1.142857142857153,532.0,507.0,518.0
2024-10-16 20:16:49.967,-12.74725274725273,32.08791208791217,0.0,1.142857142857153,533.0,507.0,518.0
2024-10-16 20:16:50.479,-12.39560439560438,31.03296703296712,0.0,1.142857142857153,533.0,507.0,518.0
2024-10-16 20:16:51.008,-11.956043956043942,30.06593406593413,0.0,1.142857142857153,533.0,507.0,518.0
2024-10-16 20:16:51.488,-11.604395604395592,29.01098901098908,0.0,1.142857142857153,533.0,507.0,518.0
2024-10-16 20:16:52.000,-11.252747252747241,28.043956043956086,0.0,1.142857142857153,533.0,507.0,517.0
2024-10-16 20:16:52.512,-10.725274725274716,27.076923076923094,0.0,1.142857142857153,533.0,507.0,517.0
2024-10-16 20:16:53.008,-10.373626373626365,26.021978021978043,0.0,1.142857142857153,533.0,507.0,517.0
2024-10-16 20:16:53.520,-9.934065934065927,25.054945054945165,0.0,1.142857142857153,534.0,507.0,517.0
2024-10-16 20:16:54.032,-9.670329670329664,24.087912087912173,0.0,1.142857142857153,534.0,507.0,516.0
2024-10-16 20:16:54.528,-9.142857142857139,23.03296703296712,0.0,1.142857142857153,534.0,507.0,516.0
2024-10-16 20:16:55.039,-8.791208791208788,22.06593406593413,0.0,1.142857142857153,534.0,507.0,516.0
2024-10-16 20:16:55.553,-8.35164835164835,21.01098901098908,0.0,1.142857142857153,534.0,507.0,517.0
2024-10-16 20:16:56.064,-8.087912087912088,20.043956043956086,0.0,1.142857142857153,534.0,507.0,516.0
2024-10-16 20:16:56.561,-7.64835164835165,19.076923076923094,0.0,1.142857142857153,535.0,507.0,516.0
2024-10-16 20:16:57.072,-7.208791208791212,18.021978021978043,0.0,1.142857142857153,534.0,507.0,516.0
2024-10-16 20:16:57.585,-6.769230769230774,17.054945054945165,0.0,1.142857142857153,534.0,507.0,516.0
2024-10-16 20:16:58.080,-6.417582417582423,16.087912087912173,0.0,1.142857142857153,535.0,507.0,516.0
2024-10-16 20:16:58.592,-5.978021978021985,15.032967032967122,0.0,1.142857142857153,535.0,507.0,515.0
2024-10-16 20:16:59.104,-5.538461538461547,14.06593406593413,0.0,1.142857142857153,535.0,507.0,516.0
2024-10-16 20:16:59.601,-5.186813186813197,13.010989010989078,0.0,1.142857142857153,535.0,507.0,515.0
2024-10-16 20:17:00.112,-4.74725274725273,12.131868131868146,0.0,1.142857142857153,535.0,507.0,515.0
2024-10-16 20:17:00.624,-4.483516483516468,11.076923076923094,0.0,1.142857142857153,535.0,507.0,516.0
2024-10-16 20:17:01.121,-4.04395604395603,10.021978021978043,0.0,1.142857142857153,535.0,507.0,516.0
2024-10-16 20:17:01.633,-3.6043956043955916,9.054945054945165,0.0,1.142857142857153,535.0,507.0,515.0
2024-10-16 20:17:02.145,-3.1648351648351536,8.087912087912173,0.0,1.142857142857153,535.0,507.0,515.0
2024-10-16 20:17:02.641,-2.7252747252747156,7.032967032967122,0.0,1.142857142857153,536.0,507.0,515.0
2024-10-16 20:17:03.153,-2.5494505494505404,6.06593406593413,0.0,1.142857142857153,536.0,507.0,515.0
2024-10-16 20:17:03.665,-2.021978021978015,5.0109890109890785,0.0,1.142857142857153,535.0,507.0,515.0
2024-10-16 20:17:04.177,-1.5824175824175768,4.043956043956086,0.0,1.142857142857153,535.0,507.0,515.0
2024-10-16 20:17:04.673,-1.1428571428571388,3.0769230769230944,0.0,1.142857142857153,536.0,507.0,515.0
2024-10-16 20:17:05.186,-0.879120879120876,2.021978021978043,0.0,1.142857142857153,536.0,507.0,515.0
2024-10-16 20:17:05.697,-0.3516483516483504,1.0549450549451649,0.0,1.142857142857153,535.0,508.0,514.0
