2024-10-17 21:17:42.946,-0.0,-0.08791208791205918,0.0,-0.0,694.0,685.0,663.0
2024-10-17 21:17:43.298,-0.0,0.0,0.0,0.79120879120876,694.0,685.0,663.0
2024-10-17 21:17:43.602,-0.0,0.0,0.0,1.8461538461538112,694.0,685.0,663.0
2024-10-17 21:17:43.906,-0.0,0.0,0.0,2.813186813186803,694.0,685.0,664.0
2024-10-17 21:17:44.210,-0.0,-0.08791208791205918,0.0,3.8681318681317407,695.0,685.0,664.0
2024-10-17 21:17:44.514,-0.0,0.0,0.0,4.7472527472526735,695.0,685.0,664.0
2024-10-17 21:17:44.818,-0.0,0.0,0.0,5.890109890109898,695.0,686.0,664.0
2024-10-17 21:17:45.122,-0.0,-0.08791208791205918,0.08791208791194549,6.769230769230717,695.0,686.0,664.0
2024-10-17 21:17:45.426,-0.0,-0.08791208791205918,0.0,7.912087912087827,695.0,687.0,665.0
2024-10-17 21:17:45.746,-0.0,-0.08791208791205918,0.0,8.87912087912082,695.0,687.0,664.0
2024-10-17 21:17:46.034,-0.0,-0.08791208791205918,0.08791208791194549,9.846153846153811,695.0,687.0,664.0
2024-10-17 21:17:46.338,-0.0,0.0,0.0,10.813186813186803,695.0,687.0,665.0
2024-10-17 21:17:46.643,-0.0,0.0,0.0,11.780219780219795,696.0,688.0,665.0
2024-10-17 21:17:46.946,-0.0,0.0,0.0,12.835164835164733,696.0,688.0,665.0
2024-10-17 21:17:47.250,-0.0,0.0,0.0,13.890109890109898,696.0,688.0,665.0
2024-10-17 21:17:47.554,-0.0,0.0,0.0,14.857142857142776,696.0,689.0,665.0
2024-10-17 21:17:47.874,-0.0,0.0,0.0,15.912087912087827,696.0,689.0,665.0
2024-10-17 21:17:48.178,-0.0,-0.08791208791205918,0.0,16.79120879120876,697.0,689.0,665.0
2024-10-17 21:17:48.466,-0.0,0.0,0.0,17.75824175824164,697.0,689.0,665.0
2024-10-17 21:17:48.770,-0.0,0.0,0.0,18.813186813186803,697.0,690.0,665.0
2024-10-17 21:17:49.090,-0.0,0.0,0.0,19.86813186813174,697.0,690.0,666.0
2024-10-17 21:17:49.394,-0.0,0.0,0.0,20.747252747252674,696.0,690.0,665.0
2024-10-17 21:17:49.683,-0.0,-0.08791208791205918,0.0,21.802197802197725,697.0,690.0,665.0
2024-10-17 21:17:50.002,-0.0,-0.08791208791205918,0.0,22.857142857142776,696.0,690.0,665.0
2024-10-17 21:17:50.307,-0.0,-0.08791208791205918,0.0,23.824175824175768,696.0,690.0,665.0
2024-10-17 21:17:50.611,-0.0,0.0,0.0,24.87912087912082,696.0,690.0,665.0
2024-10-17 21:17:50.899,-0.0,-0.08791208791205918,0.0,25.84615384615381,696.0,690.0,665.0
2024-10-17 21:17:51.218,-0.0,-0.08791208791205918,0.0,26.813186813186803,696.0,690.0,665.0
2024-10-17 21:17:51.522,-0.0,0.0,0.0,27.86813186813174,697.0,691.0,665.0
2024-10-17 21:17:51.827,-0.0,-0.08791208791205918,0.0,28.747252747252674,697.0,691.0,665.0
2024-10-17 21:17:52.131,-0.0,0.0,0.0,29.890109890109898,697.0,691.0,665.0
2024-10-17 21:17:52.434,-0.0,0.0,0.0,30.769230769230717,697.0,692.0,665.0
2024-10-17 21:17:52.738,-0.0,0.0,0.0,31.912087912087827,697.0,692.0,666.0
2024-10-17 21:17:53.042,-0.0,0.0,0.0,32.87912087912082,697.0,692.0,665.0
2024-10-17 21:17:53.346,-0.0,0.0,0.0,33.84615384615381,697.0,693.0,665.0
2024-10-17 21:17:53.650,-0.08791208791205918,-0.08791208791205918,0.0,34.90109890109886,698.0,693.0,666.0
2024-10-17 21:17:53.954,-0.0,-0.08791208791205918,0.0,35.86813186813174,698.0,693.0,666.0
2024-10-17 21:17:54.258,-0.0,0.0,0.0,36.74725274725267,697.0,693.0,666.0
2024-10-17 21:17:54.563,-0.0,-0.08791208791205918,0.0,37.8901098901099,697.0,694.0,666.0
2024-10-17 21:17:54.866,-0.0,-0.08791208791205918,0.0,38.76923076923072,698.0,694.0,666.0
2024-10-17 21:17:55.171,-0.0,-0.08791208791205918,0.0,39.91208791208783,698.0,694.0,666.0
2024-10-17 21:17:55.475,-0.0,0.0,0.0,40.87912087912082,698.0,694.0,666.0
2024-10-17 21:17:55.779,-0.08791208791205918,0.0,0.0,41.84615384615381,698.0,695.0,666.0
2024-10-17 21:17:56.083,-0.0,0.0,0.0,42.8131868131868,698.0,695.0,666.0
2024-10-17 21:17:56.387,-0.0,-0.08791208791205918,0.0,43.868131868131854,698.0,695.0,666.0
2024-10-17 21:17:56.691,-0.0,-0.08791208791205918,0.0,44.83516483516473,698.0,696.0,666.0
2024-10-17 21:17:56.995,-0.0,-0.08791208791205918,0.0,45.890109890109784,698.0,696.0,666.0
2024-10-17 21:17:57.299,-0.0,-0.08791208791205918,0.0,46.76923076923072,698.0,696.0,666.0
2024-10-17 21:17:57.603,-0.0,-0.08791208791205918,0.0,47.91208791208783,698.0,697.0,667.0
2024-10-17 21:17:57.907,-0.0,0.0,0.0,48.87912087912082,698.0,697.0,666.0
2024-10-17 21:17:58.211,-0.0,-0.08791208791205918,0.08791208791194549,49.84615384615381,699.0,697.0,667.0
2024-10-17 21:17:58.515,-0.0,0.0,0.0,50.8131868131868,699.0,698.0,666.0
2024-10-17 21:17:58.819,-0.0,-0.08791208791205918,0.0,51.78021978021968,698.0,698.0,667.0
2024-10-17 21:17:59.123,-0.0,-0.08791208791205918,0.0,52.83516483516473,698.0,698.0,667.0
2024-10-17 21:17:59.427,-0.0,-0.08791208791205918,0.0,53.890109890109784,699.0,698.0,667.0
2024-10-17 21:17:59.731,-0.0,0.0,0.0,54.857142857142776,699.0,699.0,667.0
2024-10-17 21:18:00.035,-0.0,-0.08791208791205918,0.0,55.91208791208783,699.0,699.0,667.0
2024-10-17 21:18:00.339,-0.0,0.0,0.0,56.79120879120876,699.0,699.0,667.0
2024-10-17 21:18:00.643,-0.0,-0.08791208791205918,0.0,57.84615384615381,699.0,699.0,667.0
2024-10-17 21:18:00.947,-0.08791208791205918,0.0,0.0,58.8131868131868,699.0,700.0,667.0
2024-10-17 21:18:01.251,-0.08791208791205918,0.0,0.0,59.78021978021968,699.0,700.0,667.0
2024-10-17 21:18:01.555,-0.0,0.0,0.0,60.83516483516473,699.0,700.0,667.0
2024-10-17 21:18:01.859,-0.0,0.0,0.0,61.802197802197725,698.0,701.0,666.0
2024-10-17 21:18:02.163,-0.0,0.0,0.0,62.76923076923072,699.0,701.0,667.0
2024-10-17 21:18:02.467,-0.0,0.0,0.0,63.82417582417577,698.0,701.0,667.0
2024-10-17 21:18:02.771,-0.0,0.0,0.0,64.87912087912082,698.0,702.0,666.0
2024-10-17 21:18:03.075,-0.0,0.0,0.0,65.84615384615381,698.0,702.0,667.0
2024-10-17 21:18:03.379,-0.0,-0.08791208791205918,0.0,66.8131868131868,698.0,702.0,666.0
2024-10-17 21:18:03.683,-0.0,0.0,0.0,67.78021978021968,698.0,702.0,666.0
2024-10-17 21:18:03.987,-0.0,-0.08791208791205918,0.0,68.74725274725267,698.0,703.0,666.0
2024-10-17 21:18:04.291,-0.0,0.0,0.0,69.80219780219772,698.0,703.0,666.0
2024-10-17 21:18:04.595,-0.0,-0.08791208791205918,0.0,70.76923076923072,698.0,703.0,666.0
2024-10-17 21:18:04.899,-0.0,-0.08791208791205918,0.0,71.73626373626371,698.0,704.0,666.0
2024-10-17 21:18:05.203,-0.08791208791205918,0.0,0.0,72.79120879120876,698.0,704.0,665.0
2024-10-17 21:18:05.507,-0.0,0.0,0.0,73.75824175824175,698.0,704.0,666.0
2024-10-17 21:18:05.811,-0.0,-0.08791208791205918,0.0,74.8131868131868,697.0,705.0,666.0
2024-10-17 21:18:06.115,-0.0,0.0,0.0,75.78021978021968,698.0,706.0,665.0
2024-10-17 21:18:06.419,-0.0,-0.08791208791205918,0.0,76.74725274725267,698.0,706.0,665.0
2024-10-17 21:18:06.724,-0.0,0.0,0.08791208791194549,77.80219780219772,698.0,706.0,665.0
2024-10-17 21:18:07.028,-0.0,0.0,0.0,78.76923076923072,697.0,707.0,665.0
2024-10-17 21:18:07.331,-0.0,0.0,0.0,79.73626373626371,697.0,707.0,665.0
2024-10-17 21:18:07.635,-0.0,-0.08791208791205918,0.0,80.79120879120876,697.0,707.0,665.0
2024-10-17 21:18:07.939,-0.08791208791205918,0.0,0.0,81.75824175824175,697.0,708.0,665.0
2024-10-17 21:18:08.243,-0.0,-0.08791208791205918,0.0,82.8131868131868,697.0,708.0,664.0
2024-10-17 21:18:08.547,-0.0,0.0,0.0,83.78021978021968,697.0,709.0,664.0
2024-10-17 21:18:08.852,-0.0,0.0,0.0,84.74725274725267,697.0,709.0,664.0
2024-10-17 21:18:09.156,-0.0,-0.08791208791205918,0.0,85.80219780219772,697.0,709.0,664.0
2024-10-17 21:18:09.459,-0.0,0.0,0.0,86.76923076923072,696.0,710.0,664.0
2024-10-17 21:18:09.779,-0.0,0.0,0.0,87.73626373626371,696.0,710.0,664.0
2024-10-17 21:18:10.083,-0.0,0.0,0.0,88.79120879120876,696.0,711.0,664.0
2024-10-17 21:18:10.371,-0.0,-0.08791208791205918,0.0,89.75824175824175,696.0,711.0,664.0
2024-10-17 21:18:10.676,-0.0,0.0,0.0,90.8131868131868,696.0,711.0,664.0
2024-10-17 21:18:10.995,-0.0,0.0,0.0,91.78021978021968,696.0,712.0,664.0
2024-10-17 21:18:11.300,-0.0,0.0,0.0,92.74725274725267,696.0,712.0,664.0
2024-10-17 21:18:11.587,-0.0,0.0,0.0,93.71428571428567,696.0,713.0,663.0
2024-10-17 21:18:11.907,-0.0,-0.08791208791205918,0.0,94.76923076923072,695.0,713.0,664.0
2024-10-17 21:18:12.212,-0.0,-0.08791208791205918,0.0,95.73626373626371,695.0,714.0,663.0
2024-10-17 21:18:12.516,-0.08791208791205918,-0.08791208791205918,0.0,96.7032967032967,695.0,713.0,663.0
2024-10-17 21:18:12.803,-0.0,0.0,0.0,97.67032967032958,694.0,714.0,663.0
2024-10-17 21:18:13.123,-0.0,0.0,0.0,98.72527472527463,694.0,715.0,662.0
2024-10-17 21:18:13.428,-0.0,-0.08791208791205918,0.0,99.60439560439556,694.0,715.0,662.0
2024-10-17 21:18:13.732,-0.0,-0.08791208791205918,0.0,100.65934065934061,694.0,715.0,662.0
2024-10-17 21:18:14.036,-0.0,-0.08791208791205918,0.0,101.71428571428567,694.0,716.0,662.0
2024-10-17 21:18:14.340,-0.0,0.0,0.0,102.59340659340648,693.0,716.0,662.0
2024-10-17 21:18:14.644,-0.0,-0.08791208791205918,0.0,103.64835164835165,693.0,716.0,661.0
2024-10-17 21:18:14.948,-0.0,0.0,0.0,104.61538461538453,693.0,717.0,661.0
2024-10-17 21:18:15.252,-0.0,0.0,0.0,105.58241758241752,693.0,717.0,660.0
2024-10-17 21:18:15.556,-0.0,0.0,0.0,106.63736263736257,692.0,717.0,660.0
2024-10-17 21:18:15.860,-0.0,0.0,0.0,107.60439560439556,692.0,717.0,660.0
2024-10-17 21:18:16.164,-0.0,0.0,0.0,108.57142857142856,692.0,717.0,660.0
2024-10-17 21:18:16.468,-0.0,0.0,0.0,109.6263736263736,691.0,717.0,659.0
2024-10-17 21:18:16.772,-0.0,-0.08791208791205918,0.0,110.59340659340648,691.0,718.0,659.0
2024-10-17 21:18:17.076,-0.0,0.0,0.0,111.64835164835165,690.0,719.0,659.0
2024-10-17 21:18:17.380,-0.0,-0.08791208791205918,0.0,112.61538461538453,690.0,718.0,659.0
2024-10-17 21:18:17.684,-0.0,-0.08791208791205918,0.0,113.58241758241752,689.0,719.0,659.0
2024-10-17 21:18:17.988,-0.0,-0.08791208791205918,0.0,114.63736263736257,690.0,719.0,658.0
2024-10-17 21:18:18.292,-0.0,-0.08791208791205918,0.0,115.60439560439556,689.0,719.0,658.0
2024-10-17 21:18:18.596,-0.0,-0.08791208791205918,0.0,116.57142857142856,689.0,720.0,657.0
2024-10-17 21:18:18.900,-0.0,0.0,0.0,117.6263736263736,688.0,720.0,656.0
2024-10-17 21:18:19.204,-0.0,0.0,0.0,118.59340659340648,688.0,720.0,656.0
2024-10-17 21:18:19.508,-0.0,0.0,0.0,119.64835164835165,688.0,720.0,656.0
2024-10-17 21:18:19.812,-0.0,0.0,0.0,120.61538461538453,688.0,721.0,656.0
2024-10-17 21:18:20.116,-0.0,-0.08791208791205918,0.0,121.58241758241752,687.0,721.0,656.0
2024-10-17 21:18:20.420,-0.0,0.0,0.0,122.54945054945051,687.0,722.0,655.0
2024-10-17 21:18:20.724,-0.08791208791205918,0.0,0.0,123.60439560439556,686.0,722.0,655.0
2024-10-17 21:18:21.029,-0.0,0.0,0.08791208791194549,124.57142857142856,686.0,723.0,655.0
2024-10-17 21:18:21.332,-0.0,0.0,0.0,125.6263736263736,686.0,723.0,655.0
2024-10-17 21:18:21.636,-0.0,0.0,0.0,126.50549450549443,686.0,724.0,655.0
2024-10-17 21:18:21.940,-0.0,-0.08791208791205918,0.0,127.64835164835165,685.0,724.0,654.0
2024-10-17 21:18:22.244,-0.0,0.0,0.0,128.61538461538453,685.0,724.0,654.0
2024-10-17 21:18:22.549,-0.0,-0.08791208791205918,0.0,129.58241758241752,684.0,725.0,654.0
2024-10-17 21:18:22.852,-0.0,-0.08791208791205918,0.0,130.5494505494505,684.0,725.0,654.0
2024-10-17 21:18:23.156,-0.0,0.0,0.0,131.60439560439556,683.0,725.0,653.0
2024-10-17 21:18:23.460,-0.0,0.0,0.0,132.57142857142856,683.0,726.0,653.0
2024-10-17 21:18:23.764,-0.0,0.0,0.0,133.6263736263736,682.0,727.0,652.0
2024-10-17 21:18:24.068,-0.0,0.0,0.0,134.59340659340648,682.0,727.0,652.0
2024-10-17 21:18:24.372,-0.0,0.0,0.0,135.56043956043948,681.0,727.0,652.0
2024-10-17 21:18:24.676,-0.0,0.0,0.0,136.61538461538453,681.0,728.0,651.0
2024-10-17 21:18:24.980,-0.0,0.0,0.0,137.58241758241752,680.0,728.0,651.0
2024-10-17 21:18:25.284,-0.08791208791205918,-0.08791208791205918,0.0,138.5494505494505,680.0,729.0,650.0
2024-10-17 21:18:25.588,-0.0,-0.08791208791205918,0.0,139.60439560439556,679.0,729.0,650.0
2024-10-17 21:18:25.892,-0.0,-0.08791208791205918,0.0,140.57142857142856,679.0,729.0,649.0
2024-10-17 21:18:26.196,-0.0,0.0,0.0,141.6263736263736,679.0,730.0,649.0
2024-10-17 21:18:26.501,-0.0,-0.08791208791205918,0.0,142.59340659340648,678.0,730.0,648.0
2024-10-17 21:18:26.804,-0.0,0.0,0.0,143.64835164835165,678.0,730.0,648.0
2024-10-17 21:18:27.108,-0.0,-0.08791208791205918,0.0,144.61538461538453,677.0,731.0,647.0
2024-10-17 21:18:27.412,-0.0,0.0,0.0,145.58241758241752,677.0,731.0,647.0
2024-10-17 21:18:27.717,-0.08791208791205918,-0.08791208791205918,0.0,146.5494505494505,676.0,732.0,647.0
2024-10-17 21:18:28.020,-0.08791208791205918,-0.08791208791205918,0.0,147.60439560439556,676.0,732.0,646.0
2024-10-17 21:18:28.325,-0.0,0.0,0.0,148.57142857142856,675.0,733.0,646.0
2024-10-17 21:18:28.628,-0.0,-0.08791208791205918,-0.08791208791217286,149.6263736263736,675.0,733.0,646.0
2024-10-17 21:18:28.932,-0.0,-0.08791208791205918,0.0,148.83516483516473,675.0,733.0,646.0
2024-10-17 21:18:29.237,-0.0,0.0,0.0,147.78021978021968,676.0,733.0,646.0
2024-10-17 21:18:29.541,-0.0,0.0,0.0,146.8131868131868,677.0,733.0,647.0
2024-10-17 21:18:29.844,-0.0,0.0,0.0,145.75824175824175,677.0,733.0,648.0
2024-10-17 21:18:30.149,-0.0,0.0,0.0,144.87912087912082,678.0,733.0,648.0
2024-10-17 21:18:30.468,-0.0,0.0,0.0,143.82417582417577,678.0,732.0,649.0
2024-10-17 21:18:30.756,-0.0,0.0,0.0,142.76923076923072,679.0,732.0,650.0
2024-10-17 21:18:31.061,-0.0,-0.08791208791205918,0.0,141.89010989010978,680.0,732.0,651.0
2024-10-17 21:18:31.364,-0.0,-0.08791208791205918,0.0,140.74725274725267,680.0,731.0,651.0
2024-10-17 21:18:31.669,-0.0,-0.08791208791205918,0.0,139.78021978021968,681.0,731.0,652.0
2024-10-17 21:18:31.973,-0.0,0.0,0.0,138.8131868131868,682.0,730.0,653.0
2024-10-17 21:18:32.277,-0.0,-0.08791208791205918,0.0,137.8461538461538,683.0,730.0,653.0
2024-10-17 21:18:32.581,-0.0,0.0,0.0,136.79120879120876,683.0,729.0,654.0
2024-10-17 21:18:32.900,-0.0,-0.08791208791205918,0.0,135.91208791208783,684.0,729.0,655.0
2024-10-17 21:18:33.189,-0.0,0.0,0.0,134.85714285714278,685.0,729.0,655.0
2024-10-17 21:18:33.493,-0.0,-0.08791208791205918,0.0,133.80219780219772,686.0,728.0,656.0
2024-10-17 21:18:33.813,-0.0,-0.08791208791205918,0.0,132.74725274725267,686.0,728.0,657.0
2024-10-17 21:18:34.117,-0.0,-0.08791208791205918,0.0,131.86813186813185,687.0,728.0,657.0
2024-10-17 21:18:34.421,-0.0,-0.08791208791205918,0.0,130.90109890109886,687.0,727.0,657.0
2024-10-17 21:18:34.709,-0.0,0.0,0.0,129.8461538461538,688.0,726.0,658.0
2024-10-17 21:18:35.029,-0.0,0.0,0.0,128.87912087912082,688.0,726.0,659.0
2024-10-17 21:18:35.333,-0.0,-0.08791208791205918,0.0,127.91208791208783,689.0,725.0,659.0
2024-10-17 21:18:35.637,-0.0,0.0,0.0,126.85714285714278,689.0,725.0,660.0
2024-10-17 21:18:35.941,-0.0,0.0,0.0,125.89010989010978,690.0,724.0,660.0
2024-10-17 21:18:36.245,-0.0,-0.08791208791205918,0.0,124.83516483516473,690.0,724.0,661.0
2024-10-17 21:18:36.565,-0.0,-0.08791208791205918,0.0,123.86813186813185,690.0,724.0,661.0
2024-10-17 21:18:36.948,-0.0,-0.08791208791205918,0.0,122.98901098901092,691.0,723.0,661.0
2024-10-17 21:18:37.253,-0.0,0.0,0.0,121.84615384615381,691.0,722.0,662.0
2024-10-17 21:18:37.558,-0.0,-0.08791208791205918,0.0,120.96703296703288,692.0,722.0,662.0
2024-10-17 21:18:37.861,-0.0,0.0,0.0,120.0,692.0,722.0,662.0
2024-10-17 21:18:38.164,-0.0,-0.08791208791205918,0.0,118.85714285714278,692.0,721.0,662.0
2024-10-17 21:18:38.469,-0.0,0.0,0.0,117.97802197802196,692.0,721.0,663.0
2024-10-17 21:18:38.773,-0.0,-0.08791208791205918,0.0,116.9230769230769,692.0,720.0,663.0
2024-10-17 21:18:39.077,-0.0,-0.08791208791205918,0.0,115.86813186813185,693.0,720.0,663.0
2024-10-17 21:18:39.381,-0.0,-0.08791208791205918,0.0,114.98901098901092,693.0,720.0,663.0
2024-10-17 21:18:39.685,-0.0,-0.08791208791205918,0.0,113.93406593406587,693.0,719.0,663.0
2024-10-17 21:18:39.989,-0.0,0.0,0.0,112.96703296703288,693.0,718.0,664.0
2024-10-17 21:18:40.293,-0.0,0.0,0.0,112.0,693.0,717.0,664.0
2024-10-17 21:18:40.598,-0.0,0.0,0.08791208791194549,110.94505494505484,693.0,717.0,664.0
2024-10-17 21:18:40.901,-0.0,-0.08791208791205918,0.08791208791194549,109.97802197802196,694.0,717.0,664.0
2024-10-17 21:18:41.205,-0.0,-0.08791208791205918,0.0,108.9230769230769,694.0,716.0,664.0
2024-10-17 21:18:41.509,-0.0,-0.08791208791205918,0.0,108.04395604395597,694.0,715.0,665.0
2024-10-17 21:18:41.813,-0.0,-0.08791208791205918,0.0,106.98901098901092,694.0,715.0,664.0
2024-10-17 21:18:42.117,-0.0,-0.08791208791205918,0.08791208791194549,105.93406593406587,694.0,714.0,664.0
2024-10-17 21:18:42.421,-0.0,-0.08791208791205918,0.0,105.05494505494505,695.0,714.0,664.0
2024-10-17 21:18:42.725,-0.0,0.0,0.0,104.08791208791206,695.0,713.0,665.0
2024-10-17 21:18:43.029,-0.0,0.0,0.0,102.94505494505484,694.0,712.0,665.0
2024-10-17 21:18:43.333,-0.0,-0.08791208791205918,0.0,101.97802197802196,694.0,712.0,665.0
2024-10-17 21:18:43.637,-0.0,0.0,0.0,101.01098901098896,695.0,711.0,665.0
2024-10-17 21:18:43.941,-0.0,0.0,0.0,100.04395604395597,694.0,711.0,665.0
2024-10-17 21:18:44.245,-0.0,0.0,0.0,98.98901098901092,694.0,711.0,665.0
2024-10-17 21:18:44.550,-0.0,0.0,0.0,98.02197802197793,695.0,710.0,665.0
2024-10-17 21:18:44.853,-0.0,-0.08791208791205918,0.0,97.05494505494505,695.0,709.0,665.0
2024-10-17 21:18:45.157,-0.0,-0.08791208791205918,0.0,96.08791208791206,695.0,709.0,665.0
2024-10-17 21:18:45.477,-0.0,0.0,0.08791208791194549,94.94505494505484,695.0,709.0,665.0
2024-10-17 21:18:45.765,-0.0,0.0,0.0,94.06593406593402,695.0,708.0,665.0
2024-10-17 21:18:46.069,-0.0,-0.08791208791205918,0.0,93.01098901098896,694.0,707.0,665.0
2024-10-17 21:18:46.389,-0.0,0.0,0.0,92.04395604395597,695.0,707.0,665.0
2024-10-17 21:18:46.677,-0.08791208791205918,0.0,0.0,91.07692307692298,694.0,707.0,664.0
2024-10-17 21:18:46.981,-0.0,0.0,0.0,90.02197802197793,695.0,706.0,665.0
2024-10-17 21:18:47.301,-0.0,0.0,0.0,89.05494505494505,695.0,706.0,665.0
2024-10-17 21:18:47.605,-0.0,-0.08791208791205918,0.0,88.08791208791206,694.0,706.0,665.0
2024-10-17 21:18:47.893,-0.0,0.0,0.0,87.03296703296701,694.0,705.0,665.0
2024-10-17 21:18:48.197,-0.0,-0.08791208791205918,0.0,85.97802197802196,694.0,705.0,665.0
2024-10-17 21:18:48.517,-0.0,0.0,0.0,85.01098901098896,694.0,704.0,665.0
2024-10-17 21:18:48.806,-0.0,-0.08791208791205918,0.0,84.04395604395597,695.0,704.0,664.0
2024-10-17 21:18:49.110,-0.0,-0.08791208791205918,0.0,83.07692307692298,694.0,703.0,664.0
2024-10-17 21:18:49.430,-0.0,0.0,0.0,82.02197802197793,695.0,703.0,664.0
2024-10-17 21:18:49.733,-0.0,-0.08791208791205918,0.08791208791194549,81.05494505494505,694.0,703.0,664.0
2024-10-17 21:18:50.038,-0.0,0.0,0.0,80.08791208791206,694.0,702.0,665.0
2024-10-17 21:18:50.325,-0.0,0.0,0.0,79.03296703296701,694.0,702.0,664.0
2024-10-17 21:18:50.646,-0.0,0.0,0.0,78.06593406593402,694.0,701.0,664.0
2024-10-17 21:18:50.949,-0.0,-0.08791208791205918,0.0,77.01098901098896,694.0,701.0,664.0
2024-10-17 21:18:51.253,-0.0,-0.08791208791205918,0.08791208791194549,76.04395604395597,694.0,700.0,664.0
2024-10-17 21:18:51.558,-0.0,-0.08791208791205918,0.0,75.07692307692298,694.0,700.0,664.0
2024-10-17 21:18:51.862,-0.0,-0.08791208791205918,0.08791208791194549,74.02197802197793,694.0,699.0,664.0
2024-10-17 21:18:52.165,-0.0,-0.08791208791205918,0.0,73.05494505494505,694.0,699.0,664.0
2024-10-17 21:18:52.470,-0.0,-0.08791208791205918,0.0,72.08791208791206,694.0,699.0,663.0
2024-10-17 21:18:52.773,-0.0,0.0,0.0,71.03296703296701,694.0,698.0,664.0
2024-10-17 21:18:53.078,-0.0,0.0,0.0,70.06593406593402,693.0,698.0,663.0
2024-10-17 21:18:53.382,-0.0,0.0,0.0,69.09890109890102,693.0,697.0,663.0
2024-10-17 21:18:53.686,-0.0,0.0,0.0,68.04395604395597,693.0,697.0,663.0
2024-10-17 21:18:53.989,-0.0,0.0,0.0,67.07692307692298,693.0,697.0,663.0
2024-10-17 21:18:54.294,-0.0,-0.08791208791205918,0.0,66.02197802197793,693.0,696.0,663.0
2024-10-17 21:18:54.598,-0.0,0.0,0.0,65.05494505494505,693.0,696.0,663.0
2024-10-17 21:18:54.902,-0.0,0.0,0.0,64.08791208791206,693.0,696.0,663.0
2024-10-17 21:18:55.206,-0.0,-0.08791208791205918,0.0,62.945054945054835,693.0,695.0,663.0
2024-10-17 21:18:55.510,-0.0,0.0,0.0,62.065934065934016,693.0,695.0,663.0
2024-10-17 21:18:55.830,-0.0,-0.08791208791205918,0.0,61.010989010988965,692.0,694.0,663.0
2024-10-17 21:18:56.214,-0.0,-0.08791208791205918,0.0,60.04395604395597,692.0,694.0,663.0
2024-10-17 21:18:56.518,-0.0,-0.08791208791205918,0.0,59.07692307692298,692.0,694.0,663.0
2024-10-17 21:18:56.821,-0.0,-0.08791208791205918,0.0,58.02197802197793,692.0,693.0,662.0
2024-10-17 21:18:57.127,-0.0,-0.08791208791205918,0.0,57.05494505494505,692.0,693.0,662.0
2024-10-17 21:18:57.430,-0.0,0.0,0.0,56.08791208791206,692.0,692.0,662.0
2024-10-17 21:18:57.734,-0.0,-0.08791208791205918,0.08791208791194549,55.03296703296701,692.0,692.0,662.0
2024-10-17 21:18:58.038,-0.0,0.0,0.0,54.065934065934016,692.0,692.0,662.0
2024-10-17 21:18:58.342,-0.0,0.0,0.0,53.010989010988965,692.0,691.0,662.0
2024-10-17 21:18:58.646,-0.0,0.0,0.0,52.04395604395597,691.0,691.0,662.0
2024-10-17 21:18:58.950,-0.0,0.0,0.0,51.07692307692298,692.0,691.0,661.0
2024-10-17 21:18:59.254,-0.0,0.0,0.0,50.02197802197793,691.0,691.0,662.0
2024-10-17 21:18:59.574,-0.0,0.0,0.0,49.05494505494505,691.0,690.0,661.0
2024-10-17 21:18:59.862,-0.0,-0.08791208791205918,0.0,48.08791208791206,691.0,690.0,661.0
2024-10-17 21:19:00.166,-0.0,-0.08791208791205918,0.0,47.03296703296701,691.0,690.0,661.0
2024-10-17 21:19:00.470,-0.0,0.0,0.0,46.065934065934016,691.0,689.0,661.0
2024-10-17 21:19:00.774,-0.0,-0.08791208791205918,0.0,45.010989010988965,691.0,689.0,661.0
2024-10-17 21:19:01.077,-0.0,-0.08791208791205918,0.0,44.04395604395597,691.0,689.0,661.0
2024-10-17 21:19:01.398,-0.08791208791205918,0.0,0.0,43.07692307692298,690.0,689.0,661.0
2024-10-17 21:19:01.686,-0.08791208791205918,-0.08791208791205918,0.0,42.02197802197793,691.0,689.0,661.0
2024-10-17 21:19:01.990,-0.0,0.0,0.0,41.05494505494505,691.0,688.0,661.0
2024-10-17 21:19:02.294,-0.0,0.0,0.0,40.08791208791206,691.0,688.0,661.0
2024-10-17 21:19:02.598,-0.0,-0.08791208791205918,0.0,39.03296703296701,691.0,688.0,661.0
2024-10-17 21:19:02.918,-0.0,-0.08791208791205918,0.0,38.065934065934016,691.0,688.0,661.0
2024-10-17 21:19:03.223,-0.0,-0.08791208791205918,0.0,37.010989010988965,691.0,688.0,660.0
2024-10-17 21:19:03.510,-0.0,-0.08791208791205918,0.08791208791194549,36.04395604395597,691.0,688.0,660.0
2024-10-17 21:19:03.814,-0.0,0.0,0.0,35.076923076923094,691.0,687.0,660.0
2024-10-17 21:19:04.134,-0.0,0.0,0.0,34.02197802197793,691.0,687.0,660.0
2024-10-17 21:19:04.438,-0.0,0.0,0.0,33.05494505494494,691.0,687.0,660.0
2024-10-17 21:19:04.726,-0.0,-0.08791208791205918,0.0,32.08791208791206,691.0,687.0,660.0
2024-10-17 21:19:05.030,-0.0,-0.08791208791205918,0.0,31.032967032967008,690.0,687.0,660.0
2024-10-17 21:19:05.351,-0.08791208791205918,0.0,0.0,30.065934065934016,690.0,687.0,660.0
2024-10-17 21:19:05.654,-0.0,-0.08791208791205918,0.0,29.010989010988965,691.0,687.0,660.0
2024-10-17 21:19:05.943,-0.0,-0.08791208791205918,0.0,28.043956043955973,690.0,686.0,660.0
2024-10-17 21:19:06.262,-0.0,-0.08791208791205918,0.0,27.076923076923094,691.0,686.0,660.0
2024-10-17 21:19:06.566,-0.0,-0.08791208791205918,0.0,26.02197802197793,690.0,686.0,660.0
2024-10-17 21:19:06.870,-0.0,-0.08791208791205918,0.0,25.054945054944938,691.0,686.0,660.0
2024-10-17 21:19:07.175,-0.08791208791205918,-0.08791208791205918,0.0,24.08791208791206,691.0,686.0,660.0
2024-10-17 21:19:07.479,-0.0,-0.08791208791205918,0.0,23.032967032967008,691.0,686.0,660.0
2024-10-17 21:19:07.783,-0.0,-0.08791208791205918,0.0,22.065934065934016,691.0,686.0,660.0
2024-10-17 21:19:08.087,-0.0,-0.08791208791205918,0.0,21.010989010988965,691.0,686.0,660.0
2024-10-17 21:19:08.391,-0.0,-0.08791208791205918,0.0,20.043956043955973,690.0,685.0,660.0
2024-10-17 21:19:08.695,-0.0,-0.08791208791205918,0.0,19.076923076923094,691.0,685.0,660.0
2024-10-17 21:19:08.998,-0.0,-0.08791208791205918,0.0,17.93406593406587,690.0,685.0,660.0
2024-10-17 21:19:09.303,-0.0,-0.08791208791205918,0.0,17.054945054944938,691.0,686.0,659.0
2024-10-17 21:19:09.606,-0.08791208791205918,-0.08791208791205918,0.0,16.08791208791206,691.0,685.0,659.0
2024-10-17 21:19:09.910,-0.0,-0.08791208791205918,0.0,15.032967032967008,690.0,685.0,659.0
2024-10-17 21:19:10.214,-0.0,-0.08791208791205918,0.0,14.065934065934016,690.0,685.0,659.0
2024-10-17 21:19:10.519,-0.08791208791205918,-0.08791208791205918,0.0,13.010989010988965,690.0,685.0,659.0
2024-10-17 21:19:10.822,-0.0,-0.08791208791205918,0.0,12.043956043955973,690.0,685.0,659.0
2024-10-17 21:19:11.126,-0.0,-0.08791208791205918,0.0,11.076923076923094,690.0,685.0,659.0
2024-10-17 21:19:11.431,-0.08791208791205918,-0.08791208791205918,0.0,10.02197802197793,690.0,685.0,659.0
2024-10-17 21:19:11.735,-0.0,-0.08791208791205918,0.0,9.054945054944938,690.0,685.0,659.0
2024-10-17 21:19:12.038,-0.0,-0.08791208791205918,0.08791208791194549,8.08791208791206,690.0,685.0,659.0
2024-10-17 21:19:12.343,-0.0,-0.08791208791205918,0.0,7.032967032967008,691.0,685.0,659.0
2024-10-17 21:19:12.647,-0.08791208791205918,-0.08791208791205918,0.0,6.065934065934016,690.0,685.0,659.0
2024-10-17 21:19:12.967,-0.0,-0.08791208791205918,0.0,5.098901098901024,691.0,685.0,659.0
2024-10-17 21:19:13.351,-0.0,-0.08791208791205918,0.0,3.9560439560439136,690.0,685.0,659.0
2024-10-17 21:19:13.655,-0.08791208791205918,-0.08791208791205918,0.0,3.0769230769230944,690.0,685.0,659.0
2024-10-17 21:19:13.959,-0.0,-0.08791208791205918,0.0,2.0219780219779295,691.0,685.0,659.0
2024-10-17 21:19:14.263,-0.0,-0.08791208791205918,0.0,1.1428571428571104,691.0,685.0,659.0
2024-10-17 21:19:14.694,-0.0,-0.08791208791205918,0.0,1.0549450549449375,690.0,685.0,659.0
2024-10-17 21:19:15.207,0.8791208791209328,-0.3516483516483504,0.0,1.0549450549449375,691.0,685.0,659.0
2024-10-17 21:19:15.718,1.758241758241752,-0.79120879120876,0.08791208791194549,1.0549450549449375,691.0,685.0,659.0
2024-10-17 21:19:16.215,2.813186813186917,-1.1428571428571104,0.0,1.0549450549449375,691.0,685.0,659.0
2024-10-17 21:19:16.727,3.780219780219795,-1.58241758241752,0.0,1.0549450549449375,692.0,685.0,659.0
2024-10-17 21:19:17.239,4.747252747252787,-1.9340659340658704,0.0,1.0549450549449375,692.0,685.0,659.0
2024-10-17 21:19:17.751,5.714285714285666,-2.37362637362628,0.08791208791194549,1.0549450549449375,692.0,685.0,658.0
2024-10-17 21:19:18.247,6.681318681318658,-2.7252747252746303,0.08791208791194549,1.0549450549449375,692.0,685.0,658.0
2024-10-17 21:19:18.775,7.824175824175768,-3.1648351648351536,0.0,1.0549450549449375,692.0,686.0,658.0
2024-10-17 21:19:19.255,8.79120879120876,-3.516483516483504,0.0,1.0549450549449375,693.0,685.0,658.0
2024-10-17 21:19:19.767,9.758241758241752,-3.9560439560439136,0.0,1.0549450549449375,693.0,686.0,658.0
2024-10-17 21:19:20.280,10.813186813186917,-4.395604395604323,0.0,1.0549450549449375,693.0,686.0,658.0
2024-10-17 21:19:20.775,11.780219780219795,-4.7472527472526735,0.0,1.0549450549449375,693.0,685.0,658.0
2024-10-17 21:19:21.287,12.747252747252787,-5.186813186813083,0.0,1.0549450549449375,693.0,685.0,658.0
2024-10-17 21:19:21.802,13.714285714285666,-5.538461538461547,0.08791208791194549,1.0549450549449375,693.0,685.0,657.0
2024-10-17 21:19:22.311,14.681318681318658,-5.978021978021957,0.0,1.0549450549449375,694.0,685.0,657.0
2024-10-17 21:19:22.807,15.824175824175768,-6.329670329670307,0.0,1.0549450549449375,694.0,685.0,657.0
2024-10-17 21:19:23.319,16.79120879120876,-6.769230769230717,0.0,1.0549450549449375,694.0,685.0,657.0
2024-10-17 21:19:23.831,17.758241758241752,-7.120879120879067,0.0,1.0549450549449375,694.0,685.0,656.0
2024-10-17 21:19:24.327,18.813186813186917,-7.560439560439477,0.08791208791194549,1.0549450549449375,694.0,685.0,656.0
2024-10-17 21:19:24.839,19.780219780219795,-7.912087912087827,0.0,1.0549450549449375,694.0,684.0,656.0
2024-10-17 21:19:25.352,20.747252747252787,-8.35164835164835,0.0,1.0549450549449375,694.0,684.0,656.0
2024-10-17 21:19:25.848,21.714285714285666,-8.79120879120876,0.0,1.0549450549449375,694.0,684.0,656.0
2024-10-17 21:19:26.359,22.5934065934066,-9.14285714285711,0.0,1.0549450549449375,694.0,684.0,656.0
2024-10-17 21:19:26.872,23.824175824175768,-9.58241758241752,0.0,1.0549450549449375,695.0,685.0,655.0
2024-10-17 21:19:27.384,24.79120879120876,-9.93406593406587,0.0,1.0549450549449375,695.0,685.0,655.0
2024-10-17 21:19:27.880,25.758241758241752,-10.37362637362628,0.0,1.0549450549449375,695.0,685.0,655.0
2024-10-17 21:19:28.392,26.813186813186917,-10.72527472527463,0.0,1.0549450549449375,696.0,685.0,656.0
2024-10-17 21:19:28.903,27.780219780219795,-11.164835164835154,0.0,1.0549450549449375,696.0,685.0,656.0
2024-10-17 21:19:29.400,28.747252747252787,-11.516483516483504,0.0,1.0549450549449375,696.0,685.0,655.0
2024-10-17 21:19:29.911,29.714285714285666,-11.868131868131854,0.0,1.0549450549449375,696.0,685.0,655.0
2024-10-17 21:19:30.424,30.681318681318658,-12.395604395604323,0.0,1.0549450549449375,697.0,685.0,655.0
2024-10-17 21:19:30.920,31.824175824175768,-12.747252747252674,0.0,1.0549450549449375,697.0,685.0,655.0
2024-10-17 21:19:31.431,32.79120879120876,-13.186813186813083,0.0,1.0549450549449375,697.0,685.0,655.0
2024-10-17 21:19:31.944,33.75824175824175,-13.538461538461547,0.0,1.0549450549449375,698.0,685.0,655.0
2024-10-17 21:19:32.456,34.81318681318692,-14.065934065934016,0.08791208791194549,1.0549450549449375,698.0,685.0,655.0
2024-10-17 21:19:32.952,35.780219780219795,-14.329670329670307,0.0,1.0549450549449375,698.0,685.0,655.0
2024-10-17 21:19:33.464,36.74725274725279,-14.769230769230717,0.0,1.0549450549449375,698.0,685.0,655.0
2024-10-17 21:19:33.976,37.714285714285666,-15.120879120879067,0.0,1.0549450549449375,699.0,685.0,654.0
2024-10-17 21:19:34.472,38.76923076923083,-15.560439560439477,0.0,1.0549450549449375,699.0,685.0,654.0
2024-10-17 21:19:34.983,39.82417582417577,-15.912087912087827,0.0,1.0549450549449375,699.0,685.0,654.0
2024-10-17 21:19:35.496,40.79120879120876,-16.35164835164835,0.0,1.0549450549449375,700.0,685.0,654.0
2024-10-17 21:19:35.992,41.75824175824175,-16.79120879120876,0.0,1.0549450549449375,700.0,685.0,654.0
2024-10-17 21:19:36.520,42.81318681318692,-17.14285714285711,0.0,1.0549450549449375,700.0,685.0,654.0
2024-10-17 21:19:37.016,43.780219780219795,-17.49450549450546,0.0,1.0549450549449375,700.0,686.0,654.0
2024-10-17 21:19:37.512,44.74725274725279,-17.93406593406587,0.0,1.0549450549449375,701.0,685.0,653.0
2024-10-17 21:19:38.024,45.714285714285666,-18.37362637362628,0.0,1.0549450549449375,701.0,685.0,653.0
2024-10-17 21:19:38.535,46.68131868131866,-18.72527472527463,0.0,1.0549450549449375,701.0,685.0,653.0
2024-10-17 21:19:39.032,47.82417582417577,-19.252747252747213,0.08791208791194549,1.0549450549449375,701.0,685.0,653.0
2024-10-17 21:19:39.544,48.79120879120876,-19.516483516483504,0.0,1.0549450549449375,702.0,685.0,653.0
2024-10-17 21:19:40.056,49.75824175824175,-19.956043956043914,0.08791208791194549,1.0549450549449375,702.0,685.0,652.0
2024-10-17 21:19:40.552,50.725274725274744,-20.395604395604323,0.0,1.0549450549449375,703.0,685.0,652.0
2024-10-17 21:19:41.064,51.60439560439556,-20.747252747252674,0.0,1.0549450549449375,703.0,686.0,652.0
2024-10-17 21:19:41.576,52.74725274725279,-21.186813186813083,0.0,1.0549450549449375,704.0,685.0,652.0
2024-10-17 21:19:42.088,53.714285714285666,-21.538461538461547,0.0,1.0549450549449375,704.0,686.0,652.0
2024-10-17 21:19:42.584,54.68131868131866,-21.978021978021957,0.0,1.0549450549449375,705.0,686.0,652.0
2024-10-17 21:19:43.097,55.64835164835165,-22.329670329670307,0.0,1.0549450549449375,705.0,686.0,652.0
2024-10-17 21:19:43.592,56.79120879120876,-22.769230769230717,0.0,1.0549450549449375,706.0,686.0,651.0
2024-10-17 21:19:44.105,57.75824175824175,-23.120879120879067,0.0,1.0549450549449375,707.0,686.0,651.0
2024-10-17 21:19:44.617,58.81318681318692,-23.560439560439477,0.0,1.0549450549449375,707.0,686.0,651.0
2024-10-17 21:19:45.128,59.60439560439556,-23.912087912087827,0.0,1.0549450549449375,707.0,685.0,651.0
2024-10-17 21:19:45.624,60.571428571428555,-24.35164835164835,0.0,1.0549450549449375,708.0,686.0,651.0
2024-10-17 21:19:46.137,61.714285714285666,-24.79120879120876,0.0,1.0549450549449375,708.0,686.0,651.0
2024-10-17 21:19:46.649,62.68131868131866,-25.14285714285711,0.0,1.0549450549449375,709.0,686.0,651.0
2024-10-17 21:19:47.144,63.73626373626382,-25.49450549450546,0.0,1.0549450549449375,710.0,686.0,651.0
2024-10-17 21:19:47.657,64.79120879120876,-25.93406593406587,0.0,1.0549450549449375,710.0,686.0,651.0
2024-10-17 21:19:48.169,65.67032967032969,-26.37362637362628,0.0,1.0549450549449375,711.0,686.0,651.0
2024-10-17 21:19:48.665,66.81318681318692,-26.72527472527463,0.0,1.0549450549449375,712.0,686.0,651.0
2024-10-17 21:19:49.176,67.7802197802198,-27.164835164835154,0.0,1.0549450549449375,712.0,687.0,651.0
2024-10-17 21:19:49.689,68.74725274725279,-27.516483516483504,0.0,1.0549450549449375,713.0,687.0,650.0
2024-10-17 21:19:50.201,69.71428571428567,-27.956043956043914,0.0,1.0549450549449375,713.0,687.0,650.0
2024-10-17 21:19:50.697,70.68131868131866,-28.395604395604323,0.08791208791194549,1.0549450549449375,714.0,687.0,650.0
2024-10-17 21:19:51.209,71.73626373626382,-28.659340659340614,0.0,1.0549450549449375,714.0,687.0,650.0
2024-10-17 21:19:51.720,72.79120879120876,-29.186813186813083,0.0,1.0549450549449375,715.0,687.0,650.0
2024-10-17 21:19:52.216,73.75824175824175,-29.538461538461547,0.0,1.0549450549449375,716.0,687.0,650.0
2024-10-17 21:19:52.728,74.72527472527474,-29.978021978021957,0.0,1.0549450549449375,716.0,688.0,650.0
2024-10-17 21:19:53.241,75.60439560439556,-30.329670329670307,0.0,1.0549450549449375,717.0,687.0,650.0
2024-10-17 21:19:53.737,76.57142857142856,-30.769230769230717,0.0,1.0549450549449375,717.0,687.0,650.0
2024-10-17 21:19:54.249,77.71428571428567,-31.120879120879067,0.0,1.0549450549449375,718.0,688.0,650.0
2024-10-17 21:19:54.761,78.68131868131866,-31.560439560439477,0.0,1.0549450549449375,719.0,688.0,649.0
2024-10-17 21:19:55.273,79.73626373626382,-31.912087912087827,0.0,1.0549450549449375,719.0,688.0,650.0
2024-10-17 21:19:55.769,80.70329670329681,-32.35164835164835,0.0,1.0549450549449375,720.0,688.0,649.0
2024-10-17 21:19:56.281,81.67032967032969,-32.79120879120876,0.0,1.0549450549449375,721.0,688.0,649.0
2024-10-17 21:19:56.777,82.63736263736268,-33.14285714285711,0.0,1.0549450549449375,721.0,688.0,649.0
2024-10-17 21:19:57.295,83.60439560439556,-33.58241758241752,0.0,1.0549450549449375,722.0,688.0,649.0
2024-10-17 21:19:57.801,84.74725274725279,-33.93406593406587,0.0,1.0549450549449375,723.0,689.0,649.0
2024-10-17 21:19:58.297,85.80219780219784,-34.37362637362628,0.0,1.0549450549449375,724.0,688.0,649.0
2024-10-17 21:19:58.809,86.68131868131866,-34.72527472527463,0.0,1.0549450549449375,725.0,689.0,649.0
2024-10-17 21:19:59.321,87.73626373626382,-35.164835164835154,0.0,1.0549450549449375,725.0,689.0,648.0
2024-10-17 21:19:59.833,88.70329670329681,-35.516483516483504,0.0,0.967032967032992,725.0,689.0,649.0
2024-10-17 21:20:00.329,89.58241758241763,-35.956043956043914,0.0,1.0549450549449375,726.0,689.0,649.0
2024-10-17 21:20:00.841,90.72527472527474,-36.39560439560432,0.0,1.0549450549449375,727.0,689.0,649.0
2024-10-17 21:20:01.354,91.51648351648362,-36.74725274725267,0.08791208791194549,1.0549450549449375,727.0,689.0,648.0
2024-10-17 21:20:01.849,92.57142857142856,-37.18681318681308,0.0,1.0549450549449375,728.0,689.0,648.0
2024-10-17 21:20:02.361,93.62637362637372,-37.53846153846155,0.0,1.0549450549449375,729.0,689.0,648.0
2024-10-17 21:20:02.874,94.68131868131866,-37.97802197802196,0.0,1.0549450549449375,729.0,690.0,648.0
2024-10-17 21:20:03.369,95.56043956043959,-38.24175824175825,0.0,1.0549450549449375,730.0,690.0,648.0
2024-10-17 21:20:03.881,96.70329670329681,-38.76923076923072,0.0,1.0549450549449375,731.0,689.0,648.0
2024-10-17 21:20:04.393,97.67032967032969,-39.12087912087907,0.0,1.0549450549449375,732.0,690.0,648.0
2024-10-17 21:20:04.905,98.72527472527474,-39.56043956043948,0.0,1.0549450549449375,732.0,690.0,647.0
2024-10-17 21:20:05.402,99.60439560439556,-39.91208791208783,0.0,1.0549450549449375,733.0,690.0,647.0
2024-10-17 21:20:05.914,100.57142857142856,-40.35164835164835,0.0,0.967032967032992,734.0,690.0,647.0
2024-10-17 21:20:06.410,101.53846153846155,-40.7032967032967,0.0,1.0549450549449375,735.0,690.0,647.0
2024-10-17 21:20:06.922,102.5934065934066,-41.14285714285711,0.0,1.0549450549449375,735.0,690.0,647.0
2024-10-17 21:20:07.434,103.73626373626382,-41.58241758241752,0.0,1.0549450549449375,736.0,690.0,647.0
2024-10-17 21:20:07.946,104.70329670329681,-41.93406593406587,0.0,1.0549450549449375,736.0,690.0,647.0
2024-10-17 21:20:08.441,105.67032967032969,-42.37362637362628,0.0,1.0549450549449375,737.0,690.0,647.0
2024-10-17 21:20:08.953,106.54945054945063,-42.72527472527463,0.0,1.0549450549449375,738.0,691.0,647.0
2024-10-17 21:20:09.466,107.60439560439556,-43.164835164835154,0.0,1.0549450549449375,738.0,691.0,647.0
2024-10-17 21:20:09.962,108.4835164835165,-43.516483516483504,0.0,1.0549450549449375,739.0,691.0,647.0
2024-10-17 21:20:10.474,109.53846153846155,-43.956043956043914,0.0,1.0549450549449375,740.0,691.0,647.0
2024-10-17 21:20:10.986,110.50549450549454,-44.39560439560432,0.0,1.0549450549449375,741.0,691.0,646.0
2024-10-17 21:20:11.482,111.56043956043959,-44.74725274725267,0.08791208791194549,1.0549450549449375,742.0,691.0,646.0
2024-10-17 21:20:11.994,112.43956043956052,-45.18681318681308,0.0,1.0549450549449375,743.0,691.0,646.0
2024-10-17 21:20:12.506,113.40659340659352,-45.53846153846155,0.0,1.0549450549449375,743.0,691.0,646.0
2024-10-17 21:20:13.002,114.54945054945063,-45.97802197802196,0.0,1.0549450549449375,744.0,691.0,646.0
2024-10-17 21:20:13.514,115.60439560439556,-46.32967032967031,0.0,1.0549450549449375,746.0,692.0,646.0
2024-10-17 21:20:14.026,116.4835164835165,-46.76923076923072,0.0,1.0549450549449375,746.0,692.0,646.0
2024-10-17 21:20:14.538,117.45054945054949,-47.12087912087907,0.0,1.0549450549449375,746.0,692.0,646.0
2024-10-17 21:20:15.034,118.5934065934066,-47.56043956043948,0.0,1.0549450549449375,746.0,691.0,645.0
2024-10-17 21:20:15.546,119.56043956043959,-47.91208791208783,0.0,1.0549450549449375,747.0,691.0,645.0
2024-10-17 21:20:16.058,120.52747252747247,-48.35164835164835,0.0,1.0549450549449375,748.0,691.0,645.0
2024-10-17 21:20:16.554,121.58241758241763,-48.79120879120876,0.0,0.967032967032992,748.0,691.0,645.0
2024-10-17 21:20:17.066,122.54945054945063,-49.14285714285711,0.0,1.0549450549449375,749.0,691.0,645.0
2024-10-17 21:20:17.578,123.51648351648362,-49.58241758241752,0.0,1.0549450549449375,750.0,691.0,644.0
2024-10-17 21:20:18.075,124.4835164835165,-49.84615384615381,0.0,1.0549450549449375,751.0,691.0,644.0
2024-10-17 21:20:18.586,125.53846153846155,-50.37362637362628,0.0,1.0549450549449375,751.0,691.0,644.0
2024-10-17 21:20:19.099,126.5934065934066,-50.72527472527463,0.0,1.0549450549449375,752.0,691.0,644.0
2024-10-17 21:20:19.610,127.64835164835165,-51.164835164835154,0.0,1.0549450549449375,753.0,691.0,643.0
2024-10-17 21:20:20.106,128.61538461538464,-51.516483516483504,0.0,1.0549450549449375,754.0,691.0,643.0
2024-10-17 21:20:20.618,129.40659340659352,-51.956043956043914,0.0,1.0549450549449375,755.0,691.0,643.0
2024-10-17 21:20:21.114,130.54945054945063,-52.39560439560432,0.0,1.0549450549449375,755.0,691.0,643.0
2024-10-17 21:20:21.626,131.51648351648362,-52.659340659340614,0.0,1.0549450549449375,756.0,691.0,643.0
2024-10-17 21:20:22.139,132.4835164835165,-53.18681318681308,0.0,1.0549450549449375,757.0,691.0,643.0
2024-10-17 21:20:22.651,133.53846153846155,-53.53846153846155,0.0,1.0549450549449375,758.0,691.0,642.0
2024-10-17 21:20:23.147,134.50549450549454,-53.97802197802196,0.0,1.0549450549449375,758.0,691.0,642.0
2024-10-17 21:20:23.659,135.38461538461536,-54.32967032967031,0.0,1.0549450549449375,759.0,691.0,642.0
2024-10-17 21:20:24.171,136.43956043956052,-54.76923076923072,0.0,1.0549450549449375,760.0,691.0,642.0
2024-10-17 21:20:24.667,137.40659340659352,-55.12087912087907,0.0,1.0549450549449375,761.0,691.0,642.0
2024-10-17 21:20:25.178,138.3736263736264,-55.56043956043948,0.0,1.0549450549449375,761.0,690.0,641.0
2024-10-17 21:20:25.691,139.60439560439556,-55.91208791208783,0.08791208791194549,1.0549450549449375,762.0,691.0,641.0
2024-10-17 21:20:26.187,140.4835164835165,-56.35164835164835,0.0,1.0549450549449375,763.0,691.0,641.0
2024-10-17 21:20:26.698,141.53846153846155,-56.79120879120876,0.0,1.0549450549449375,760.0,686.0,636.0
2024-10-17 21:20:27.211,142.24175824175825,-57.14285714285711,0.08791208791194549,1.0549450549449375,761.0,686.0,635.0
2024-10-17 21:20:27.723,143.47252747252753,-57.58241758241752,0.0,1.0549450549449375,761.0,684.0,634.0
2024-10-17 21:20:28.219,144.52747252747247,-57.93406593406587,0.08791208791194549,1.0549450549449375,762.0,684.0,633.0
2024-10-17 21:20:28.730,145.40659340659352,-58.37362637362628,0.0,1.0549450549449375,763.0,684.0,633.0
2024-10-17 21:20:29.243,146.28571428571433,-58.72527472527463,0.0,1.0549450549449375,764.0,684.0,632.0
2024-10-17 21:20:29.739,147.34065934065939,-59.164835164835154,0.0,1.0549450549449375,764.0,684.0,633.0
2024-10-17 21:20:30.251,148.39560439560444,-59.516483516483504,0.0,1.0549450549449375,765.0,684.0,632.0
2024-10-17 21:20:30.763,149.4505494505495,-59.956043956043914,0.0,1.0549450549449375,766.0,684.0,632.0
2024-10-17 21:20:31.259,148.92307692307702,-59.69230769230762,0.0,1.0549450549449375,766.0,684.0,632.0
2024-10-17 21:20:31.771,148.0439560439561,-59.34065934065927,0.0,1.0549450549449375,766.0,685.0,632.0
2024-10-17 21:20:32.283,146.98901098901104,-58.90109890109886,0.0,1.0549450549449375,765.0,684.0,632.0
2024-10-17 21:20:32.779,146.02197802197804,-58.54945054945051,0.0,1.0549450549449375,765.0,685.0,632.0
2024-10-17 21:20:33.291,145.05494505494505,-58.1098901098901,0.0,1.0549450549449375,764.0,684.0,632.0
2024-10-17 21:20:33.803,144.08791208791206,-57.75824175824175,0.0,1.0549450549449375,762.0,684.0,632.0
2024-10-17 21:20:34.299,142.94505494505495,-57.31868131868123,0.0,1.0549450549449375,761.0,684.0,632.0
2024-10-17 21:20:34.811,142.06593406593413,-56.96703296703288,0.0,1.0549450549449375,760.0,684.0,632.0
2024-10-17 21:20:35.323,141.01098901098896,-56.52747252747247,0.0,1.0549450549449375,759.0,683.0,632.0
2024-10-17 21:20:35.835,140.0439560439561,-56.08791208791206,0.0,1.0549450549449375,757.0,683.0,631.0
2024-10-17 21:20:36.331,138.98901098901104,-55.73626373626371,0.0,1.0549450549449375,756.0,683.0,631.0
2024-10-17 21:20:36.843,138.02197802197804,-55.2967032967033,0.0,0.967032967032992,755.0,683.0,631.0
2024-10-17 21:20:37.371,137.14285714285722,-54.94505494505495,0.0,1.0549450549449375,754.0,683.0,632.0
2024-10-17 21:20:37.851,136.08791208791206,-54.505494505494426,0.0,1.0549450549449375,753.0,683.0,632.0
2024-10-17 21:20:38.363,135.03296703296712,-54.153846153846075,0.0,1.0549450549449375,752.0,683.0,632.0
2024-10-17 21:20:38.876,134.06593406593413,-53.714285714285666,0.0,1.0549450549449375,750.0,683.0,632.0
2024-10-17 21:20:39.372,133.09890109890114,-53.362637362637315,0.0,1.0549450549449375,749.0,683.0,632.0
2024-10-17 21:20:39.884,132.0439560439561,-52.923076923076906,0.0,1.0549450549449375,748.0,683.0,632.0
2024-10-17 21:20:40.396,131.0769230769231,-52.571428571428555,0.0,1.0549450549449375,747.0,683.0,632.0
2024-10-17 21:20:40.892,130.02197802197804,-52.13186813186803,0.0,1.0549450549449375,746.0,683.0,632.0
2024-10-17 21:20:41.404,129.05494505494505,-51.69230769230762,0.0,1.0549450549449375,745.0,682.0,632.0
2024-10-17 21:20:41.915,128.08791208791206,-51.34065934065927,0.0,1.0549450549449375,744.0,683.0,632.0
2024-10-17 21:20:42.428,127.03296703296712,-50.90109890109886,0.08791208791194549,1.0549450549449375,743.0,683.0,632.0
2024-10-17 21:20:42.924,126.06593406593413,-50.54945054945051,0.0,1.0549450549449375,742.0,682.0,633.0
2024-10-17 21:20:43.436,125.01098901098896,-50.1098901098901,0.0,1.0549450549449375,741.0,682.0,632.0
2024-10-17 21:20:43.932,124.04395604395609,-49.75824175824175,0.0,1.0549450549449375,740.0,682.0,632.0
2024-10-17 21:20:44.443,123.0769230769231,-49.31868131868123,0.0,1.0549450549449375,740.0,682.0,632.0
2024-10-17 21:20:44.957,122.02197802197804,-48.96703296703288,0.0,1.0549450549449375,739.0,682.0,632.0
2024-10-17 21:20:45.468,121.05494505494505,-48.52747252747247,0.0,1.0549450549449375,738.0,682.0,633.0
2024-10-17 21:20:45.964,120.08791208791206,-48.08791208791206,0.0,1.0549450549449375,737.0,682.0,633.0
2024-10-17 21:20:46.476,119.03296703296712,-47.82417582417577,0.0,1.0549450549449375,736.0,682.0,632.0
2024-10-17 21:20:46.988,118.06593406593413,-47.2967032967033,0.0,1.0549450549449375,735.0,681.0,632.0
2024-10-17 21:20:47.484,117.01098901098896,-46.94505494505495,0.0,1.0549450549449375,734.0,681.0,633.0
2024-10-17 21:20:47.996,116.04395604395609,-46.505494505494426,0.0,1.0549450549449375,733.0,681.0,632.0
2024-10-17 21:20:48.508,115.0769230769231,-46.24175824175825,0.0,1.0549450549449375,733.0,681.0,633.0
2024-10-17 21:20:49.004,114.02197802197804,-45.714285714285666,0.0,1.0549450549449375,732.0,681.0,632.0
2024-10-17 21:20:49.516,113.05494505494505,-45.362637362637315,0.0,1.0549450549449375,731.0,681.0,633.0
2024-10-17 21:20:50.045,112.08791208791206,-44.923076923076906,0.0,1.0549450549449375,731.0,681.0,633.0
2024-10-17 21:20:50.524,111.12087912087907,-44.571428571428555,0.0,1.0549450549449375,730.0,681.0,633.0
2024-10-17 21:20:51.036,110.06593406593413,-44.13186813186803,0.0,1.0549450549449375,729.0,681.0,633.0
2024-10-17 21:20:51.548,109.09890109890114,-43.69230769230762,0.0,1.0549450549449375,729.0,681.0,633.0
2024-10-17 21:20:52.061,108.13186813186815,-43.34065934065927,0.0,1.0549450549449375,728.0,681.0,633.0
2024-10-17 21:20:52.557,107.16483516483515,-42.90109890109886,0.0,1.0549450549449375,727.0,680.0,634.0
2024-10-17 21:20:53.068,106.02197802197804,-42.54945054945051,0.0,1.0549450549449375,726.0,680.0,634.0
2024-10-17 21:20:53.581,105.05494505494505,-42.1098901098901,0.0,1.0549450549449375,726.0,680.0,634.0
2024-10-17 21:20:54.076,104.08791208791206,-41.75824175824175,0.0,1.0549450549449375,725.0,680.0,634.0
2024-10-17 21:20:54.588,103.12087912087907,-41.31868131868123,0.0,1.0549450549449375,725.0,680.0,634.0
2024-10-17 21:20:55.101,102.15384615384619,-40.96703296703288,0.0,1.0549450549449375,724.0,680.0,634.0
2024-10-17 21:20:55.597,101.09890109890114,-40.52747252747247,0.0,1.0549450549449375,723.0,680.0,634.0
2024-10-17 21:20:56.109,100.04395604395609,-40.08791208791206,0.0,1.0549450549449375,722.0,680.0,634.0
2024-10-17 21:20:56.621,99.0769230769231,-39.73626373626371,0.0,1.0549450549449375,722.0,680.0,635.0
2024-10-17 21:20:57.117,98.02197802197804,-39.2967032967033,0.0,1.0549450549449375,721.0,680.0,635.0
2024-10-17 21:20:57.629,97.14285714285722,-38.94505494505495,0.0,1.0549450549449375,721.0,680.0,635.0
2024-10-17 21:20:58.140,96.17582417582423,-38.505494505494426,0.0,1.0549450549449375,720.0,680.0,635.0
2024-10-17 21:20:58.637,95.03296703296712,-38.24175824175825,0.0,0.967032967032992,719.0,680.0,635.0
2024-10-17 21:20:59.149,94.06593406593413,-37.714285714285666,0.0,1.0549450549449375,719.0,680.0,636.0
2024-10-17 21:20:59.660,93.09890109890114,-37.362637362637315,0.0,1.0549450549449375,718.0,680.0,636.0
2024-10-17 21:21:00.173,92.13186813186815,-36.923076923076906,0.08791208791194549,1.0549450549449375,717.0,680.0,636.0
2024-10-17 21:21:00.669,91.16483516483515,-36.571428571428555,0.0,1.0549450549449375,717.0,680.0,636.0
2024-10-17 21:21:01.197,90.02197802197804,-36.13186813186803,0.08791208791194549,1.0549450549449375,716.0,680.0,637.0
2024-10-17 21:21:01.693,89.05494505494505,-35.69230769230762,0.0,1.0549450549449375,715.0,680.0,637.0
2024-10-17 21:21:02.188,88.08791208791206,-35.34065934065927,0.0,1.0549450549449375,715.0,679.0,637.0
2024-10-17 21:21:02.701,87.12087912087907,-34.90109890109886,0.0,1.0549450549449375,714.0,679.0,637.0
2024-10-17 21:21:03.212,86.06593406593413,-34.54945054945051,0.0,1.0549450549449375,714.0,680.0,637.0
2024-10-17 21:21:03.708,85.09890109890114,-34.1098901098901,0.0,1.0549450549449375,713.0,680.0,638.0
2024-10-17 21:21:04.221,84.04395604395609,-33.75824175824175,0.0,1.0549450549449375,712.0,679.0,638.0
2024-10-17 21:21:04.733,83.0769230769231,-33.31868131868123,0.0,1.0549450549449375,712.0,679.0,638.0
2024-10-17 21:21:05.229,82.02197802197804,-32.96703296703288,0.0,1.0549450549449375,711.0,679.0,639.0
2024-10-17 21:21:05.741,81.05494505494505,-32.52747252747247,0.0,1.0549450549449375,711.0,679.0,639.0
2024-10-17 21:21:06.253,80.08791208791206,-32.08791208791206,0.0,1.0549450549449375,709.0,679.0,639.0
2024-10-17 21:21:06.765,79.03296703296712,-31.73626373626371,0.0,1.0549450549449375,709.0,679.0,639.0
2024-10-17 21:21:07.261,78.24175824175825,-31.2967032967033,0.0,1.0549450549449375,708.0,679.0,639.0
2024-10-17 21:21:07.773,77.01098901098896,-30.94505494505495,0.0,1.0549450549449375,708.0,679.0,639.0
2024-10-17 21:21:08.286,76.13186813186815,-30.505494505494426,0.0,1.0549450549449375,708.0,679.0,639.0
2024-10-17 21:21:08.781,75.0769230769231,-30.153846153846075,0.0,1.0549450549449375,707.0,679.0,640.0
2024-10-17 21:21:09.294,74.02197802197804,-29.714285714285666,0.0,1.0549450549449375,706.0,679.0,640.0
2024-10-17 21:21:09.806,73.14285714285722,-29.362637362637315,0.0,1.0549450549449375,707.0,679.0,640.0
2024-10-17 21:21:10.301,72.17582417582423,-28.923076923076906,0.0,0.967032967032992,706.0,679.0,640.0
2024-10-17 21:21:10.813,71.03296703296712,-28.659340659340614,0.0,1.0549450549449375,705.0,679.0,640.0
2024-10-17 21:21:11.325,70.06593406593413,-28.131868131868032,0.0,1.0549450549449375,705.0,679.0,640.0
2024-10-17 21:21:11.822,69.09890109890114,-27.692307692307622,0.0,1.0549450549449375,704.0,679.0,641.0
2024-10-17 21:21:12.333,68.13186813186815,-27.340659340659272,0.0,1.0549450549449375,703.0,678.0,641.0
2024-10-17 21:21:12.846,67.25274725274733,-26.901098901098862,0.08791208791194549,1.0549450549449375,703.0,678.0,641.0
2024-10-17 21:21:13.342,66.02197802197804,-26.549450549450512,0.0,1.0549450549449375,703.0,679.0,642.0
2024-10-17 21:21:13.853,65.14285714285722,-26.109890109890102,0.0,1.0549450549449375,702.0,679.0,641.0
2024-10-17 21:21:14.365,64.08791208791206,-25.758241758241752,0.0,1.0549450549449375,701.0,678.0,641.0
2024-10-17 21:21:14.877,63.03296703296712,-25.31868131868123,0.0,1.0549450549449375,700.0,676.0,641.0
2024-10-17 21:21:15.374,62.15384615384619,-24.96703296703288,0.0,1.0549450549449375,700.0,676.0,641.0
2024-10-17 21:21:15.886,61.1868131868132,-24.52747252747247,0.0,1.0549450549449375,700.0,676.0,641.0
2024-10-17 21:21:16.397,60.131868131868146,-24.08791208791206,0.0,1.0549450549449375,700.0,676.0,641.0
2024-10-17 21:21:16.910,59.164835164835154,-23.73626373626371,0.0,1.0549450549449375,700.0,676.0,641.0
2024-10-17 21:21:17.406,58.109890109890216,-23.2967032967033,0.0,1.0549450549449375,699.0,676.0,642.0
2024-10-17 21:21:17.934,57.05494505494505,-22.94505494505495,0.0,1.0549450549449375,699.0,676.0,642.0
2024-10-17 21:21:18.414,56.17582417582423,-22.505494505494426,0.0,1.0549450549449375,699.0,676.0,641.0
2024-10-17 21:21:18.926,55.20879120879124,-22.153846153846075,0.0,1.0549450549449375,699.0,676.0,641.0
2024-10-17 21:21:19.438,54.24175824175825,-21.714285714285666,0.0,1.0549450549449375,698.0,676.0,642.0
2024-10-17 21:21:19.950,53.09890109890114,-21.362637362637315,0.0,0.967032967032992,699.0,676.0,642.0
2024-10-17 21:21:20.446,52.131868131868146,-20.923076923076906,0.0,0.967032967032992,698.0,675.0,642.0
2024-10-17 21:21:20.958,51.164835164835154,-20.571428571428555,0.08791208791194549,0.967032967032992,697.0,675.0,642.0
2024-10-17 21:21:21.454,50.02197802197804,-20.131868131868032,0.0,0.967032967032992,696.0,675.0,643.0
2024-10-17 21:21:21.966,49.23076923076928,-19.692307692307622,0.0,0.8791208791208192,695.0,676.0,643.0
2024-10-17 21:21:22.478,48.17582417582423,-19.340659340659272,0.0,0.8791208791208192,695.0,675.0,643.0
2024-10-17 21:21:22.974,47.12087912087907,-18.98901098901092,0.0,0.8791208791208192,694.0,675.0,643.0
2024-10-17 21:21:23.486,46.06593406593413,-18.549450549450512,0.0,0.8791208791208192,694.0,675.0,644.0
2024-10-17 21:21:23.998,45.09890109890114,-18.109890109890102,0.0,0.8791208791208192,694.0,675.0,643.0
2024-10-17 21:21:24.510,44.21978021978032,-17.758241758241752,0.0,0.8791208791208192,694.0,675.0,643.0
2024-10-17 21:21:25.006,43.164835164835154,-17.31868131868123,0.0,0.8791208791208192,694.0,675.0,644.0
2024-10-17 21:21:25.518,42.02197802197804,-16.96703296703288,0.0,0.8791208791208192,693.0,675.0,644.0
2024-10-17 21:21:26.030,41.05494505494505,-16.52747252747247,0.0,0.8791208791208192,693.0,675.0,644.0
2024-10-17 21:21:26.526,40.17582417582423,-16.08791208791206,0.0,0.8791208791208192,693.0,675.0,644.0
2024-10-17 21:21:27.039,39.20879120879124,-15.736263736263709,0.0,0.8791208791208192,693.0,675.0,644.0
2024-10-17 21:21:27.550,38.15384615384619,-15.2967032967033,0.0,0.8791208791208192,692.0,675.0,644.0
2024-10-17 21:21:28.047,37.09890109890114,-14.945054945054949,0.0,0.8791208791208192,692.0,675.0,644.0
2024-10-17 21:21:28.574,36.131868131868146,-14.505494505494426,0.0,0.8791208791208192,692.0,675.0,644.0
2024-10-17 21:21:29.070,35.25274725274733,-14.153846153846075,0.0,0.8791208791208192,692.0,675.0,644.0
2024-10-17 21:21:29.582,34.02197802197804,-13.714285714285666,0.0,0.8791208791208192,692.0,675.0,645.0
2024-10-17 21:21:30.079,33.142857142857224,-13.362637362637315,0.0,0.8791208791208192,691.0,675.0,645.0
2024-10-17 21:21:30.591,32.17582417582423,-12.923076923076906,0.0,0.8791208791208192,691.0,675.0,644.0
2024-10-17 21:21:31.102,31.20879120879124,-12.571428571428555,0.0,0.8791208791208192,691.0,675.0,645.0
2024-10-17 21:21:31.599,30.15384615384619,-12.131868131868032,0.0,0.8791208791208192,691.0,674.0,645.0
2024-10-17 21:21:32.111,29.098901098901138,-11.692307692307622,0.0,0.8791208791208192,690.0,675.0,645.0
2024-10-17 21:21:32.623,28.043956043956086,-11.340659340659272,0.0,0.8791208791208192,689.0,675.0,645.0
2024-10-17 21:21:33.119,27.252747252747326,-10.901098901098862,0.0,0.79120879120876,689.0,674.0,646.0
2024-10-17 21:21:33.631,26.109890109890216,-10.549450549450512,0.0,0.8791208791208192,688.0,674.0,646.0
2024-10-17 21:21:34.142,25.142857142857224,-10.109890109890102,0.0,0.8791208791208192,688.0,674.0,646.0
2024-10-17 21:21:34.639,24.175824175824232,-9.758241758241752,0.0,0.8791208791208192,688.0,674.0,646.0
2024-10-17 21:21:35.151,23.20879120879124,-9.318681318681229,0.0,0.8791208791208192,688.0,674.0,646.0
2024-10-17 21:21:35.663,22.241758241758248,-8.967032967032878,0.0,0.79120879120876,687.0,674.0,646.0
2024-10-17 21:21:36.159,21.098901098901138,-8.527472527472469,0.0,0.79120879120876,687.0,674.0,646.0
2024-10-17 21:21:36.671,20.131868131868146,-8.08791208791206,0.08791208791194549,0.79120879120876,687.0,675.0,646.0
2024-10-17 21:21:37.184,19.252747252747326,-7.736263736263709,0.0,0.8791208791208192,687.0,674.0,646.0
2024-10-17 21:21:37.679,18.109890109890216,-7.296703296703299,0.0,0.79120879120876,687.0,674.0,646.0
2024-10-17 21:21:38.191,17.142857142857224,-6.945054945054949,0.0,0.79120879120876,687.0,675.0,647.0
2024-10-17 21:21:38.719,16.175824175824232,-6.5054945054944255,0.0,0.79120879120876,687.0,674.0,647.0
2024-10-17 21:21:39.216,15.20879120879124,-6.153846153846075,0.0,0.79120879120876,686.0,674.0,647.0
2024-10-17 21:21:39.711,14.153846153846189,-5.714285714285666,0.0,0.79120879120876,686.0,674.0,647.0
2024-10-17 21:21:40.223,13.186813186813197,-5.362637362637315,0.0,0.79120879120876,686.0,674.0,647.0
2024-10-17 21:21:40.735,12.131868131868146,-4.923076923076906,0.0,0.79120879120876,686.0,674.0,647.0
2024-10-17 21:21:41.232,11.164835164835154,-4.571428571428555,0.08791208791194549,0.79120879120876,686.0,674.0,647.0
2024-10-17 21:21:41.744,10.021978021978043,-4.131868131868032,0.0,0.79120879120876,685.0,674.0,647.0
2024-10-17 21:21:42.256,9.142857142857224,-3.6923076923076223,0.0,0.79120879120876,684.0,674.0,647.0
2024-10-17 21:21:42.752,8.263736263736291,-3.340659340659272,0.0,0.79120879120876,685.0,674.0,648.0
2024-10-17 21:21:43.263,7.20879120879124,-2.9010989010988624,0.08791208791194549,0.79120879120876,684.0,674.0,648.0
2024-10-17 21:21:43.775,6.153846153846189,-2.549450549450512,0.0,0.79120879120876,684.0,674.0,648.0
2024-10-17 21:21:44.271,5.186813186813197,-2.1978021978021616,0.0,0.79120879120876,684.0,674.0,648.0
2024-10-17 21:21:44.784,4.131868131868146,-1.758241758241752,0.0,0.79120879120876,684.0,674.0,648.0
2024-10-17 21:21:45.295,3.2527472527473265,-1.3186813186812287,0.0,0.79120879120876,684.0,674.0,648.0
2024-10-17 21:21:45.808,2.1978021978021616,-0.9670329670328783,0.0,0.79120879120876,683.0,674.0,648.0
2024-10-17 21:21:46.304,1.2307692307692832,-0.5274725274724688,0.0,0.79120879120876,683.0,674.0,648.0
2024-10-17 21:21:46.816,0.08791208791205918,-0.08791208791205918,0.0,0.79120879120876,683.0,674.0,648.0
2024-10-17 21:21:47.328,-0.3516483516483504,0.8791208791209328,0.0,0.79120879120876,683.0,674.0,648.0
2024-10-17 21:21:47.824,-0.79120879120876,1.8461538461539249,0.0,0.79120879120876,683.0,674.0,648.0
2024-10-17 21:21:48.336,-1.1428571428571104,2.901098901098976,0.08791208791194549,0.79120879120876,683.0,674.0,648.0
2024-10-17 21:21:48.848,-1.5824175824176336,3.868131868131968,0.0,0.79120879120876,683.0,674.0,649.0
2024-10-17 21:21:49.344,-2.1098901098901024,4.747252747252787,0.0,0.79120879120876,683.0,674.0,649.0
2024-10-17 21:21:49.872,-2.37362637362628,5.890109890109898,0.0,0.79120879120876,683.0,674.0,649.0
2024-10-17 21:21:50.368,-2.725274725274744,6.85714285714289,0.0,0.79120879120876,683.0,674.0,649.0
2024-10-17 21:21:50.864,-3.1648351648351536,7.912087912087941,0.0,0.79120879120876,683.0,674.0,649.0
2024-10-17 21:21:51.376,-3.516483516483504,8.879120879120933,0.0,0.79120879120876,683.0,674.0,649.0
2024-10-17 21:21:51.888,-3.9560439560439136,9.846153846153925,0.0,0.79120879120876,683.0,674.0,650.0
2024-10-17 21:21:52.400,-4.39560439560438,10.901098901098976,0.0,0.79120879120876,682.0,674.0,650.0
2024-10-17 21:21:52.896,-4.74725274725273,11.868131868131968,0.08791208791194549,0.79120879120876,683.0,674.0,650.0
2024-10-17 21:21:53.408,-5.18681318681314,12.835164835164846,0.0,0.79120879120876,682.0,674.0,650.0
2024-10-17 21:21:53.920,-5.53846153846149,13.890109890109898,0.0,0.79120879120876,683.0,674.0,650.0
2024-10-17 21:21:54.416,-5.978021978021957,14.85714285714289,0.0,0.79120879120876,682.0,674.0,651.0
2024-10-17 21:21:54.928,-6.329670329670307,15.91208791208794,0.0,0.79120879120876,682.0,674.0,650.0
2024-10-17 21:21:55.440,-6.769230769230717,16.879120879120933,0.0,0.79120879120876,682.0,674.0,651.0
2024-10-17 21:21:55.936,-7.120879120879067,17.846153846153925,0.0,0.79120879120876,682.0,674.0,651.0
2024-10-17 21:21:56.448,-7.560439560439534,18.901098901098976,0.0,0.79120879120876,682.0,674.0,651.0
2024-10-17 21:21:56.960,-7.912087912087884,19.868131868131968,0.0,0.79120879120876,682.0,674.0,652.0
2024-10-17 21:21:57.456,-8.35164835164835,20.835164835164846,0.0,0.79120879120876,682.0,674.0,652.0
2024-10-17 21:21:57.969,-8.79120879120876,21.890109890109898,0.0,0.79120879120876,682.0,674.0,652.0
2024-10-17 21:21:58.480,-9.14285714285711,22.85714285714289,0.0,0.79120879120876,682.0,675.0,652.0
2024-10-17 21:21:58.976,-9.582417582417577,23.91208791208794,0.0,0.79120879120876,682.0,675.0,652.0
2024-10-17 21:21:59.488,-9.934065934065927,24.879120879120933,0.0,0.79120879120876,682.0,675.0,653.0
2024-10-17 21:22:00.001,-10.373626373626337,25.846153846153925,0.0,0.79120879120876,681.0,674.0,653.0
2024-10-17 21:22:00.497,-10.725274725274687,26.901098901098976,0.0,0.79120879120876,682.0,675.0,653.0
2024-10-17 21:22:01.009,-11.164835164835154,27.868131868131968,0.0,0.79120879120876,681.0,675.0,653.0
2024-10-17 21:22:01.521,-11.516483516483504,28.747252747252787,0.0,0.79120879120876,682.0,675.0,654.0
2024-10-17 21:22:02.033,-11.956043956043914,29.890109890109898,0.0,0.79120879120876,681.0,675.0,654.0
2024-10-17 21:22:02.529,-12.39560439560438,30.85714285714289,0.0,0.79120879120876,681.0,675.0,654.0
2024-10-17 21:22:03.041,-12.74725274725273,31.91208791208794,0.0,0.79120879120876,681.0,675.0,654.0
2024-10-17 21:22:03.553,-13.18681318681314,32.87912087912093,0.0,0.79120879120876,681.0,675.0,654.0
2024-10-17 21:22:04.048,-13.53846153846149,33.846153846153925,0.08791208791194549,0.79120879120876,681.0,675.0,655.0
2024-10-17 21:22:04.560,-13.978021978021957,34.901098901098976,0.0,0.79120879120876,681.0,675.0,655.0
2024-10-17 21:22:05.073,-14.329670329670307,35.86813186813197,0.08791208791194549,0.79120879120876,681.0,675.0,655.0
2024-10-17 21:22:05.569,-14.769230769230717,36.835164835164846,0.0,0.79120879120876,681.0,675.0,655.0
2024-10-17 21:22:06.080,-15.120879120879067,37.80219780219784,0.0,0.79120879120876,681.0,675.0,655.0
2024-10-17 21:22:06.593,-15.560439560439534,38.85714285714289,0.0,0.79120879120876,680.0,675.0,656.0
2024-10-17 21:22:07.105,-15.912087912087884,39.91208791208794,0.0,0.8791208791208192,680.0,675.0,656.0
2024-10-17 21:22:07.601,-16.35164835164835,40.791208791208874,0.08791208791194549,0.79120879120876,680.0,675.0,656.0
2024-10-17 21:22:08.113,-16.79120879120876,41.846153846153925,0.0,0.8791208791208192,680.0,675.0,656.0
2024-10-17 21:22:08.625,-17.14285714285711,42.901098901098976,0.0,0.79120879120876,680.0,675.0,657.0
2024-10-17 21:22:09.121,-17.582417582417577,43.86813186813197,0.0,0.8791208791208192,680.0,676.0,657.0
2024-10-17 21:22:09.633,-17.934065934065927,44.74725274725279,0.0,0.8791208791208192,680.0,675.0,657.0
2024-10-17 21:22:10.129,-18.373626373626337,45.8901098901099,0.0,0.8791208791208192,680.0,675.0,657.0
2024-10-17 21:22:10.641,-18.725274725274687,46.85714285714289,0.0,0.79120879120876,679.0,676.0,657.0
2024-10-17 21:22:11.153,-19.164835164835154,47.82417582417588,0.0,0.8791208791208192,679.0,675.0,657.0
2024-10-17 21:22:11.665,-19.516483516483504,48.87912087912093,0.0,0.8791208791208192,679.0,675.0,658.0
2024-10-17 21:22:12.161,-19.956043956043914,49.846153846153925,0.0,0.8791208791208192,679.0,675.0,658.0
2024-10-17 21:22:12.673,-20.39560439560438,50.901098901098976,0.0,0.8791208791208192,679.0,675.0,658.0
2024-10-17 21:22:13.185,-20.74725274725273,51.86813186813197,0.0,0.8791208791208192,679.0,675.0,658.0
2024-10-17 21:22:13.681,-21.18681318681314,52.835164835164846,0.0,0.8791208791208192,679.0,675.0,659.0
2024-10-17 21:22:14.193,-21.53846153846149,53.80219780219784,0.0,0.8791208791208192,678.0,675.0,659.0
2024-10-17 21:22:14.706,-21.978021978021957,54.85714285714289,0.0,0.8791208791208192,678.0,675.0,659.0
2024-10-17 21:22:15.201,-22.329670329670307,55.91208791208794,0.0,0.8791208791208192,678.0,675.0,659.0
2024-10-17 21:22:15.713,-22.769230769230717,56.87912087912093,0.0,0.8791208791208192,678.0,675.0,659.0
2024-10-17 21:22:16.225,-23.120879120879067,57.75824175824175,0.0,0.8791208791208192,678.0,675.0,659.0
2024-10-17 21:22:16.737,-23.560439560439534,58.901098901098976,0.0,0.8791208791208192,678.0,676.0,660.0
2024-10-17 21:22:17.234,-23.912087912087884,59.86813186813197,0.0,0.8791208791208192,678.0,675.0,660.0
2024-10-17 21:22:17.746,-24.35164835164835,60.835164835164846,0.0,0.8791208791208192,677.0,675.0,660.0
2024-10-17 21:22:18.242,-24.79120879120876,61.80219780219784,0.0,0.8791208791208192,677.0,675.0,660.0
2024-10-17 21:22:18.754,-25.14285714285711,62.76923076923083,0.0,0.8791208791208192,677.0,675.0,660.0
2024-10-17 21:22:19.265,-25.582417582417577,63.91208791208794,0.0,0.8791208791208192,677.0,675.0,661.0
2024-10-17 21:22:19.777,-25.934065934065927,64.87912087912093,0.0,0.8791208791208192,677.0,675.0,661.0
2024-10-17 21:22:20.274,-26.373626373626337,65.84615384615392,0.0,0.8791208791208192,677.0,675.0,661.0
2024-10-17 21:22:20.785,-26.725274725274687,66.90109890109898,0.0,0.8791208791208192,677.0,675.0,661.0
2024-10-17 21:22:21.298,-27.164835164835154,67.86813186813197,0.0,0.8791208791208192,676.0,675.0,661.0
2024-10-17 21:22:21.810,-27.516483516483504,68.83516483516485,0.0,0.8791208791208192,676.0,675.0,662.0
2024-10-17 21:22:22.305,-27.956043956043914,69.8901098901099,0.0,0.8791208791208192,676.0,675.0,662.0
2024-10-17 21:22:22.818,-28.39560439560438,70.76923076923083,0.0,0.8791208791208192,675.0,675.0,662.0
2024-10-17 21:22:23.314,-28.74725274725273,71.91208791208794,0.0,0.8791208791208192,675.0,675.0,662.0
2024-10-17 21:22:23.826,-29.18681318681314,72.79120879120887,0.0,0.8791208791208192,675.0,675.0,663.0
2024-10-17 21:22:24.338,-29.53846153846149,73.75824175824175,0.0,0.8791208791208192,675.0,675.0,663.0
2024-10-17 21:22:24.849,-29.978021978021957,74.81318681318692,0.0,0.8791208791208192,675.0,675.0,663.0
2024-10-17 21:22:25.345,-30.329670329670307,75.86813186813197,0.0,0.8791208791208192,675.0,676.0,664.0
2024-10-17 21:22:25.857,-30.769230769230717,76.83516483516485,0.0,0.8791208791208192,675.0,675.0,664.0
2024-10-17 21:22:26.370,-31.120879120879067,77.8901098901099,0.0,0.8791208791208192,675.0,675.0,664.0
2024-10-17 21:22:26.865,-31.560439560439534,78.85714285714289,0.0,0.8791208791208192,675.0,675.0,665.0
2024-10-17 21:22:27.378,-31.912087912087884,79.82417582417588,0.0,0.8791208791208192,675.0,675.0,665.0
2024-10-17 21:22:27.890,-32.35164835164835,80.79120879120887,0.0,0.8791208791208192,674.0,676.0,665.0
2024-10-17 21:22:28.386,-32.79120879120876,81.84615384615392,0.0,0.8791208791208192,674.0,675.0,665.0
2024-10-17 21:22:28.898,-33.14285714285711,82.81318681318692,0.0,0.8791208791208192,674.0,675.0,665.0
2024-10-17 21:22:29.410,-33.58241758241758,83.7802197802198,0.0,0.8791208791208192,674.0,676.0,665.0
2024-10-17 21:22:29.922,-33.93406593406593,84.74725274725279,0.0,0.8791208791208192,674.0,675.0,666.0
2024-10-17 21:22:30.417,-34.28571428571428,85.80219780219784,0.0,0.8791208791208192,673.0,675.0,666.0
2024-10-17 21:22:30.930,-34.72527472527469,86.76923076923083,0.0,0.8791208791208192,673.0,675.0,666.0
2024-10-17 21:22:31.442,-35.164835164835154,87.91208791208794,0.0,0.8791208791208192,673.0,676.0,667.0
2024-10-17 21:22:31.938,-35.516483516483504,88.79120879120887,0.0,0.8791208791208192,673.0,676.0,667.0
2024-10-17 21:22:32.450,-35.868131868131854,89.75824175824175,0.0,0.8791208791208192,673.0,676.0,668.0
2024-10-17 21:22:32.945,-36.39560439560438,90.90109890109898,0.0,0.8791208791208192,673.0,676.0,668.0
2024-10-17 21:22:33.458,-36.74725274725273,91.7802197802198,0.0,0.8791208791208192,673.0,676.0,668.0
2024-10-17 21:22:33.970,-37.18681318681314,92.74725274725279,0.0,0.8791208791208192,672.0,676.0,669.0
2024-10-17 21:22:34.482,-37.53846153846149,93.80219780219784,0.0,0.8791208791208192,672.0,676.0,669.0
2024-10-17 21:22:34.978,-37.97802197802196,94.94505494505495,0.0,0.8791208791208192,672.0,676.0,670.0
2024-10-17 21:22:35.490,-38.32967032967031,95.82417582417588,0.0,0.8791208791208192,672.0,676.0,670.0
2024-10-17 21:22:36.002,-38.76923076923072,96.79120879120887,0.0,0.8791208791208192,672.0,676.0,670.0
2024-10-17 21:22:36.498,-39.12087912087907,97.75824175824175,0.0,0.8791208791208192,672.0,676.0,671.0
2024-10-17 21:22:37.010,-39.560439560439534,98.81318681318692,0.0,0.8791208791208192,672.0,676.0,670.0
2024-10-17 21:22:37.522,-39.912087912087884,99.7802197802198,0.0,0.8791208791208192,671.0,676.0,671.0
2024-10-17 21:22:38.018,-40.35164835164835,100.83516483516485,0.0,0.8791208791208192,671.0,676.0,671.0
2024-10-17 21:22:38.530,-40.79120879120876,101.80219780219784,0.0,0.8791208791208192,671.0,676.0,671.0
2024-10-17 21:22:39.042,-41.14285714285711,102.76923076923083,0.0,0.8791208791208192,672.0,676.0,672.0
2024-10-17 21:22:39.555,-41.58241758241758,103.91208791208794,0.08791208791194549,0.8791208791208192,671.0,676.0,672.0
2024-10-17 21:22:40.050,-41.93406593406593,104.87912087912093,0.0,0.8791208791208192,671.0,677.0,672.0
2024-10-17 21:22:40.562,-42.37362637362634,105.75824175824175,0.0,0.8791208791208192,671.0,676.0,672.0
2024-10-17 21:22:41.058,-42.72527472527469,106.81318681318692,0.0,0.8791208791208192,671.0,676.0,673.0
2024-10-17 21:22:41.570,-43.164835164835154,107.7802197802198,0.0,0.8791208791208192,671.0,676.0,674.0
2024-10-17 21:22:42.082,-43.516483516483504,108.83516483516485,0.0,0.8791208791208192,671.0,676.0,674.0
2024-10-17 21:22:42.578,-43.956043956043914,109.80219780219784,0.0,0.8791208791208192,670.0,676.0,674.0
2024-10-17 21:22:43.090,-44.39560439560438,110.76923076923083,0.0,0.8791208791208192,671.0,676.0,675.0
2024-10-17 21:22:43.602,-44.74725274725273,111.82417582417588,0.0,0.8791208791208192,670.0,676.0,675.0
2024-10-17 21:22:44.115,-45.18681318681314,112.87912087912093,0.0,0.8791208791208192,670.0,676.0,675.0
2024-10-17 21:22:44.610,-45.53846153846149,113.75824175824175,0.0,0.8791208791208192,670.0,677.0,676.0
2024-10-17 21:22:45.123,-45.97802197802196,114.8131868131868,0.0,0.8791208791208192,670.0,677.0,676.0
2024-10-17 21:22:45.635,-46.32967032967031,115.7802197802198,0.0,0.8791208791208192,670.0,677.0,677.0
2024-10-17 21:22:46.130,-46.68131868131866,116.74725274725279,0.0,0.8791208791208192,670.0,677.0,677.0
2024-10-17 21:22:46.643,-47.12087912087907,117.80219780219795,0.0,0.8791208791208192,670.0,677.0,677.0
2024-10-17 21:22:47.155,-47.560439560439534,118.76923076923072,0.0,0.8791208791208192,670.0,677.0,677.0
2024-10-17 21:22:47.666,-47.912087912087884,119.73626373626371,0.0,0.8791208791208192,669.0,677.0,677.0
2024-10-17 21:22:48.163,-48.35164835164835,120.7032967032967,0.0,0.8791208791208192,669.0,677.0,678.0
2024-10-17 21:22:48.675,-48.79120879120876,121.75824175824187,0.0,0.8791208791208192,669.0,677.0,678.0
2024-10-17 21:22:49.187,-49.14285714285711,122.8131868131868,0.0,0.8791208791208192,669.0,677.0,679.0
2024-10-17 21:22:49.683,-49.58241758241758,123.7802197802198,0.0,0.8791208791208192,669.0,677.0,679.0
2024-10-17 21:22:50.196,-49.93406593406593,124.74725274725279,0.0,0.8791208791208192,669.0,677.0,679.0
2024-10-17 21:22:50.707,-50.37362637362634,125.80219780219795,0.08791208791194549,0.8791208791208192,668.0,677.0,680.0
2024-10-17 21:22:51.203,-50.72527472527469,126.76923076923072,0.0,0.8791208791208192,668.0,677.0,680.0
2024-10-17 21:22:51.715,-51.164835164835154,127.73626373626371,0.0,0.8791208791208192,668.0,677.0,681.0
2024-10-17 21:22:52.228,-51.516483516483504,128.79120879120887,0.0,0.8791208791208192,668.0,677.0,681.0
2024-10-17 21:22:52.723,-51.956043956043914,129.6703296703297,0.0,0.8791208791208192,667.0,677.0,682.0
2024-10-17 21:22:53.235,-52.39560439560438,130.8131868131868,0.0,0.8791208791208192,667.0,677.0,683.0
2024-10-17 21:22:53.748,-52.74725274725273,131.7802197802198,0.0,0.8791208791208192,667.0,677.0,683.0
2024-10-17 21:22:54.260,-53.18681318681314,132.7472527472528,0.0,0.8791208791208192,667.0,677.0,684.0
2024-10-17 21:22:54.755,-53.53846153846149,133.80219780219795,0.0,0.8791208791208192,667.0,677.0,684.0
2024-10-17 21:22:55.267,-53.97802197802196,134.68131868131877,0.0,0.8791208791208192,667.0,677.0,684.0
2024-10-17 21:22:55.763,-54.32967032967031,135.82417582417588,0.0,0.8791208791208192,667.0,677.0,685.0
2024-10-17 21:22:56.276,-54.76923076923072,136.79120879120887,0.0,0.8791208791208192,667.0,678.0,685.0
2024-10-17 21:22:56.788,-55.12087912087907,137.6703296703297,0.0,0.8791208791208192,667.0,677.0,686.0
2024-10-17 21:22:57.300,-55.560439560439534,138.72527472527486,0.0,0.8791208791208192,667.0,678.0,686.0
2024-10-17 21:22:57.796,-55.912087912087884,139.69230769230785,0.0,0.8791208791208192,667.0,677.0,686.0
2024-10-17 21:22:58.308,-56.35164835164835,140.7472527472528,0.0,0.8791208791208192,667.0,678.0,687.0
2024-10-17 21:22:58.820,-56.79120879120876,141.71428571428578,0.0,0.8791208791208192,666.0,677.0,687.0
2024-10-17 21:22:59.316,-57.14285714285711,142.68131868131877,0.0,0.8791208791208192,667.0,678.0,688.0
2024-10-17 21:22:59.828,-57.58241758241758,143.82417582417588,0.0,0.8791208791208192,666.0,678.0,688.0
2024-10-17 21:23:00.340,-57.93406593406593,144.7032967032967,0.0,0.8791208791208192,664.0,678.0,689.0
2024-10-17 21:23:00.836,-58.37362637362634,145.6703296703297,0.0,0.8791208791208192,664.0,678.0,689.0
2024-10-17 21:23:01.348,-58.72527472527469,146.90109890109898,0.0,0.8791208791208192,664.0,678.0,690.0
2024-10-17 21:23:01.860,-59.164835164835154,147.69230769230785,0.0,0.8791208791208192,664.0,678.0,691.0
2024-10-17 21:23:02.372,-59.516483516483504,148.65934065934061,0.0,0.8791208791208192,664.0,678.0,691.0
2024-10-17 21:23:02.868,-59.956043956043914,149.71428571428578,-0.08791208791217286,0.8791208791208192,664.0,678.0,691.0
2024-10-17 21:23:03.380,-59.69230769230768,148.9230769230769,0.0,0.8791208791208192,664.0,678.0,690.0
2024-10-17 21:23:03.891,-59.34065934065933,147.9560439560439,0.0,0.8791208791208192,664.0,678.0,690.0
2024-10-17 21:23:04.388,-58.90109890109886,146.98901098901115,0.0,0.8791208791208192,664.0,678.0,688.0
2024-10-17 21:23:04.900,-58.54945054945051,146.02197802197816,0.0,0.8791208791208192,664.0,677.0,688.0
2024-10-17 21:23:05.412,-58.021978021977986,144.967032967033,0.0,0.8791208791208192,663.0,677.0,687.0
2024-10-17 21:23:05.908,-57.670329670329636,144.08791208791217,0.0,0.8791208791208192,664.0,677.0,686.0
2024-10-17 21:23:06.420,-57.230769230769226,142.94505494505506,0.0,0.8791208791208192,664.0,677.0,685.0
2024-10-17 21:23:06.932,-56.967032967032935,141.97802197802207,0.0,0.8791208791208192,664.0,677.0,684.0
2024-10-17 21:23:07.445,-56.527472527472526,141.01098901098908,0.0,0.8791208791208192,664.0,677.0,684.0
2024-10-17 21:23:07.941,-56.08791208791206,139.9560439560439,0.0,0.8791208791208192,664.0,676.0,683.0
2024-10-17 21:23:08.452,-55.73626373626371,138.98901098901115,0.0,0.8791208791208192,664.0,676.0,682.0
2024-10-17 21:23:08.948,-55.29670329670324,138.02197802197816,0.0,0.8791208791208192,664.0,676.0,682.0
2024-10-17 21:23:09.476,-54.85714285714283,136.967032967033,0.08791208791194549,0.8791208791208192,664.0,676.0,681.0
2024-10-17 21:23:09.972,-54.50549450549448,136.08791208791217,0.08791208791194549,0.8791208791208192,664.0,676.0,680.0
2024-10-17 21:23:10.468,-54.065934065934016,135.032967032967,0.0,0.8791208791208192,665.0,676.0,679.0
2024-10-17 21:23:10.981,-53.626373626373606,134.06593406593402,0.0,0.8791208791208192,664.0,676.0,679.0
2024-10-17 21:23:11.493,-53.362637362637315,133.01098901098908,0.0,0.8791208791208192,665.0,676.0,678.0
2024-10-17 21:23:12.005,-52.923076923076906,131.9560439560439,0.08791208791194549,0.8791208791208192,665.0,676.0,677.0
2024-10-17 21:23:12.501,-52.48351648351644,131.0769230769231,0.0,0.8791208791208192,665.0,675.0,677.0
2024-10-17 21:23:13.013,-52.13186813186809,130.02197802197816,0.0,0.8791208791208192,665.0,675.0,676.0
2024-10-17 21:23:13.525,-51.60439560439556,129.05494505494516,0.0,0.8791208791208192,665.0,675.0,675.0
2024-10-17 21:23:14.020,-51.42857142857139,128.08791208791217,0.0,0.8791208791208192,665.0,675.0,675.0
2024-10-17 21:23:14.533,-50.8131868131868,127.03296703296701,0.0,0.8791208791208192,665.0,675.0,674.0
2024-10-17 21:23:15.045,-50.54945054945051,126.06593406593402,0.0,0.8791208791208192,665.0,675.0,674.0
2024-10-17 21:23:15.540,-50.1098901098901,125.01098901098908,0.0,0.8791208791208192,666.0,675.0,673.0
2024-10-17 21:23:16.053,-49.75824175824175,124.04395604395609,0.0,0.8791208791208192,666.0,675.0,672.0
2024-10-17 21:23:16.565,-49.318681318681286,123.0769230769231,0.0,0.8791208791208192,666.0,675.0,672.0
2024-10-17 21:23:17.077,-48.967032967032935,122.02197802197816,0.0,0.8791208791208192,666.0,675.0,671.0
2024-10-17 21:23:17.573,-48.527472527472526,121.05494505494516,0.0,0.8791208791208192,667.0,674.0,671.0
2024-10-17 21:23:18.085,-48.0,120.08791208791217,0.0,0.8791208791208192,667.0,674.0,670.0
2024-10-17 21:23:18.599,-47.64835164835165,119.03296703296701,0.0,0.8791208791208192,667.0,674.0,670.0
2024-10-17 21:23:19.093,-47.20879120879118,118.06593406593402,0.0,0.8791208791208192,667.0,674.0,669.0
2024-10-17 21:23:19.605,-46.85714285714283,117.01098901098908,0.0,0.8791208791208192,667.0,674.0,669.0
2024-10-17 21:23:20.117,-46.417582417582366,116.04395604395609,0.0,0.8791208791208192,667.0,674.0,668.0
2024-10-17 21:23:20.613,-46.15384615384613,115.0769230769231,0.0,0.8791208791208192,667.0,674.0,668.0
2024-10-17 21:23:21.125,-45.80219780219778,114.02197802197804,0.0,0.8791208791208192,667.0,674.0,667.0
2024-10-17 21:23:21.637,-45.274725274725256,113.05494505494505,0.0,0.8791208791208192,668.0,674.0,667.0
2024-10-17 21:23:22.149,-44.83516483516479,112.08791208791217,0.0,0.8791208791208192,668.0,673.0,666.0
2024-10-17 21:23:22.645,-44.48351648351644,111.03296703296712,0.0,0.8791208791208192,668.0,674.0,666.0
2024-10-17 21:23:23.157,-44.04395604395603,110.06593406593413,0.0,0.8791208791208192,668.0,674.0,665.0
2024-10-17 21:23:23.653,-43.60439560439556,109.01098901098908,0.0,0.8791208791208192,669.0,674.0,665.0
2024-10-17 21:23:24.165,-43.34065934065933,108.04395604395609,0.0,0.8791208791208192,669.0,674.0,665.0
2024-10-17 21:23:24.677,-42.8131868131868,107.0769230769231,0.08791208791194549,0.8791208791208192,669.0,674.0,664.0
2024-10-17 21:23:25.173,-42.46153846153845,106.02197802197804,0.0,0.8791208791208192,670.0,674.0,664.0
2024-10-17 21:23:25.685,-42.021978021977986,105.05494505494505,0.0,0.8791208791208192,670.0,674.0,663.0
2024-10-17 21:23:26.198,-41.75824175824175,104.08791208791217,0.08791208791194549,0.8791208791208192,670.0,674.0,663.0
2024-10-17 21:23:26.710,-41.318681318681286,103.03296703296712,0.0,0.8791208791208192,670.0,673.0,662.0
2024-10-17 21:23:27.206,-40.879120879120876,102.06593406593413,0.0,0.8791208791208192,670.0,673.0,662.0
2024-10-17 21:23:27.718,-40.527472527472526,101.01098901098908,0.0,0.8791208791208192,671.0,673.0,662.0
2024-10-17 21:23:28.230,-40.08791208791206,100.04395604395609,0.0,0.8791208791208192,671.0,673.0,661.0
2024-10-17 21:23:28.726,-39.73626373626371,99.0769230769231,0.0,0.8791208791208192,671.0,673.0,661.0
2024-10-17 21:23:29.237,-39.29670329670324,98.02197802197804,0.0,0.8791208791208192,671.0,673.0,661.0
2024-10-17 21:23:29.750,-38.85714285714283,97.05494505494505,0.0,0.79120879120876,671.0,673.0,660.0
2024-10-17 21:23:30.246,-38.50549450549448,96.08791208791217,0.0,0.8791208791208192,671.0,673.0,660.0
2024-10-17 21:23:30.758,-38.15384615384613,95.03296703296712,0.0,0.79120879120876,671.0,673.0,659.0
2024-10-17 21:23:31.270,-37.626373626373606,94.06593406593413,0.0,0.79120879120876,672.0,673.0,659.0
2024-10-17 21:23:31.782,-37.362637362637315,93.01098901098908,0.0,0.79120879120876,672.0,673.0,659.0
2024-10-17 21:23:32.278,-36.923076923076906,92.04395604395609,0.08791208791194549,0.79120879120876,672.0,673.0,658.0
2024-10-17 21:23:32.790,-36.571428571428555,91.0769230769231,0.0,0.79120879120876,672.0,673.0,658.0
2024-10-17 21:23:33.286,-36.13186813186809,90.02197802197804,0.0,0.79120879120876,672.0,673.0,658.0
2024-10-17 21:23:33.814,-35.69230769230768,89.05494505494505,0.08791208791194549,0.79120879120876,672.0,673.0,657.0
2024-10-17 21:23:34.310,-35.34065934065933,88.08791208791217,0.0,0.79120879120876,673.0,673.0,657.0
2024-10-17 21:23:34.822,-34.8131868131868,87.03296703296712,0.0,0.79120879120876,673.0,673.0,657.0
2024-10-17 21:23:35.318,-34.46153846153845,86.06593406593413,0.0,0.79120879120876,673.0,673.0,656.0
2024-10-17 21:23:35.830,-34.1098901098901,85.01098901098908,0.0,0.79120879120876,673.0,673.0,656.0
2024-10-17 21:23:36.342,-33.75824175824175,84.04395604395609,0.0,0.79120879120876,673.0,673.0,656.0
2024-10-17 21:23:36.838,-33.318681318681286,83.0769230769231,0.0,0.79120879120876,674.0,673.0,655.0
2024-10-17 21:23:37.349,-32.879120879120876,82.02197802197804,0.0,0.79120879120876,674.0,673.0,655.0
2024-10-17 21:23:37.862,-32.43956043956041,81.05494505494505,0.0,0.79120879120876,673.0,672.0,655.0
2024-10-17 21:23:38.358,-32.0,80.08791208791217,0.08791208791194549,0.79120879120876,674.0,672.0,655.0
2024-10-17 21:23:38.870,-31.64835164835165,79.03296703296712,0.0,0.79120879120876,674.0,673.0,654.0
2024-10-17 21:23:39.382,-31.296703296703242,78.06593406593413,0.0,0.79120879120876,674.0,673.0,654.0
2024-10-17 21:23:39.878,-30.945054945054892,77.01098901098908,0.08791208791194549,0.79120879120876,674.0,673.0,653.0
2024-10-17 21:23:40.390,-30.417582417582366,76.04395604395609,0.0,0.79120879120876,675.0,672.0,653.0
2024-10-17 21:23:40.902,-30.065934065934016,75.16483516483527,0.0,0.79120879120876,675.0,673.0,653.0
2024-10-17 21:23:41.414,-29.626373626373606,74.02197802197804,0.08791208791194549,0.79120879120876,675.0,673.0,653.0
2024-10-17 21:23:41.910,-29.362637362637315,73.05494505494505,0.0,0.79120879120876,675.0,672.0,652.0
2024-10-17 21:23:42.423,-28.923076923076906,72.08791208791217,0.0,0.79120879120876,675.0,672.0,652.0
2024-10-17 21:23:42.934,-28.571428571428555,71.03296703296712,0.0,0.79120879120876,675.0,673.0,652.0
2024-10-17 21:23:43.430,-28.04395604395603,70.06593406593413,0.08791208791194549,0.79120879120876,675.0,672.0,652.0
2024-10-17 21:23:43.942,-27.604395604395563,69.01098901098908,0.0,0.79120879120876,675.0,672.0,651.0
2024-10-17 21:23:44.454,-27.252747252747213,68.04395604395609,0.0,0.79120879120876,675.0,672.0,651.0
2024-10-17 21:23:44.950,-26.901098901098862,67.0769230769231,0.0,0.79120879120876,676.0,672.0,651.0
2024-10-17 21:23:45.463,-26.461538461538453,66.02197802197804,0.0,0.79120879120876,676.0,672.0,650.0
2024-10-17 21:23:45.975,-26.109890109890102,65.05494505494505,0.0,0.79120879120876,676.0,672.0,650.0
2024-10-17 21:23:46.470,-25.670329670329636,64.08791208791217,0.0,0.79120879120876,676.0,672.0,650.0
2024-10-17 21:23:46.983,-25.318681318681286,63.03296703296712,0.0,0.79120879120876,676.0,672.0,649.0
2024-10-17 21:23:47.495,-24.879120879120876,62.06593406593413,0.0,0.79120879120876,676.0,672.0,649.0
2024-10-17 21:23:47.991,-24.43956043956041,61.01098901098908,0.08791208791194549,0.79120879120876,676.0,672.0,649.0
2024-10-17 21:23:48.502,-24.0,60.043956043956086,0.0,0.79120879120876,676.0,672.0,649.0
2024-10-17 21:23:49.015,-23.64835164835165,59.076923076923094,0.0,0.79120879120876,677.0,672.0,648.0
2024-10-17 21:23:49.526,-23.296703296703242,58.02197802197804,0.0,0.79120879120876,676.0,672.0,648.0
2024-10-17 21:23:50.023,-22.857142857142833,57.05494505494505,0.0,0.79120879120876,677.0,672.0,648.0
2024-10-17 21:23:50.535,-22.417582417582366,56.08791208791217,0.0,0.79120879120876,677.0,671.0,648.0
2024-10-17 21:23:51.047,-22.065934065934016,55.03296703296712,0.0,0.79120879120876,677.0,672.0,647.0
2024-10-17 21:23:51.543,-21.80219780219778,54.06593406593413,0.0,0.79120879120876,677.0,672.0,647.0
2024-10-17 21:23:52.055,-21.362637362637315,53.01098901098908,0.0,0.79120879120876,677.0,671.0,647.0
2024-10-17 21:23:52.567,-20.83516483516479,52.043956043956086,0.0,0.79120879120876,677.0,671.0,647.0
2024-10-17 21:23:53.063,-20.571428571428555,51.076923076923094,0.0,0.79120879120876,677.0,671.0,647.0
2024-10-17 21:23:53.574,-20.13186813186809,50.02197802197804,0.0,0.79120879120876,678.0,672.0,646.0
2024-10-17 21:23:54.087,-19.604395604395563,49.05494505494505,0.0,0.79120879120876,678.0,671.0,647.0
2024-10-17 21:23:54.599,-19.34065934065933,48.08791208791217,0.0,0.79120879120876,678.0,671.0,647.0
2024-10-17 21:23:55.095,-18.813186813186803,47.03296703296712,0.0,0.79120879120876,678.0,671.0,646.0
2024-10-17 21:23:55.607,-18.461538461538453,46.06593406593413,0.0,0.79120879120876,678.0,671.0,646.0
2024-10-17 21:23:56.119,-18.021978021977986,45.01098901098908,0.0,0.79120879120876,678.0,671.0,646.0
2024-10-17 21:23:56.615,-17.758241758241752,44.043956043956086,0.0,0.79120879120876,678.0,672.0,646.0
2024-10-17 21:23:57.127,-17.230769230769226,43.076923076923094,0.0,0.79120879120876,678.0,671.0,646.0
2024-10-17 21:23:57.639,-16.879120879120876,42.02197802197804,0.0,0.79120879120876,678.0,671.0,646.0
2024-10-17 21:23:58.135,-16.43956043956041,41.05494505494505,0.08791208791194549,0.79120879120876,678.0,671.0,646.0
2024-10-17 21:23:58.647,-16.0,40.08791208791217,0.0,0.79120879120876,678.0,672.0,646.0
2024-10-17 21:23:59.159,-15.64835164835165,39.03296703296712,0.0,0.79120879120876,678.0,671.0,646.0
2024-10-17 21:23:59.655,-15.296703296703242,38.06593406593413,0.0,0.79120879120876,678.0,671.0,646.0
2024-10-17 21:24:00.167,-14.945054945054892,37.01098901098908,0.0,0.79120879120876,678.0,671.0,645.0
2024-10-17 21:24:00.679,-14.505494505494482,36.043956043956086,0.0,0.79120879120876,678.0,671.0,645.0
2024-10-17 21:24:01.176,-14.065934065934016,35.076923076923094,0.0,0.79120879120876,678.0,671.0,645.0
2024-10-17 21:24:01.687,-13.714285714285666,34.02197802197804,0.0,0.79120879120876,678.0,671.0,645.0
2024-10-17 21:24:02.200,-13.362637362637315,33.142857142857224,0.0,0.79120879120876,678.0,671.0,645.0
2024-10-17 21:24:02.695,-12.83516483516479,32.08791208791217,0.0,0.79120879120876,678.0,671.0,645.0
2024-10-17 21:24:03.208,-12.571428571428555,31.03296703296712,0.0,0.79120879120876,678.0,671.0,645.0
2024-10-17 21:24:03.719,-12.04395604395603,30.06593406593413,0.0,0.79120879120876,679.0,671.0,645.0
2024-10-17 21:24:04.231,-11.604395604395563,29.01098901098908,0.0,0.79120879120876,678.0,671.0,645.0
2024-10-17 21:24:04.728,-11.340659340659329,28.043956043956086,0.0,0.79120879120876,679.0,671.0,645.0
2024-10-17 21:24:05.240,-10.813186813186803,27.076923076923094,0.0,0.79120879120876,679.0,671.0,645.0
2024-10-17 21:24:05.751,-10.549450549450512,26.021978021978043,0.0,0.79120879120876,679.0,671.0,645.0
2024-10-17 21:24:06.248,-10.109890109890102,25.05494505494505,0.0,0.79120879120876,679.0,671.0,645.0
2024-10-17 21:24:06.760,-9.670329670329636,24.087912087912173,0.0,0.79120879120876,679.0,671.0,645.0
2024-10-17 21:24:07.271,-9.230769230769226,23.03296703296712,0.0,0.79120879120876,679.0,671.0,645.0
2024-10-17 21:24:07.768,-8.967032967032935,22.06593406593413,0.0,0.79120879120876,679.0,671.0,645.0
2024-10-17 21:24:08.279,-8.527472527472526,21.01098901098908,0.0,0.79120879120876,679.0,671.0,645.0
2024-10-17 21:24:08.792,-8.08791208791206,20.043956043956086,0.08791208791194549,0.79120879120876,679.0,671.0,645.0
2024-10-17 21:24:09.287,-7.736263736263709,19.076923076923094,0.0,0.79120879120876,679.0,671.0,645.0
2024-10-17 21:24:09.816,-7.296703296703242,18.021978021978043,0.0,0.79120879120876,679.0,671.0,645.0
2024-10-17 21:24:10.312,-6.857142857142833,17.05494505494505,0.0,0.79120879120876,679.0,671.0,644.0
2024-10-17 21:24:10.808,-6.505494505494482,16.087912087912173,0.0,0.79120879120876,679.0,671.0,644.0
2024-10-17 21:24:11.320,-6.153846153846132,15.032967032967122,0.08791208791194549,0.79120879120876,679.0,671.0,644.0
2024-10-17 21:24:11.832,-5.626373626373606,14.06593406593413,0.0,0.79120879120876,680.0,671.0,644.0
2024-10-17 21:24:12.344,-5.274725274725256,13.098901098901138,0.0,0.79120879120876,680.0,671.0,644.0
2024-10-17 21:24:12.840,-4.83516483516479,12.043956043956086,0.0,0.79120879120876,679.0,671.0,644.0
2024-10-17 21:24:13.352,-4.571428571428555,11.076923076923094,0.0,0.79120879120876,679.0,671.0,644.0
2024-10-17 21:24:13.864,-4.131868131868089,10.021978021978043,0.0,0.79120879120876,680.0,672.0,644.0
2024-10-17 21:24:14.360,-3.604395604395563,9.054945054945051,0.0,0.79120879120876,680.0,671.0,644.0
2024-10-17 21:24:14.872,-3.2527472527472128,8.087912087912173,0.0,0.79120879120876,680.0,671.0,644.0
2024-10-17 21:24:15.384,-2.813186813186803,7.032967032967122,0.0,0.79120879120876,680.0,672.0,644.0
2024-10-17 21:24:15.880,-2.549450549450512,6.06593406593413,0.08791208791194549,0.79120879120876,680.0,671.0,644.0
2024-10-17 21:24:16.392,-2.1978021978021616,5.0109890109890785,0.0,0.79120879120876,680.0,671.0,644.0
2024-10-17 21:24:16.904,-1.6703296703295791,4.043956043956086,0.0,0.79120879120876,680.0,671.0,644.0
2024-10-17 21:24:17.416,-1.3186813186813424,3.0769230769230944,0.0,0.79120879120876,680.0,671.0,644.0
2024-10-17 21:24:17.912,-0.8791208791209328,2.021978021978043,0.0,0.79120879120876,680.0,671.0,644.0
2024-10-17 21:24:18.424,-0.4395604395604096,1.0549450549450512,0.0,0.79120879120876,680.0,671.0,644.0
