2024-11-10 19:08:22.595,-0.0,0.0,0.0,-0.0,466.0,546.0,465.0
2024-11-10 19:08:22.916,-0.0,0.0,0.0,0.8791208791208192,466.0,546.0,465.0
2024-11-10 19:08:23.220,-0.0,-0.08791208791194549,-0.08791208791217286,1.8461538461538112,466.0,546.0,465.0
2024-11-10 19:08:23.524,-0.08791208791217286,0.0,-0.08791208791217286,2.901098901098976,466.0,547.0,464.0
2024-11-10 19:08:23.812,-0.0,0.0,-0.08791208791217286,3.868131868131968,466.0,547.0,464.0
2024-11-10 19:08:24.148,-0.0,0.0,0.0,4.83516483516496,465.0,547.0,464.0
2024-11-10 19:08:24.548,-0.0,0.0,-0.08791208791217286,5.802197802197725,466.0,547.0,463.0
2024-11-10 19:08:24.932,-0.0,-0.08791208791194549,-0.08791208791217286,6.769230769230717,465.0,547.0,463.0
2024-11-10 19:08:25.252,-0.0,0.0,-0.08791208791217286,7.912087912087827,465.0,548.0,463.0
2024-11-10 19:08:25.556,-0.0,0.0,-0.08791208791217286,8.87912087912082,465.0,548.0,463.0
2024-11-10 19:08:25.844,-0.0,0.0,-0.08791208791217286,9.846153846153811,465.0,548.0,463.0
2024-11-10 19:08:26.148,-0.08791208791217286,0.0,-0.08791208791217286,10.901098901098976,465.0,549.0,463.0
2024-11-10 19:08:26.453,-0.0,0.0,-0.08791208791217286,11.868131868131968,465.0,549.0,463.0
2024-11-10 19:08:26.775,-0.08791208791217286,0.0,-0.08791208791217286,12.83516483516496,465.0,549.0,462.0
2024-11-10 19:08:27.060,-0.0,0.0,-0.08791208791217286,13.890109890109898,464.0,549.0,462.0
2024-11-10 19:08:27.364,-0.0,0.0,-0.08791208791217286,14.85714285714289,464.0,550.0,462.0
2024-11-10 19:08:27.668,-0.0,0.0,-0.08791208791217286,15.912087912087827,464.0,550.0,461.0
2024-11-10 19:08:27.974,-0.0,0.0,-0.08791208791217286,16.87912087912082,464.0,550.0,461.0
2024-11-10 19:08:28.276,-0.0,0.0,-0.08791208791217286,17.84615384615381,464.0,551.0,461.0
2024-11-10 19:08:28.580,-0.0,0.0,-0.08791208791217286,18.901098901098976,463.0,551.0,461.0
2024-11-10 19:08:28.884,-0.0,0.0,-0.08791208791217286,19.868131868131968,463.0,551.0,461.0
2024-11-10 19:08:29.205,-0.0,0.0,-0.08791208791217286,20.83516483516496,463.0,551.0,460.0
2024-11-10 19:08:29.525,-0.0,0.0,-0.08791208791217286,21.802197802197725,463.0,552.0,460.0
2024-11-10 19:08:29.909,-0.0,0.0,-0.08791208791217286,22.85714285714289,462.0,552.0,460.0
2024-11-10 19:08:30.214,-0.0,0.0,-0.08791208791217286,23.82417582417588,463.0,553.0,460.0
2024-11-10 19:08:30.517,-0.0,0.0,-0.08791208791217286,24.791208791208874,462.0,553.0,459.0
2024-11-10 19:08:30.821,-0.0,0.0,-0.08791208791217286,25.758241758241866,462.0,553.0,459.0
2024-11-10 19:08:31.125,-0.0,0.0,-0.08791208791217286,26.901098901098976,461.0,554.0,459.0
2024-11-10 19:08:31.430,-0.0,0.0,-0.08791208791217286,27.780219780219795,461.0,555.0,459.0
2024-11-10 19:08:31.829,-0.08791208791217286,0.0,-0.08791208791217286,28.747252747252787,460.0,555.0,458.0
2024-11-10 19:08:32.133,-0.0,0.0,-0.08791208791217286,29.802197802197725,460.0,556.0,458.0
2024-11-10 19:08:32.438,-0.0,0.0,-0.08791208791217286,30.769230769230717,460.0,556.0,458.0
2024-11-10 19:08:32.757,-0.0,0.0,-0.08791208791217286,31.82417582417588,459.0,556.0,457.0
2024-11-10 19:08:33.046,-0.0,0.0,-0.08791208791217286,32.87912087912082,459.0,557.0,457.0
2024-11-10 19:08:33.350,-0.0,0.0,-0.08791208791217286,33.758241758241866,459.0,557.0,457.0
2024-11-10 19:08:33.654,-0.0,0.0,-0.08791208791217286,34.8131868131868,458.0,558.0,457.0
2024-11-10 19:08:33.990,-0.0,0.0,-0.08791208791217286,35.86813186813197,458.0,558.0,456.0
2024-11-10 19:08:34.374,-0.0,0.0,-0.08791208791217286,36.74725274725279,458.0,559.0,456.0
2024-11-10 19:08:34.682,-0.08791208791217286,0.0,-0.08791208791217286,37.802197802197725,457.0,559.0,456.0
2024-11-10 19:08:34.983,-0.0,0.0,-0.08791208791217286,38.85714285714289,457.0,560.0,456.0
2024-11-10 19:08:35.287,-0.0,0.0,-0.08791208791217286,39.82417582417588,456.0,560.0,455.0
2024-11-10 19:08:35.591,-0.0,0.0,-0.08791208791217286,40.791208791208874,456.0,561.0,455.0
2024-11-10 19:08:35.894,-0.0,0.0,-0.08791208791217286,41.758241758241866,456.0,561.0,455.0
2024-11-10 19:08:36.213,-0.0,0.0,-0.08791208791217286,42.8131868131868,455.0,561.0,455.0
2024-11-10 19:08:36.614,-0.0,0.0,-0.08791208791217286,43.780219780219795,455.0,562.0,454.0
2024-11-10 19:08:36.998,-0.0,0.0,-0.08791208791217286,44.74725274725279,455.0,563.0,454.0
2024-11-10 19:08:37.302,-0.0,0.0,-0.08791208791217286,45.71428571428578,454.0,563.0,454.0
2024-11-10 19:08:37.606,-0.0,0.0,-0.08791208791217286,46.76923076923072,454.0,564.0,453.0
2024-11-10 19:08:37.911,-0.0,0.0,-0.08791208791217286,47.82417582417588,453.0,564.0,453.0
2024-11-10 19:08:38.214,-0.0,0.0,-0.08791208791217286,48.791208791208874,453.0,565.0,453.0
2024-11-10 19:08:38.519,-0.0,0.0,-0.08791208791217286,49.758241758241866,453.0,565.0,452.0
2024-11-10 19:08:38.838,-0.0,0.0,-0.08791208791217286,50.8131868131868,452.0,566.0,452.0
2024-11-10 19:08:39.142,-0.0,0.0,-0.08791208791217286,51.780219780219795,452.0,566.0,452.0
2024-11-10 19:08:39.430,-0.0,0.0,-0.08791208791217286,52.74725274725279,451.0,568.0,451.0
2024-11-10 19:08:39.735,-0.0,0.0,-0.08791208791217286,53.802197802197725,450.0,569.0,450.0
2024-11-10 19:08:40.054,-0.0,0.0,-0.08791208791217286,54.76923076923072,449.0,569.0,450.0
2024-11-10 19:08:40.342,-0.0,0.0,-0.08791208791217286,55.73626373626371,449.0,570.0,449.0
2024-11-10 19:08:40.647,-0.0,0.0,-0.08791208791217286,56.791208791208874,448.0,571.0,449.0
2024-11-10 19:08:40.966,-0.0,0.0,-0.08791208791217286,57.758241758241866,448.0,572.0,448.0
2024-11-10 19:08:41.286,-0.0,0.0,-0.08791208791217286,58.8131868131868,447.0,573.0,448.0
2024-11-10 19:08:41.671,-0.0,0.0,-0.08791208791217286,59.780219780219795,446.0,573.0,448.0
2024-11-10 19:08:41.975,-0.0,0.0,-0.08791208791217286,60.74725274725279,446.0,574.0,447.0
2024-11-10 19:08:42.279,-0.0,0.0,-0.08791208791217286,61.802197802197725,445.0,575.0,447.0
2024-11-10 19:08:42.583,-0.0,0.0,-0.08791208791217286,62.76923076923072,445.0,575.0,446.0
2024-11-10 19:08:42.888,-0.0,0.0,-0.08791208791217286,63.82417582417588,444.0,576.0,446.0
2024-11-10 19:08:43.191,-0.0,0.0,-0.08791208791217286,64.79120879120887,444.0,576.0,446.0
2024-11-10 19:08:43.496,-0.0,0.0,-0.08791208791217286,65.75824175824187,443.0,577.0,446.0
2024-11-10 19:08:43.800,-0.0,0.0,-0.08791208791217286,66.8131868131868,443.0,578.0,445.0
2024-11-10 19:08:44.135,-0.0,0.0,-0.08791208791217286,67.7802197802198,442.0,579.0,444.0
2024-11-10 19:08:44.521,-0.0,0.0,-0.08791208791217286,68.74725274725279,442.0,580.0,444.0
2024-11-10 19:08:44.807,-0.0,0.0,-0.08791208791217286,69.80219780219772,441.0,580.0,444.0
2024-11-10 19:08:45.112,-0.0,0.0,-0.08791208791217286,70.76923076923072,441.0,581.0,444.0
2024-11-10 19:08:45.432,-0.08791208791217286,0.0,-0.08791208791217286,71.73626373626371,440.0,581.0,443.0
2024-11-10 19:08:45.720,-0.0,0.0,-0.08791208791217286,72.7032967032967,440.0,582.0,442.0
2024-11-10 19:08:46.056,-0.0,0.0,-0.08791208791217286,73.75824175824187,440.0,582.0,443.0
2024-11-10 19:08:46.456,-0.0,0.0,-0.08791208791217286,74.8131868131868,439.0,582.0,442.0
2024-11-10 19:08:46.840,-0.0,0.0,-0.08791208791217286,75.69230769230762,439.0,583.0,442.0
2024-11-10 19:08:47.143,-0.0,0.0,-0.08791208791217286,76.65934065934061,438.0,583.0,442.0
2024-11-10 19:08:47.449,-0.0,0.0,-0.08791208791217286,77.71428571428578,438.0,584.0,441.0
2024-11-10 19:08:47.753,-0.0,0.0,-0.08791208791217286,78.68131868131877,438.0,584.0,441.0
2024-11-10 19:08:48.087,-0.0,0.0,-0.08791208791217286,79.73626373626371,437.0,585.0,440.0
2024-11-10 19:08:48.472,-0.0,0.0,-0.08791208791217286,80.7032967032967,437.0,585.0,440.0
2024-11-10 19:08:48.760,-0.0,0.0,-0.08791208791217286,81.67032967032969,436.0,585.0,440.0
2024-11-10 19:08:49.065,-0.0,0.0,-0.08791208791217286,82.72527472527463,436.0,586.0,439.0
2024-11-10 19:08:49.385,-0.0,0.0,-0.08791208791217286,83.69230769230762,436.0,586.0,439.0
2024-11-10 19:08:49.688,-0.0,0.0,-0.08791208791217286,84.65934065934061,435.0,587.0,439.0
2024-11-10 19:08:49.977,-0.0,0.0,-0.08791208791217286,85.71428571428578,435.0,587.0,439.0
2024-11-10 19:08:50.280,-0.0,0.0,-0.08791208791217286,86.68131868131877,435.0,588.0,438.0
2024-11-10 19:08:50.632,-0.0,0.0,-0.08791208791217286,87.64835164835176,434.0,587.0,438.0
2024-11-10 19:08:51.016,-0.0,0.0,-0.08791208791217286,88.7032967032967,434.0,588.0,437.0
2024-11-10 19:08:51.416,-0.0,0.0,-0.08791208791217286,89.67032967032969,434.0,588.0,437.0
2024-11-10 19:08:51.721,-0.0,0.0,-0.08791208791217286,90.72527472527463,433.0,589.0,437.0
2024-11-10 19:08:52.009,-0.0,0.0,-0.08791208791217286,91.69230769230762,432.0,589.0,436.0
2024-11-10 19:08:52.328,-0.0,0.0,-0.08791208791217286,92.65934065934061,432.0,589.0,436.0
2024-11-10 19:08:52.632,-0.0,0.0,-0.08791208791217286,93.6263736263736,432.0,590.0,436.0
2024-11-10 19:08:52.937,-0.0,0.0,-0.08791208791217286,94.68131868131877,432.0,591.0,436.0
2024-11-10 19:08:53.225,-0.0,0.0,-0.08791208791217286,95.73626373626371,431.0,591.0,435.0
2024-11-10 19:08:53.545,-0.0,0.0,-0.08791208791217286,96.61538461538453,430.0,591.0,436.0
2024-11-10 19:08:53.833,-0.0,0.0,-0.08791208791217286,97.67032967032969,430.0,592.0,435.0
2024-11-10 19:08:54.137,-0.0,0.0,-0.08791208791217286,98.72527472527463,430.0,592.0,435.0
2024-11-10 19:08:54.442,-0.0,0.0,0.0,99.69230769230762,429.0,592.0,434.0
2024-11-10 19:08:54.746,-0.0,0.0,-0.08791208791217286,100.65934065934061,429.0,593.0,433.0
2024-11-10 19:08:55.049,-0.0,0.0,-0.08791208791217286,101.71428571428578,428.0,594.0,433.0
2024-11-10 19:08:55.369,-0.0,0.0,-0.08791208791217286,102.68131868131877,428.0,595.0,432.0
2024-11-10 19:08:55.656,-0.0,0.0,-0.08791208791217286,103.64835164835176,427.0,595.0,432.0
2024-11-10 19:08:55.961,-0.0,0.0,-0.08791208791217286,104.7032967032967,427.0,596.0,432.0
2024-11-10 19:08:56.266,-0.0,0.0,-0.08791208791217286,105.75824175824187,427.0,594.0,429.0
2024-11-10 19:08:56.570,-0.0,0.0,0.0,106.8131868131868,427.0,592.0,429.0
2024-11-10 19:08:56.873,-0.0,0.0,-0.08791208791217286,107.7802197802198,427.0,593.0,428.0
2024-11-10 19:08:57.178,-0.0,0.0,-0.08791208791217286,108.74725274725279,426.0,594.0,428.0
2024-11-10 19:08:57.482,-0.0,0.0,-0.08791208791217286,109.80219780219772,426.0,594.0,428.0
2024-11-10 19:08:57.786,-0.0,0.0,-0.08791208791217286,110.76923076923072,425.0,594.0,427.0
2024-11-10 19:08:58.090,-0.0,0.0,-0.08791208791217286,111.73626373626371,425.0,595.0,427.0
2024-11-10 19:08:58.394,-0.0,0.0,-0.08791208791217286,112.7032967032967,425.0,596.0,426.0
2024-11-10 19:08:58.698,-0.0,0.0,-0.08791208791217286,113.75824175824187,424.0,596.0,426.0
2024-11-10 19:08:59.018,-0.0,0.0,-0.08791208791217286,114.8131868131868,423.0,598.0,426.0
2024-11-10 19:08:59.322,-0.0,0.0,-0.08791208791217286,115.7802197802198,423.0,598.0,426.0
2024-11-10 19:08:59.610,-0.0,0.0,-0.08791208791217286,116.74725274725279,422.0,598.0,425.0
2024-11-10 19:08:59.930,-0.0,0.0,-0.08791208791217286,117.80219780219772,422.0,598.0,425.0
2024-11-10 19:09:00.250,-0.0,-0.08791208791194549,-0.08791208791217286,118.76923076923072,422.0,599.0,425.0
2024-11-10 19:09:00.650,-0.0,0.0,-0.08791208791217286,119.73626373626371,421.0,600.0,425.0
2024-11-10 19:09:01.051,-0.0,0.0,-0.08791208791217286,120.79120879120887,421.0,600.0,424.0
2024-11-10 19:09:01.339,-0.0,0.0,-0.08791208791217286,121.67032967032969,420.0,601.0,424.0
2024-11-10 19:09:01.642,-0.0,0.0,-0.08791208791217286,122.72527472527463,420.0,601.0,424.0
2024-11-10 19:09:01.946,-0.0,0.0,-0.08791208791217286,123.69230769230762,419.0,602.0,424.0
2024-11-10 19:09:02.266,-0.0,-0.08791208791194549,-0.08791208791217286,124.65934065934061,419.0,602.0,424.0
2024-11-10 19:09:02.554,-0.0,0.0,-0.08791208791217286,125.71428571428578,419.0,602.0,423.0
2024-11-10 19:09:02.858,-0.0,0.0,-0.08791208791217286,126.68131868131877,419.0,603.0,423.0
2024-11-10 19:09:03.162,-0.0,0.0,-0.08791208791217286,127.73626373626371,418.0,603.0,424.0
2024-11-10 19:09:03.467,-0.0,0.0,-0.08791208791217286,128.61538461538453,418.0,604.0,423.0
2024-11-10 19:09:03.770,-0.0,0.0,-0.08791208791217286,129.75824175824187,417.0,604.0,423.0
2024-11-10 19:09:04.074,-0.0,0.0,-0.08791208791217286,130.72527472527463,417.0,604.0,423.0
2024-11-10 19:09:04.379,-0.0,0.0,-0.08791208791217286,131.7802197802198,417.0,605.0,423.0
2024-11-10 19:09:04.682,-0.0,0.0,-0.08791208791217286,132.65934065934061,416.0,605.0,423.0
2024-11-10 19:09:04.986,-0.0,0.0,-0.08791208791217286,133.6263736263736,417.0,606.0,423.0
2024-11-10 19:09:05.306,-0.0,0.0,-0.08791208791217286,134.68131868131877,417.0,606.0,423.0
2024-11-10 19:09:05.595,-0.0,0.0,-0.08791208791217286,135.64835164835176,416.0,606.0,422.0
2024-11-10 19:09:05.915,-0.0,0.0,-0.08791208791217286,136.7032967032967,416.0,607.0,422.0
2024-11-10 19:09:06.202,-0.0,0.0,-0.08791208791217286,137.6703296703297,416.0,607.0,422.0
2024-11-10 19:09:06.507,-0.0,0.0,-0.08791208791217286,138.72527472527463,416.0,607.0,422.0
2024-11-10 19:09:06.811,-0.0,0.0,-0.08791208791217286,139.69230769230762,416.0,607.0,422.0
2024-11-10 19:09:07.115,-0.0,0.0,-0.08791208791217286,140.65934065934061,416.0,608.0,423.0
2024-11-10 19:09:07.419,-0.0,0.0,-0.08791208791217286,141.71428571428578,416.0,608.0,422.0
2024-11-10 19:09:07.739,-0.0,0.0,-0.08791208791217286,142.5934065934066,416.0,608.0,422.0
2024-11-10 19:09:08.027,-0.0,0.0,-0.08791208791217286,143.7362637362637,416.0,608.0,423.0
2024-11-10 19:09:08.348,-0.0,0.0,-0.08791208791217286,144.61538461538453,416.0,609.0,422.0
2024-11-10 19:09:08.668,-0.0,0.0,-0.08791208791217286,145.58241758241752,416.0,609.0,423.0
2024-11-10 19:09:09.052,-0.0,0.0,-0.08791208791217286,146.63736263736268,416.0,609.0,423.0
2024-11-10 19:09:09.356,-0.0,0.0,-0.08791208791217286,147.60439560439568,416.0,609.0,423.0
2024-11-10 19:09:09.659,-0.0,0.0,-0.08791208791217286,148.57142857142867,416.0,609.0,423.0
2024-11-10 19:09:09.980,-0.0,-0.08791208791194549,-0.08791208791217286,149.6263736263736,416.0,609.0,423.0
2024-11-10 19:09:10.364,-0.0,0.0,-0.08791208791217286,148.83516483516496,417.0,608.0,423.0
2024-11-10 19:09:10.684,-0.0,0.0,-0.08791208791217286,147.7802197802198,417.0,608.0,423.0
2024-11-10 19:09:10.972,-0.0,0.0,-0.08791208791217286,146.8131868131868,417.0,607.0,423.0
2024-11-10 19:09:11.292,-0.0,0.0,-0.08791208791217286,145.8461538461538,417.0,607.0,423.0
2024-11-10 19:09:11.579,-0.0,0.0,-0.08791208791217286,144.79120879120887,417.0,607.0,423.0
2024-11-10 19:09:11.883,-0.0,0.0,-0.08791208791217286,143.82417582417588,417.0,606.0,423.0
2024-11-10 19:09:12.189,-0.0,0.0,0.0,142.76923076923072,417.0,606.0,423.0
2024-11-10 19:09:12.493,-0.0,0.0,-0.08791208791217286,141.80219780219772,418.0,605.0,424.0
2024-11-10 19:09:12.796,-0.0,0.0,-0.08791208791217286,140.83516483516496,418.0,605.0,423.0
2024-11-10 19:09:13.101,-0.0,0.0,-0.08791208791217286,139.86813186813197,418.0,605.0,423.0
2024-11-10 19:09:13.404,-0.0,0.0,-0.08791208791217286,138.8131868131868,418.0,604.0,424.0
2024-11-10 19:09:13.741,-0.0,0.0,-0.08791208791217286,137.8461538461538,418.0,604.0,423.0
2024-11-10 19:09:14.125,-0.0,0.0,-0.08791208791217286,136.87912087912082,418.0,603.0,424.0
2024-11-10 19:09:14.428,-0.0,0.0,-0.08791208791217286,135.91208791208783,419.0,603.0,424.0
2024-11-10 19:09:14.732,-0.0,0.0,-0.08791208791217286,134.8571428571429,419.0,603.0,424.0
2024-11-10 19:09:15.037,-0.0,0.0,-0.08791208791217286,133.8901098901099,419.0,602.0,424.0
2024-11-10 19:09:15.340,-0.0,0.0,-0.08791208791217286,132.83516483516496,419.0,601.0,424.0
2024-11-10 19:09:15.644,-0.0,0.0,-0.08791208791217286,131.86813186813197,420.0,601.0,424.0
2024-11-10 19:09:15.949,-0.0,-0.08791208791194549,-0.08791208791217286,130.90109890109898,0.0,600.0,425.0
2024-11-10 19:09:16.264,-0.0,0.0,-0.08791208791217286,129.8461538461538,420.0,599.0,425.0
2024-11-10 19:09:16.669,-0.0,0.0,-0.08791208791217286,128.87912087912082,421.0,599.0,425.0
2024-11-10 19:09:16.973,-0.0,-0.08791208791194549,-0.08791208791217286,128.0,421.0,598.0,425.0
2024-11-10 19:09:17.375,-0.0,0.0,-0.08791208791217286,126.85714285714289,421.0,598.0,425.0
2024-11-10 19:09:17.772,-0.0,0.0,-0.08791208791217286,125.8901098901099,422.0,597.0,425.0
2024-11-10 19:09:18.077,-0.0,0.0,-0.08791208791217286,124.83516483516496,422.0,597.0,425.0
2024-11-10 19:09:18.381,-0.0,0.0,-0.08791208791217286,123.86813186813197,422.0,596.0,426.0
2024-11-10 19:09:18.700,-0.0,0.0,-0.08791208791217286,122.90109890109898,423.0,596.0,426.0
2024-11-10 19:09:19.085,-0.0,0.0,-0.08791208791217286,121.84615384615381,423.0,595.0,426.0
2024-11-10 19:09:19.406,-0.0,0.0,-0.08791208791217286,120.87912087912082,423.0,594.0,426.0
2024-11-10 19:09:19.790,-0.0,0.0,-0.08791208791217286,119.91208791208783,424.0,593.0,426.0
2024-11-10 19:09:20.110,-0.0,0.0,-0.08791208791217286,118.85714285714289,425.0,592.0,427.0
2024-11-10 19:09:20.438,-0.0,0.0,-0.08791208791217286,117.8901098901099,425.0,592.0,427.0
2024-11-10 19:09:20.814,-0.0,0.0,-0.08791208791217286,116.83516483516496,425.0,591.0,427.0
2024-11-10 19:09:21.133,-0.0,0.0,-0.08791208791217286,115.86813186813197,426.0,591.0,427.0
2024-11-10 19:09:21.518,-0.0,0.0,-0.08791208791217286,114.90109890109898,426.0,590.0,428.0
2024-11-10 19:09:21.822,-0.0,0.0,-0.08791208791217286,113.84615384615381,427.0,589.0,428.0
2024-11-10 19:09:22.142,-0.0,0.0,-0.08791208791217286,112.87912087912082,427.0,588.0,429.0
2024-11-10 19:09:22.462,-0.0,0.0,-0.08791208791217286,111.91208791208783,428.0,588.0,429.0
2024-11-10 19:09:22.846,-0.0,0.0,-0.08791208791217286,110.94505494505506,428.0,587.0,430.0
2024-11-10 19:09:23.133,-0.0,0.0,-0.08791208791217286,109.8901098901099,429.0,586.0,430.0
2024-11-10 19:09:23.454,-0.0,0.0,-0.08791208791217286,108.9230769230769,429.0,585.0,431.0
2024-11-10 19:09:23.790,-0.0,0.0,-0.08791208791217286,107.95604395604391,430.0,584.0,431.0
2024-11-10 19:09:24.190,-0.0,0.0,-0.08791208791217286,106.98901098901092,431.0,584.0,431.0
2024-11-10 19:09:24.573,-0.0,0.0,-0.08791208791217286,105.93406593406598,431.0,583.0,432.0
2024-11-10 19:09:24.862,-0.0,0.0,-0.08791208791217286,104.87912087912082,431.0,582.0,432.0
2024-11-10 19:09:25.166,-0.0,0.0,-0.08791208791217286,104.0,432.0,581.0,433.0
2024-11-10 19:09:25.469,-0.0,0.0,-0.08791208791217286,102.94505494505506,433.0,581.0,433.0
2024-11-10 19:09:25.774,-0.0,0.0,-0.08791208791217286,101.97802197802207,433.0,580.0,433.0
2024-11-10 19:09:26.078,-0.0,0.0,-0.08791208791217286,100.9230769230769,434.0,579.0,434.0
2024-11-10 19:09:26.398,-0.0,0.0,-0.08791208791217286,99.95604395604391,434.0,578.0,435.0
2024-11-10 19:09:26.699,-0.0,0.0,-0.08791208791217286,98.98901098901092,435.0,578.0,435.0
2024-11-10 19:09:26.990,-0.0,0.0,-0.08791208791217286,97.93406593406598,436.0,577.0,436.0
2024-11-10 19:09:27.311,-0.0,0.0,-0.08791208791217286,96.96703296703299,436.0,576.0,436.0
2024-11-10 19:09:27.598,-0.0,0.0,-0.08791208791217286,96.0,436.0,575.0,437.0
2024-11-10 19:09:27.934,-0.0,0.0,-0.08791208791217286,94.94505494505506,437.0,575.0,437.0
2024-11-10 19:09:28.334,-0.0,0.0,-0.08791208791217286,93.97802197802207,438.0,574.0,437.0
2024-11-10 19:09:28.734,-0.0,0.0,-0.08791208791217286,93.01098901098908,438.0,573.0,438.0
2024-11-10 19:09:29.023,-0.0,0.0,-0.08791208791217286,92.04395604395609,439.0,573.0,438.0
2024-11-10 19:09:29.358,-0.0,0.0,-0.08791208791217286,91.0769230769231,439.0,572.0,439.0
2024-11-10 19:09:29.758,-0.08791208791217286,0.0,-0.08791208791217286,90.02197802197793,440.0,571.0,439.0
2024-11-10 19:09:30.142,-0.0,0.0,-0.08791208791217286,89.05494505494516,440.0,571.0,440.0
2024-11-10 19:09:30.463,-0.0,0.0,-0.08791208791217286,88.08791208791217,441.0,570.0,440.0
2024-11-10 19:09:30.847,-0.0,0.0,-0.08791208791217286,87.03296703296701,442.0,570.0,440.0
2024-11-10 19:09:31.151,-0.0,0.0,-0.08791208791217286,86.06593406593402,442.0,569.0,441.0
2024-11-10 19:09:31.487,-0.0,0.0,-0.08791208791217286,85.01098901098908,442.0,568.0,441.0
2024-11-10 19:09:31.871,-0.0,0.0,-0.08791208791217286,84.04395604395609,443.0,568.0,441.0
2024-11-10 19:09:32.175,-0.0,0.0,-0.08791208791217286,83.0769230769231,443.0,567.0,442.0
2024-11-10 19:09:32.479,-0.0,0.0,-0.08791208791217286,82.02197802197793,444.0,567.0,442.0
2024-11-10 19:09:32.784,-0.0,0.0,-0.08791208791217286,80.96703296703299,445.0,567.0,442.0
2024-11-10 19:09:33.104,-0.0,0.0,0.0,80.08791208791217,445.0,566.0,443.0
2024-11-10 19:09:33.488,-0.0,0.0,-0.08791208791217286,79.03296703296701,445.0,565.0,443.0
2024-11-10 19:09:33.792,-0.0,0.0,-0.08791208791217286,78.06593406593402,446.0,564.0,444.0
2024-11-10 19:09:34.111,-0.0,0.0,-0.08791208791217286,77.01098901098908,447.0,564.0,444.0
2024-11-10 19:09:34.514,-0.0,0.0,-0.08791208791217286,76.04395604395609,447.0,563.0,444.0
2024-11-10 19:09:34.815,-0.0,0.0,-0.08791208791217286,75.0769230769231,447.0,563.0,445.0
2024-11-10 19:09:35.120,-0.0,0.0,-0.08791208791217286,74.02197802197793,448.0,563.0,446.0
2024-11-10 19:09:35.408,-0.0,0.0,-0.08791208791217286,73.05494505494516,448.0,563.0,445.0
2024-11-10 19:09:35.728,-0.0,0.0,-0.08791208791217286,72.08791208791217,448.0,562.0,446.0
2024-11-10 19:09:36.047,-0.0,0.0,-0.08791208791217286,71.03296703296701,449.0,562.0,446.0
2024-11-10 19:09:36.432,-0.0,0.0,-0.08791208791217286,70.06593406593402,449.0,561.0,446.0
2024-11-10 19:09:36.736,-0.0,0.0,-0.08791208791217286,69.01098901098908,450.0,560.0,447.0
2024-11-10 19:09:37.040,-0.0,-0.08791208791194549,-0.08791208791217286,68.04395604395609,450.0,560.0,447.0
2024-11-10 19:09:37.344,-0.0,0.0,-0.08791208791217286,67.0769230769231,451.0,560.0,448.0
2024-11-10 19:09:37.664,-0.0,0.0,-0.08791208791217286,66.02197802197793,451.0,559.0,448.0
2024-11-10 19:09:38.049,-0.0,0.0,-0.08791208791217286,65.05494505494516,451.0,559.0,448.0
2024-11-10 19:09:38.352,-0.0,0.0,-0.08791208791217286,64.08791208791217,452.0,559.0,448.0
2024-11-10 19:09:38.656,-0.0,0.0,-0.08791208791217286,63.03296703296701,452.0,558.0,449.0
2024-11-10 19:09:38.961,-0.0,0.0,-0.08791208791217286,62.065934065934016,453.0,558.0,449.0
2024-11-10 19:09:39.264,-0.0,0.0,-0.08791208791217286,61.01098901098908,453.0,558.0,449.0
2024-11-10 19:09:39.584,-0.0,0.0,-0.08791208791217286,60.043956043956086,453.0,557.0,450.0
2024-11-10 19:09:39.872,-0.0,0.0,-0.08791208791217286,59.076923076923094,454.0,557.0,450.0
2024-11-10 19:09:40.192,-0.0,0.0,-0.08791208791217286,58.02197802197793,454.0,557.0,450.0
2024-11-10 19:09:40.480,-0.0,0.0,-0.08791208791217286,57.14285714285711,454.0,556.0,451.0
2024-11-10 19:09:40.785,-0.0,0.0,-0.08791208791217286,56.08791208791217,455.0,556.0,451.0
2024-11-10 19:09:41.088,-0.0,0.0,-0.08791208791217286,55.03296703296701,455.0,556.0,451.0
2024-11-10 19:09:41.393,-0.0,0.0,-0.08791208791217286,54.065934065934016,456.0,555.0,451.0
2024-11-10 19:09:41.697,-0.0,-1522.5054945054944,-0.08791208791217286,53.01098901098908,456.0,555.0,452.0
2024-11-10 19:09:42.113,-0.0,0.0,-0.08791208791217286,52.043956043956086,457.0,554.0,452.0
2024-11-10 19:09:42.417,-0.0,0.0,-0.08791208791217286,51.076923076923094,457.0,554.0,453.0
2024-11-10 19:09:42.721,-0.0,0.0,-0.08791208791217286,50.02197802197793,457.0,554.0,453.0
2024-11-10 19:09:43.025,-0.0,0.0,-0.08791208791217286,49.054945054945165,457.0,554.0,453.0
2024-11-10 19:09:43.329,-0.0,0.0,-0.08791208791217286,48.08791208791217,458.0,553.0,453.0
2024-11-10 19:09:43.632,-0.08791208791217286,0.0,-0.08791208791217286,47.03296703296701,458.0,552.0,454.0
2024-11-10 19:09:43.937,-0.0,0.0,-0.08791208791217286,46.065934065934016,458.0,552.0,454.0
2024-11-10 19:09:44.242,-0.0,-0.08791208791194549,-0.08791208791217286,45.01098901098908,459.0,552.0,454.0
2024-11-10 19:09:44.544,-0.0,0.0,-0.08791208791217286,44.043956043956086,459.0,552.0,454.0
2024-11-10 19:09:44.849,-0.08791208791217286,0.0,-0.08791208791217286,43.076923076923094,459.0,552.0,455.0
2024-11-10 19:09:45.169,-0.0,0.0,-0.08791208791217286,42.02197802197793,459.0,551.0,455.0
2024-11-10 19:09:45.553,-0.0,0.0,-0.08791208791217286,41.054945054945165,459.0,551.0,456.0
2024-11-10 19:09:45.873,-0.08791208791217286,0.0,-0.08791208791217286,40.08791208791217,460.0,550.0,456.0
2024-11-10 19:09:46.258,-0.0,0.0,-0.08791208791217286,39.03296703296701,460.0,551.0,456.0
2024-11-10 19:09:46.577,-0.0,0.0,0.0,38.065934065934016,460.0,550.0,457.0
2024-11-10 19:09:46.881,-0.0,0.0,-0.08791208791217286,37.01098901098908,460.0,550.0,457.0
2024-11-10 19:09:47.170,-0.0,0.0,-0.08791208791217286,36.043956043956086,460.0,550.0,457.0
2024-11-10 19:09:47.490,-0.0,0.0,-0.08791208791217286,35.076923076923094,461.0,550.0,457.0
2024-11-10 19:09:47.794,-0.0,0.0,0.0,34.02197802197793,461.0,549.0,458.0
2024-11-10 19:09:48.115,-0.0,0.0,-0.08791208791217286,33.054945054945165,461.0,549.0,458.0
2024-11-10 19:09:48.498,-0.0,0.0,-0.08791208791217286,32.08791208791217,461.0,549.0,458.0
2024-11-10 19:09:48.801,-0.0,0.0,-0.08791208791217286,31.032967032967008,461.0,549.0,458.0
2024-11-10 19:09:49.137,-0.0,0.0,-0.08791208791217286,30.065934065934016,461.0,549.0,459.0
2024-11-10 19:09:49.506,-0.0,0.0,-0.08791208791217286,29.01098901098908,462.0,548.0,459.0
2024-11-10 19:09:49.809,-0.0,-0.08791208791194549,-0.08791208791217286,28.043956043956086,462.0,548.0,459.0
2024-11-10 19:09:50.113,-0.0,0.0,-0.08791208791217286,27.076923076923094,462.0,548.0,460.0
2024-11-10 19:09:50.418,-0.0,0.0,-0.08791208791217286,26.02197802197793,462.0,548.0,460.0
2024-11-10 19:09:50.722,-0.0,0.0,-0.08791208791217286,25.054945054945165,462.0,548.0,460.0
2024-11-10 19:09:51.027,-0.0,0.0,-0.08791208791217286,24.087912087912173,462.0,548.0,460.0
2024-11-10 19:09:51.346,-0.0,0.0,-0.08791208791217286,23.032967032967008,462.0,548.0,460.0
2024-11-10 19:09:51.650,-0.0,0.0,-0.08791208791217286,22.065934065934016,462.0,548.0,460.0
2024-11-10 19:09:51.938,-0.0,0.0,-0.08791208791217286,21.01098901098908,462.0,548.0,460.0
2024-11-10 19:09:52.242,-0.0,0.0,-0.08791208791217286,20.043956043956086,463.0,547.0,460.0
2024-11-10 19:09:52.547,-0.0,0.0,-0.08791208791217286,19.164835164835267,462.0,548.0,460.0
2024-11-10 19:09:52.866,-0.0,0.0,-0.08791208791217286,18.02197802197793,462.0,547.0,460.0
2024-11-10 19:09:53.155,-0.0,-0.08791208791194549,0.0,17.054945054945165,462.0,547.0,460.0
2024-11-10 19:09:53.458,-0.0,0.0,-0.08791208791217286,16.087912087912173,462.0,547.0,461.0
2024-11-10 19:09:53.778,-0.0,0.0,-0.08791208791217286,15.032967032967008,462.0,547.0,460.0
2024-11-10 19:09:54.066,-0.0,0.0,-0.08791208791217286,14.065934065934016,462.0,547.0,461.0
2024-11-10 19:09:54.371,-0.0,0.0,-0.08791208791217286,13.010989010989078,462.0,547.0,460.0
2024-11-10 19:09:54.676,-0.0,0.0,-0.08791208791217286,12.043956043956086,462.0,547.0,460.0
2024-11-10 19:09:55.011,-0.0,0.0,-0.08791208791217286,11.076923076923094,462.0,548.0,460.0
2024-11-10 19:09:55.411,-0.0,0.0,-0.08791208791217286,10.02197802197793,463.0,547.0,460.0
2024-11-10 19:09:55.796,-0.0,0.0,-0.08791208791217286,9.054945054945165,462.0,547.0,460.0
2024-11-10 19:09:56.115,-0.08791208791217286,0.0,-0.08791208791217286,8.087912087912173,462.0,547.0,461.0
2024-11-10 19:09:56.419,-0.0,0.0,-0.08791208791217286,7.032967032967008,462.0,547.0,461.0
2024-11-10 19:09:56.724,-0.0,-1522.5054945054944,-0.08791208791217286,6.153846153846189,462.0,547.0,460.0
2024-11-10 19:09:57.123,-0.0,0.0,-0.08791208791217286,5.098901098901024,462.0,547.0,461.0
2024-11-10 19:09:57.427,-0.0,0.0,-0.08791208791217286,4.043956043956086,462.0,547.0,461.0
2024-11-10 19:09:57.731,-0.0,0.0,-0.08791208791217286,3.0769230769230944,462.0,547.0,460.0
2024-11-10 19:09:58.019,-0.0,0.0,-0.08791208791217286,2.0219780219779295,462.0,547.0,461.0
2024-11-10 19:09:58.340,-0.0,0.0,-0.08791208791217286,1.0549450549451649,462.0,547.0,460.0
2024-11-10 19:09:58.788,-0.0,0.0,-0.08791208791217286,1.1428571428571104,462.0,547.0,460.0
2024-11-10 19:09:59.267,0.7912087912086463,-0.3516483516482367,-0.08791208791217286,1.0549450549451649,462.0,547.0,461.0
2024-11-10 19:09:59.779,1.7582417582416383,-0.7912087912086463,0.0,1.0549450549451649,462.0,547.0,460.0
2024-11-10 19:10:00.308,2.813186813186803,-1.1428571428571104,-0.08791208791217286,1.0549450549451649,463.0,547.0,460.0
2024-11-10 19:10:00.804,3.780219780219795,-1.58241758241752,-0.08791208791217286,1.0549450549451649,463.0,547.0,460.0
2024-11-10 19:10:01.332,4.74725274725256,-1.9340659340657567,-0.08791208791217286,1.0549450549451649,463.0,547.0,460.0
2024-11-10 19:10:01.828,5.802197802197725,-2.3736263736263936,0.0,1.0549450549451649,463.0,547.0,460.0
2024-11-10 19:10:02.323,6.769230769230717,-2.7252747252746303,-0.08791208791217286,1.0549450549451649,463.0,547.0,459.0
2024-11-10 19:10:02.820,7.824175824175654,-3.16483516483504,-0.08791208791217286,1.0549450549451649,463.0,547.0,460.0
2024-11-10 19:10:03.333,8.791208791208646,-3.516483516483504,-0.08791208791217286,1.1428571428571104,464.0,547.0,459.0
2024-11-10 19:10:03.844,9.758241758241638,-3.9560439560439136,-0.08791208791217286,1.0549450549451649,464.0,547.0,459.0
2024-11-10 19:10:04.340,10.813186813186803,-4.395604395604323,-0.08791208791217286,1.0549450549451649,464.0,547.0,459.0
2024-11-10 19:10:04.852,11.780219780219795,-4.74725274725256,-0.08791208791217286,1.0549450549451649,464.0,547.0,459.0
2024-11-10 19:10:05.364,12.835164835164733,-5.186813186813197,-0.08791208791217286,1.0549450549451649,464.0,547.0,459.0
2024-11-10 19:10:05.860,13.802197802197725,-5.5384615384614335,-0.08791208791217286,1.0549450549451649,464.0,547.0,459.0
2024-11-10 19:10:06.388,14.769230769230717,-5.978021978021843,-0.08791208791217286,1.0549450549451649,464.0,548.0,458.0
2024-11-10 19:10:06.916,15.824175824175654,-6.329670329670307,-0.08791208791217286,1.0549450549451649,464.0,548.0,458.0
2024-11-10 19:10:07.397,16.791208791208646,-6.769230769230717,-0.08791208791217286,1.0549450549451649,464.0,548.0,458.0
2024-11-10 19:10:07.909,17.84615384615381,-7.1208791208789535,-0.08791208791217286,1.0549450549451649,464.0,548.0,458.0
2024-11-10 19:10:08.405,18.813186813186803,-7.56043956043959,-0.08791208791217286,1.0549450549451649,464.0,548.0,457.0
2024-11-10 19:10:08.901,19.780219780219795,-7.912087912087827,-0.08791208791217286,1.0549450549451649,465.0,548.0,458.0
2024-11-10 19:10:09.413,20.74725274725256,-8.351648351648237,-0.08791208791217286,1.0549450549451649,465.0,548.0,457.0
2024-11-10 19:10:09.925,21.802197802197725,-8.791208791208646,-0.08791208791217286,1.0549450549451649,465.0,548.0,457.0
2024-11-10 19:10:10.437,22.769230769230717,-9.14285714285711,-0.08791208791217286,1.0549450549451649,465.0,548.0,457.0
2024-11-10 19:10:10.932,23.824175824175654,-9.58241758241752,-0.08791208791217286,1.1428571428571104,465.0,548.0,457.0
2024-11-10 19:10:11.445,24.791208791208646,-9.934065934065757,-0.08791208791217286,1.0549450549451649,465.0,548.0,457.0
2024-11-10 19:10:11.941,25.75824175824164,-10.373626373626394,0.0,1.0549450549451649,465.0,548.0,456.0
2024-11-10 19:10:12.469,26.72527472527463,-10.72527472527463,-0.08791208791217286,1.0549450549451649,466.0,548.0,456.0
2024-11-10 19:10:12.965,27.780219780219795,-11.16483516483504,-0.08791208791217286,1.0549450549451649,466.0,548.0,456.0
2024-11-10 19:10:13.462,28.74725274725256,-11.516483516483504,-0.08791208791217286,1.0549450549451649,466.0,548.0,455.0
2024-11-10 19:10:13.973,29.802197802197725,-11.956043956043914,-0.08791208791217286,1.0549450549451649,466.0,548.0,455.0
2024-11-10 19:10:14.486,30.769230769230717,-12.395604395604323,-0.08791208791217286,1.0549450549451649,466.0,548.0,455.0
2024-11-10 19:10:14.982,31.824175824175654,-12.74725274725256,-0.08791208791217286,1.0549450549451649,466.0,549.0,455.0
2024-11-10 19:10:15.510,32.791208791208646,-13.186813186813197,-0.08791208791217286,1.0549450549451649,467.0,548.0,455.0
2024-11-10 19:10:16.006,33.67032967032969,-13.538461538461434,-0.08791208791217286,1.0549450549451649,466.0,549.0,454.0
2024-11-10 19:10:16.550,34.8131868131868,-13.978021978021843,-0.08791208791217286,1.0549450549451649,467.0,549.0,454.0
2024-11-10 19:10:17.030,35.780219780219795,-14.329670329670307,-0.08791208791217286,1.0549450549451649,467.0,549.0,454.0
2024-11-10 19:10:17.526,36.74725274725256,-14.769230769230717,-0.08791208791217286,1.0549450549451649,467.0,549.0,453.0
2024-11-10 19:10:18.038,37.802197802197725,-15.120879120878953,-0.08791208791217286,1.0549450549451649,467.0,549.0,453.0
2024-11-10 19:10:18.534,38.76923076923072,-15.56043956043959,-0.08791208791217286,1.0549450549451649,467.0,549.0,453.0
2024-11-10 19:10:19.047,39.824175824175654,-15.912087912087827,-0.08791208791217286,1.0549450549451649,467.0,549.0,453.0
2024-11-10 19:10:19.558,40.7032967032967,-16.351648351648237,-0.08791208791217286,1.0549450549451649,467.0,549.0,453.0
2024-11-10 19:10:20.071,41.75824175824164,-16.791208791208646,0.0,1.0549450549451649,468.0,549.0,452.0
2024-11-10 19:10:20.567,42.8131868131868,-17.14285714285711,-0.08791208791217286,1.0549450549451649,467.0,549.0,452.0
2024-11-10 19:10:21.095,43.780219780219795,-17.58241758241752,-0.08791208791217286,1.0549450549451649,468.0,550.0,451.0
2024-11-10 19:10:21.574,44.74725274725256,-17.934065934065757,-0.08791208791217286,1.0549450549451649,468.0,550.0,451.0
2024-11-10 19:10:22.086,45.802197802197725,-18.373626373626394,-0.08791208791217286,1.0549450549451649,468.0,550.0,451.0
2024-11-10 19:10:22.599,46.76923076923072,-18.72527472527463,-0.08791208791217286,1.0549450549451649,469.0,549.0,451.0
2024-11-10 19:10:23.095,47.73626373626371,-19.16483516483504,-0.08791208791217286,1.0549450549451649,468.0,549.0,451.0
2024-11-10 19:10:23.607,48.791208791208646,-19.516483516483504,-0.08791208791217286,1.0549450549451649,468.0,550.0,450.0
2024-11-10 19:10:24.119,49.75824175824164,-19.956043956043914,-0.08791208791217286,1.0549450549451649,469.0,550.0,450.0
2024-11-10 19:10:24.631,50.8131868131868,-20.395604395604323,-0.08791208791217286,1.0549450549451649,469.0,550.0,449.0
2024-11-10 19:10:25.128,51.780219780219795,-20.74725274725256,0.0,1.0549450549451649,469.0,550.0,449.0
2024-11-10 19:10:25.639,52.659340659340614,-21.186813186813197,-0.08791208791217286,1.0549450549451649,469.0,550.0,449.0
2024-11-10 19:10:26.167,53.71428571428555,-21.45054945054926,-0.08791208791217286,1.0549450549451649,469.0,550.0,448.0
2024-11-10 19:10:26.663,54.76923076923072,-21.978021978021843,-0.08791208791217286,1.0549450549451649,469.0,550.0,448.0
2024-11-10 19:10:27.160,55.824175824175654,-22.329670329670307,-0.08791208791217286,1.0549450549451649,469.0,550.0,448.0
2024-11-10 19:10:27.671,56.7032967032967,-22.769230769230717,-0.08791208791217286,1.0549450549451649,469.0,550.0,447.0
2024-11-10 19:10:28.184,57.75824175824164,-23.120879120878953,-0.08791208791217286,1.0549450549451649,470.0,550.0,447.0
2024-11-10 19:10:28.680,58.8131868131868,-23.56043956043959,-0.08791208791217286,1.0549450549451649,470.0,550.0,447.0
2024-11-10 19:10:29.192,59.780219780219795,-23.912087912087827,0.0,1.0549450549451649,470.0,551.0,447.0
2024-11-10 19:10:29.689,60.74725274725256,-24.26373626373629,-0.08791208791217286,1.0549450549451649,470.0,551.0,447.0
2024-11-10 19:10:30.200,61.71428571428555,-24.791208791208646,-0.08791208791217286,1.0549450549451649,470.0,551.0,446.0
2024-11-10 19:10:30.728,-1836.7912087912089,-25.14285714285711,-0.08791208791217286,1.0549450549451649,471.0,551.0,446.0
2024-11-10 19:10:31.225,63.73626373626371,-25.58241758241752,-0.08791208791217286,1.0549450549451649,471.0,550.0,446.0
2024-11-10 19:10:31.720,64.7032967032967,-25.934065934065757,-0.08791208791217286,1.0549450549451649,471.0,551.0,445.0
2024-11-10 19:10:32.233,65.75824175824164,-26.373626373626394,-0.08791208791217286,1.0549450549451649,471.0,551.0,445.0
2024-11-10 19:10:32.745,66.72527472527463,-26.72527472527463,0.0,1.0549450549451649,471.0,551.0,444.0
2024-11-10 19:10:33.257,67.7802197802198,-27.16483516483504,-0.08791208791217286,1.0549450549451649,471.0,551.0,444.0
2024-11-10 19:10:33.769,68.57142857142844,-27.516483516483504,-0.08791208791217286,1.0549450549451649,471.0,551.0,444.0
2024-11-10 19:10:34.264,69.71428571428555,-27.956043956043914,-0.08791208791217286,1.0549450549451649,472.0,551.0,443.0
2024-11-10 19:10:34.779,70.68131868131854,-28.395604395604323,-0.08791208791217286,1.0549450549451649,472.0,551.0,443.0
2024-11-10 19:10:35.289,71.73626373626371,-28.74725274725256,-0.08791208791217286,1.0549450549451649,472.0,551.0,443.0
2024-11-10 19:10:35.802,72.7032967032967,-29.186813186813197,-0.08791208791217286,1.0549450549451649,472.0,551.0,442.0
2024-11-10 19:10:36.298,73.58241758241752,-29.538461538461434,-0.08791208791217286,1.0549450549451649,473.0,552.0,442.0
2024-11-10 19:10:36.794,74.72527472527463,-29.978021978021843,-0.08791208791217286,1.0549450549451649,472.0,552.0,441.0
2024-11-10 19:10:37.322,75.7802197802198,-30.329670329670307,-0.08791208791217286,1.0549450549451649,473.0,552.0,441.0
2024-11-10 19:10:37.818,76.65934065934061,-30.769230769230717,0.0,1.0549450549451649,473.0,552.0,441.0
2024-11-10 19:10:38.314,77.6263736263736,-31.120879120878953,-0.08791208791217286,1.0549450549451649,474.0,552.0,440.0
2024-11-10 19:10:38.842,78.50549450549443,-31.56043956043959,-0.08791208791217286,1.0549450549451649,473.0,552.0,440.0
2024-11-10 19:10:39.338,79.64835164835154,-31.912087912087827,-0.08791208791217286,1.0549450549451649,474.0,552.0,439.0
2024-11-10 19:10:39.850,80.61538461538453,-32.35164835164824,-0.08791208791217286,1.0549450549451649,474.0,552.0,439.0
2024-11-10 19:10:40.362,81.67032967032969,-32.791208791208646,-0.08791208791217286,1.0549450549451649,474.0,552.0,438.0
2024-11-10 19:10:40.858,82.72527472527463,-33.14285714285711,-0.08791208791217286,1.0549450549451649,474.0,552.0,438.0
2024-11-10 19:10:41.355,83.69230769230762,-33.58241758241752,-0.08791208791217286,1.0549450549451649,474.0,553.0,438.0
2024-11-10 19:10:41.871,84.65934065934061,-33.93406593406576,-0.08791208791217286,1.0549450549451649,474.0,552.0,437.0
2024-11-10 19:10:42.378,85.6263736263736,-34.373626373626394,-0.08791208791217286,1.0549450549451649,474.0,553.0,437.0
2024-11-10 19:10:42.890,86.5934065934066,-34.72527472527463,-0.08791208791217286,1.0549450549451649,474.0,553.0,437.0
2024-11-10 19:10:43.387,87.73626373626371,-35.16483516483504,-0.08791208791217286,1.0549450549451649,475.0,553.0,436.0
2024-11-10 19:10:43.899,88.7032967032967,-35.516483516483504,-0.08791208791217286,1.0549450549451649,475.0,553.0,435.0
2024-11-10 19:10:44.395,89.58241758241752,-35.956043956043914,-0.08791208791217286,1.0549450549451649,475.0,553.0,435.0
2024-11-10 19:10:44.907,90.63736263736246,-36.483516483516496,-0.08791208791217286,1.0549450549451649,475.0,553.0,435.0
2024-11-10 19:10:45.435,91.60439560439545,-36.74725274725256,-0.08791208791217286,1.0549450549451649,475.0,553.0,434.0
2024-11-10 19:10:45.915,92.65934065934061,-37.1868131868132,-0.08791208791217286,1.0549450549451649,475.0,553.0,434.0
2024-11-10 19:10:46.459,93.53846153846143,-37.53846153846143,-0.08791208791217286,1.0549450549451649,476.0,553.0,433.0
2024-11-10 19:10:46.943,94.68131868131854,-37.97802197802184,-0.08791208791217286,1.0549450549451649,476.0,553.0,433.0
2024-11-10 19:10:47.452,95.64835164835154,-38.32967032967031,0.0,1.0549450549451649,476.0,554.0,432.0
2024-11-10 19:10:47.948,96.61538461538453,-38.76923076923072,-0.08791208791217286,1.0549450549451649,476.0,554.0,432.0
2024-11-10 19:10:48.476,97.58241758241752,-39.12087912087895,-0.08791208791217286,1.0549450549451649,477.0,554.0,432.0
2024-11-10 19:10:48.956,98.63736263736246,-39.56043956043959,-0.08791208791217286,1.0549450549451649,477.0,554.0,431.0
2024-11-10 19:10:49.468,99.60439560439545,-39.824175824175654,-0.08791208791217286,1.0549450549451649,477.0,554.0,431.0
2024-11-10 19:10:49.980,100.57142857142844,-40.35164835164824,-0.08791208791217286,1.0549450549451649,477.0,553.0,430.0
2024-11-10 19:10:50.491,101.53846153846143,-40.791208791208646,-0.08791208791217286,1.0549450549451649,477.0,554.0,429.0
2024-11-10 19:10:51.004,102.5934065934066,-41.14285714285711,-0.08791208791217286,1.0549450549451649,478.0,554.0,429.0
2024-11-10 19:10:51.515,103.56043956043959,-41.58241758241752,-0.08791208791217286,1.0549450549451649,478.0,554.0,428.0
2024-11-10 19:10:52.012,104.61538461538453,-41.93406593406576,-0.08791208791217286,1.0549450549451649,478.0,554.0,428.0
2024-11-10 19:10:52.508,105.67032967032969,-42.373626373626394,-0.08791208791217286,1.0549450549451649,478.0,554.0,427.0
2024-11-10 19:10:53.020,106.72527472527463,-42.72527472527463,-0.08791208791217286,1.0549450549451649,479.0,554.0,427.0
2024-11-10 19:10:53.532,107.69230769230762,-43.16483516483504,-0.08791208791217286,1.0549450549451649,479.0,554.0,426.0
2024-11-10 19:10:54.028,108.65934065934061,-43.516483516483504,-0.08791208791217286,1.0549450549451649,479.0,554.0,425.0
2024-11-10 19:10:54.572,109.6263736263736,-43.956043956043914,-0.08791208791217286,1.0549450549451649,480.0,554.0,425.0
2024-11-10 19:10:55.053,110.5934065934066,-44.39560439560432,-0.08791208791217286,1.0549450549451649,480.0,554.0,424.0
2024-11-10 19:10:55.548,111.64835164835154,-44.74725274725256,-0.08791208791217286,1.0549450549451649,480.0,554.0,424.0
2024-11-10 19:10:56.060,112.52747252747236,-45.1868131868132,-0.08791208791217286,1.0549450549451649,480.0,554.0,423.0
2024-11-10 19:10:56.588,113.58241758241752,-45.53846153846143,-0.08791208791217286,1.0549450549451649,480.0,554.0,423.0
2024-11-10 19:10:57.084,114.54945054945051,-45.97802197802184,-0.08791208791217286,1.0549450549451649,481.0,555.0,422.0
2024-11-10 19:10:57.596,115.5164835164835,-46.32967032967031,-0.08791208791217286,1.0549450549451649,481.0,555.0,422.0
2024-11-10 19:10:58.109,116.39560439560432,-46.76923076923072,-0.08791208791217286,1.0549450549451649,481.0,554.0,421.0
2024-11-10 19:10:58.589,117.53846153846143,-47.12087912087895,-0.08791208791217286,1.0549450549451649,481.0,555.0,421.0
2024-11-10 19:10:59.102,118.5934065934066,-47.56043956043959,-0.08791208791217286,1.0549450549451649,481.0,555.0,420.0
2024-11-10 19:10:59.613,119.47252747252742,-47.91208791208783,-0.08791208791217286,1.0549450549451649,481.0,555.0,419.0
2024-11-10 19:11:00.109,120.52747252747236,-48.35164835164824,-0.08791208791217286,1.0549450549451649,481.0,555.0,419.0
2024-11-10 19:11:00.622,121.49450549450535,-48.791208791208646,-0.08791208791217286,1.0549450549451649,481.0,555.0,419.0
2024-11-10 19:11:01.149,122.63736263736246,-49.14285714285711,-0.08791208791217286,1.0549450549451649,482.0,555.0,418.0
2024-11-10 19:11:01.661,123.42857142857133,-49.58241758241752,-0.08791208791217286,1.0549450549451649,482.0,555.0,417.0
2024-11-10 19:11:02.142,124.4835164835165,-49.93406593406576,-0.08791208791217286,1.0549450549451649,482.0,555.0,417.0
2024-11-10 19:11:02.653,125.53846153846143,-50.373626373626394,-0.08791208791217286,1.0549450549451649,483.0,556.0,416.0
2024-11-10 19:11:03.165,126.50549450549443,-50.72527472527463,-0.08791208791217286,1.0549450549451649,483.0,556.0,415.0
2024-11-10 19:11:03.662,127.56043956043959,-51.076923076923094,-0.08791208791217286,1.0549450549451649,483.0,555.0,415.0
2024-11-10 19:11:04.174,128.52747252747236,-51.516483516483504,-0.08791208791217286,1.0549450549451649,483.0,556.0,414.0
2024-11-10 19:11:04.670,129.49450549450535,-51.956043956043914,-0.08791208791217286,1.0549450549451649,483.0,556.0,414.0
2024-11-10 19:11:05.198,130.5494505494505,-52.39560439560432,-0.08791208791217286,1.0549450549451649,484.0,556.0,413.0
2024-11-10 19:11:05.694,131.5164835164835,-52.74725274725256,-0.08791208791217286,1.0549450549451649,484.0,556.0,412.0
2024-11-10 19:11:06.222,132.4835164835165,-53.1868131868132,-0.08791208791217286,1.0549450549451649,484.0,556.0,412.0
2024-11-10 19:11:06.718,133.53846153846143,-53.53846153846143,0.0,1.0549450549451649,485.0,556.0,411.0
2024-11-10 19:11:07.230,134.50549450549443,-53.97802197802184,-0.08791208791217286,1.0549450549451649,485.0,556.0,410.0
2024-11-10 19:11:07.726,135.5604395604396,-54.32967032967031,-0.08791208791217286,1.0549450549451649,485.0,556.0,410.0
2024-11-10 19:11:08.239,136.52747252747236,-54.76923076923072,-0.08791208791217286,1.0549450549451649,485.0,555.0,409.0
2024-11-10 19:11:08.734,137.49450549450535,-55.12087912087895,-0.08791208791217286,1.0549450549451649,485.0,556.0,409.0
2024-11-10 19:11:09.263,138.63736263736246,-55.56043956043959,-0.08791208791217286,1.0549450549451649,486.0,556.0,408.0
2024-11-10 19:11:09.743,139.5164835164835,-55.91208791208783,-0.08791208791217286,1.0549450549451649,486.0,556.0,407.0
2024-11-10 19:11:10.255,140.39560439560432,-56.35164835164824,-0.08791208791217286,1.0549450549451649,486.0,556.0,406.0
2024-11-10 19:11:10.767,141.53846153846143,-56.791208791208646,-0.08791208791217286,1.0549450549451649,486.0,556.0,406.0
2024-11-10 19:11:11.279,142.41758241758225,-57.14285714285711,-0.08791208791217286,1.0549450549451649,486.0,556.0,405.0
2024-11-10 19:11:11.775,143.47252747252742,-57.58241758241752,-0.08791208791217286,1.0549450549451649,487.0,556.0,404.0
2024-11-10 19:11:12.287,144.4395604395604,-57.93406593406576,-0.08791208791217286,1.0549450549451649,487.0,556.0,403.0
2024-11-10 19:11:12.815,145.49450549450535,-58.373626373626394,-0.08791208791217286,1.0549450549451649,488.0,556.0,402.0
2024-11-10 19:11:13.327,146.46153846153834,-58.72527472527463,-0.08791208791217286,1.0549450549451649,488.0,556.0,402.0
2024-11-10 19:11:13.807,147.60439560439545,-59.16483516483504,-0.08791208791217286,1.0549450549451649,488.0,556.0,401.0
2024-11-10 19:11:14.319,148.39560439560432,-59.516483516483504,-0.08791208791217286,1.0549450549451649,488.0,556.0,400.0
2024-11-10 19:11:14.833,149.36263736263732,-59.956043956043914,-0.08791208791217286,1.0549450549451649,489.0,556.0,399.0
2024-11-10 19:11:15.329,148.9230769230769,-59.69230769230762,-0.08791208791217286,1.0549450549451649,488.0,556.0,400.0
2024-11-10 19:11:15.839,147.9560439560439,-59.34065934065916,-0.08791208791217286,1.0549450549451649,488.0,556.0,401.0
2024-11-10 19:11:16.384,147.0769230769231,-58.90109890109875,-0.08791208791217286,1.0549450549451649,488.0,556.0,402.0
2024-11-10 19:11:16.848,146.02197802197793,-58.54945054945051,0.0,-1312.923076923077,487.0,555.0,404.0
2024-11-10 19:11:17.360,144.967032967033,-58.1098901098901,-0.08791208791217286,1.0549450549451649,487.0,555.0,405.0
2024-11-10 19:11:17.874,144.08791208791195,-57.75824175824164,-0.08791208791217286,1.0549450549451649,487.0,555.0,406.0
2024-11-10 19:11:18.383,142.94505494505484,-57.31868131868123,-0.08791208791217286,1.0549450549451649,486.0,555.0,408.0
2024-11-10 19:11:18.879,142.06593406593402,-56.96703296703299,-0.08791208791217286,1.0549450549451649,486.0,555.0,409.0
2024-11-10 19:11:19.392,141.01098901098885,-56.527472527472355,-0.08791208791217286,1.0549450549451649,486.0,555.0,410.0
2024-11-10 19:11:19.888,140.04395604395586,-56.087912087911945,-0.08791208791217286,1.0549450549451649,485.0,555.0,412.0
2024-11-10 19:11:20.400,139.0769230769231,-55.73626373626371,-0.08791208791217286,1.0549450549451649,485.0,554.0,412.0
2024-11-10 19:11:20.913,138.1098901098901,-55.2967032967033,-0.08791208791217286,1.0549450549451649,484.0,554.0,414.0
2024-11-10 19:11:21.425,137.05494505494494,-54.945054945054835,-0.08791208791217286,1.0549450549451649,484.0,554.0,415.0
2024-11-10 19:11:21.937,136.0,-54.505494505494426,-0.08791208791217286,1.0549450549451649,484.0,554.0,416.0
2024-11-10 19:11:22.432,135.032967032967,-54.15384615384596,-0.08791208791217286,1.0549450549451649,483.0,553.0,416.0
2024-11-10 19:11:23.023,134.06593406593402,-53.71428571428555,-0.08791208791217286,1.0549450549451649,483.0,554.0,417.0
2024-11-10 19:11:23.441,133.01098901098885,-53.362637362637315,-0.08791208791217286,1.0549450549451649,483.0,553.0,418.0
2024-11-10 19:11:23.953,132.04395604395586,-52.923076923076906,-0.08791208791217286,1.0549450549451649,483.0,553.0,419.0
2024-11-10 19:11:24.465,131.0769230769231,-52.57142857142844,-0.08791208791217286,1.1428571428571104,483.0,553.0,419.0
2024-11-10 19:11:24.961,130.02197802197793,-52.13186813186803,-0.08791208791217286,1.0549450549451649,482.0,553.0,420.0
2024-11-10 19:11:25.473,129.05494505494494,-51.69230769230762,-0.08791208791217286,1.0549450549451649,482.0,553.0,421.0
2024-11-10 19:11:25.970,128.08791208791195,-51.34065934065916,-0.08791208791217286,1.0549450549451649,482.0,553.0,422.0
2024-11-10 19:11:26.497,127.03296703296701,-50.90109890109875,-0.08791208791217286,1.0549450549451649,482.0,553.0,422.0
2024-11-10 19:11:26.994,126.06593406593402,-50.54945054945051,-0.08791208791217286,1.0549450549451649,481.0,553.0,423.0
2024-11-10 19:11:27.490,125.01098901098885,-50.1098901098901,-0.08791208791217286,1.0549450549451649,481.0,552.0,424.0
2024-11-10 19:11:28.001,124.04395604395586,-49.75824175824164,-0.08791208791217286,1.0549450549451649,481.0,553.0,425.0
2024-11-10 19:11:28.514,123.0769230769231,-49.31868131868123,-0.08791208791217286,1.0549450549451649,481.0,552.0,425.0
2024-11-10 19:11:29.026,122.1098901098901,-48.96703296703299,-0.08791208791217286,1.0549450549451649,480.0,552.0,425.0
2024-11-10 19:11:29.522,121.05494505494494,-48.527472527472355,-0.08791208791217286,1.0549450549451649,480.0,552.0,426.0
2024-11-10 19:11:30.050,120.08791208791195,-48.087912087911945,-0.08791208791217286,1.0549450549451649,480.0,552.0,427.0
2024-11-10 19:11:30.562,119.03296703296701,-47.73626373626371,-0.08791208791217286,1.0549450549451649,480.0,552.0,428.0
2024-11-10 19:11:31.042,118.06593406593402,-47.2967032967033,-0.08791208791217286,1.0549450549451649,479.0,552.0,428.0
2024-11-10 19:11:31.554,117.09890109890102,-46.945054945054835,-0.08791208791217286,1.0549450549451649,479.0,552.0,429.0
2024-11-10 19:11:32.098,116.13186813186803,-46.505494505494426,-0.08791208791217286,1.0549450549451649,479.0,552.0,429.0
2024-11-10 19:11:32.563,115.16483516483504,-46.15384615384596,-0.08791208791217286,1.0549450549451649,479.0,552.0,430.0
2024-11-10 19:11:33.107,114.02197802197793,-45.71428571428555,-0.08791208791217286,1.0549450549451649,479.0,552.0,431.0
2024-11-10 19:11:33.587,113.05494505494494,-45.362637362637315,-0.08791208791217286,1.0549450549451649,478.0,551.0,431.0
2024-11-10 19:11:34.099,112.08791208791195,-44.923076923076906,-0.08791208791217286,1.0549450549451649,478.0,551.0,432.0
2024-11-10 19:11:34.610,111.03296703296701,-44.57142857142844,-0.08791208791217286,1.0549450549451649,478.0,551.0,432.0
2024-11-10 19:11:35.123,110.06593406593402,-44.13186813186803,-0.08791208791217286,1.0549450549451649,478.0,551.0,433.0
2024-11-10 19:11:35.635,109.09890109890102,-43.69230769230762,-0.08791208791217286,1.0549450549451649,477.0,551.0,434.0
2024-11-10 19:11:36.131,108.04395604395586,-43.34065934065916,-0.08791208791217286,1.0549450549451649,477.0,551.0,434.0
2024-11-10 19:11:36.627,107.0769230769231,-42.90109890109875,-0.08791208791217286,1.0549450549451649,477.0,551.0,435.0
2024-11-10 19:11:37.171,106.02197802197793,-42.54945054945051,-0.08791208791217286,1.0549450549451649,477.0,551.0,435.0
2024-11-10 19:11:37.635,105.05494505494494,-42.1098901098901,0.0,1.0549450549451649,476.0,551.0,436.0
2024-11-10 19:11:38.163,104.08791208791195,-41.75824175824164,-0.08791208791217286,1.0549450549451649,476.0,550.0,437.0
2024-11-10 19:11:38.691,103.12087912087895,-41.31868131868123,-1887.9560439560441,1.0549450549451649,476.0,551.0,437.0
2024-11-10 19:11:39.155,102.06593406593402,-40.96703296703299,-0.08791208791217286,1.0549450549451649,476.0,550.0,437.0
2024-11-10 19:11:39.684,101.09890109890102,-40.527472527472355,-0.08791208791217286,1.0549450549451649,476.0,550.0,438.0
2024-11-10 19:11:40.211,100.04395604395586,-40.087912087911945,-0.08791208791217286,1.0549450549451649,476.0,550.0,438.0
2024-11-10 19:11:40.675,99.0769230769231,-39.73626373626371,-0.08791208791217286,1.0549450549451649,476.0,550.0,439.0
2024-11-10 19:11:41.204,98.02197802197793,-39.2967032967033,-0.08791208791217286,1.0549450549451649,475.0,550.0,439.0
2024-11-10 19:11:41.699,97.05494505494494,-38.945054945054835,-0.08791208791217286,1.0549450549451649,475.0,550.0,439.0
2024-11-10 19:11:42.196,96.08791208791195,-38.505494505494426,-0.08791208791217286,1.0549450549451649,475.0,550.0,440.0
2024-11-10 19:11:42.723,95.12087912087895,-38.15384615384596,-0.08791208791217286,1.0549450549451649,475.0,550.0,441.0
2024-11-10 19:11:43.220,94.06593406593402,-37.71428571428555,-0.08791208791217286,1.0549450549451649,474.0,550.0,441.0
2024-11-10 19:11:43.716,93.09890109890102,-37.362637362637315,-0.08791208791217286,1.0549450549451649,474.0,549.0,442.0
2024-11-10 19:11:44.245,92.13186813186803,-36.923076923076906,-0.08791208791217286,1.0549450549451649,474.0,549.0,442.0
2024-11-10 19:11:44.756,91.16483516483504,-36.57142857142844,-0.08791208791217286,1.0549450549451649,474.0,549.0,442.0
2024-11-10 19:11:45.252,90.1098901098901,-36.13186813186803,-0.08791208791217286,1.0549450549451649,473.0,549.0,443.0
2024-11-10 19:11:45.749,89.05494505494494,-35.69230769230762,-0.08791208791217286,1.0549450549451649,473.0,549.0,443.0
2024-11-10 19:11:46.260,88.08791208791195,-35.34065934065916,-0.08791208791217286,1.0549450549451649,473.0,549.0,444.0
2024-11-10 19:11:46.773,87.12087912087895,-34.90109890109875,-0.08791208791217286,1.0549450549451649,473.0,549.0,444.0
2024-11-10 19:11:47.269,86.15384615384596,-34.54945054945051,-0.08791208791217286,1.0549450549451649,473.0,549.0,445.0
2024-11-10 19:11:47.781,85.1868131868132,-34.1098901098901,-0.08791208791217286,1.0549450549451649,473.0,549.0,445.0
2024-11-10 19:11:48.293,84.04395604395586,-33.75824175824164,-0.08791208791217286,1.0549450549451649,472.0,548.0,446.0
2024-11-10 19:11:48.789,83.0769230769231,-33.31868131868123,-0.08791208791217286,1.0549450549451649,472.0,549.0,446.0
2024-11-10 19:11:49.301,82.1098901098901,-32.96703296703299,-0.08791208791217286,1.0549450549451649,472.0,549.0,446.0
2024-11-10 19:11:49.813,81.14285714285711,-32.527472527472355,-0.08791208791217286,1.0549450549451649,472.0,548.0,447.0
2024-11-10 19:11:50.330,80.17582417582412,-32.087912087911945,-0.08791208791217286,1.0549450549451649,472.0,548.0,447.0
2024-11-10 19:11:50.822,79.12087912087895,-31.73626373626371,-0.08791208791217286,1.0549450549451649,472.0,548.0,448.0
2024-11-10 19:11:51.334,78.06593406593402,-31.2967032967033,-0.08791208791217286,1.0549450549451649,471.0,548.0,448.0
2024-11-10 19:11:51.830,77.09890109890102,-30.945054945054835,-0.08791208791217286,1.0549450549451649,471.0,548.0,448.0
2024-11-10 19:11:52.342,76.13186813186803,-30.505494505494426,-0.08791208791217286,1.0549450549451649,471.0,548.0,448.0
2024-11-10 19:11:52.853,75.16483516483504,-30.15384615384596,-0.08791208791217286,1.0549450549451649,471.0,548.0,449.0
2024-11-10 19:11:53.350,74.1098901098901,-29.714285714285552,-0.08791208791217286,1.0549450549451649,471.0,547.0,450.0
2024-11-10 19:11:53.878,73.05494505494494,-29.362637362637315,-0.08791208791217286,1.0549450549451649,471.0,548.0,450.0
2024-11-10 19:11:54.374,72.17582417582412,-28.923076923076906,-0.08791208791217286,1.0549450549451649,470.0,548.0,451.0
2024-11-10 19:11:54.870,71.12087912087895,-28.57142857142844,-0.08791208791217286,1.0549450549451649,470.0,548.0,450.0
2024-11-10 19:11:55.382,70.24175824175813,-28.131868131868032,-0.08791208791217286,1.0549450549451649,470.0,548.0,451.0
2024-11-10 19:11:55.893,69.09890109890102,-27.692307692307622,-0.08791208791217286,1.0549450549451649,470.0,547.0,451.0
2024-11-10 19:11:56.406,68.2197802197802,-27.34065934065916,-0.08791208791217286,1.0549450549451649,470.0,547.0,452.0
2024-11-10 19:11:56.902,67.16483516483504,-26.90109890109875,-0.08791208791217286,1.0549450549451649,470.0,548.0,452.0
2024-11-10 19:11:57.415,66.19780219780205,-26.549450549450512,-0.08791208791217286,1.0549450549451649,470.0,547.0,452.0
2024-11-10 19:11:57.926,65.14285714285711,-26.109890109890102,-0.08791208791217286,1.0549450549451649,469.0,547.0,453.0
2024-11-10 19:11:58.438,64.26373626373629,-25.75824175824164,0.0,1.0549450549451649,469.0,547.0,453.0
2024-11-10 19:11:58.934,63.208791208791126,-25.31868131868123,-0.08791208791217286,1.0549450549451649,469.0,547.0,453.0
2024-11-10 19:11:59.430,62.241758241758134,-24.967032967032992,-0.08791208791217286,1.0549450549451649,469.0,547.0,454.0
2024-11-10 19:11:59.959,61.098901098901024,-24.527472527472355,-0.08791208791217286,1.0549450549451649,469.0,547.0,454.0
2024-11-10 19:12:00.455,60.219780219780205,-24.087912087911945,-0.08791208791217286,1.0549450549451649,469.0,547.0,454.0
2024-11-10 19:12:00.967,59.16483516483504,-23.73626373626371,-0.08791208791217286,1.0549450549451649,468.0,547.0,454.0
2024-11-10 19:12:01.528,58.19780219780205,-23.2967032967033,-0.08791208791217286,1.0549450549451649,468.0,547.0,455.0
2024-11-10 19:12:01.974,57.230769230769056,-22.945054945054835,-0.08791208791217286,0.967032967032992,468.0,546.0,455.0
2024-11-10 19:12:02.487,56.17582417582412,-22.505494505494426,-0.08791208791217286,1.0549450549451649,468.0,547.0,455.0
2024-11-10 19:12:02.983,55.208791208791126,-22.15384615384596,-0.08791208791217286,1.0549450549451649,468.0,547.0,456.0
2024-11-10 19:12:03.495,54.15384615384596,-21.714285714285552,-0.08791208791217286,1.0549450549451649,468.0,546.0,456.0
2024-11-10 19:12:04.023,53.1868131868132,-21.362637362637315,-0.08791208791217286,1.0549450549451649,467.0,546.0,456.0
2024-11-10 19:12:04.520,52.13186813186803,-20.923076923076906,-0.08791208791217286,1.0549450549451649,467.0,546.0,456.0
2024-11-10 19:12:05.017,51.25274725274721,-20.57142857142844,-0.08791208791217286,1.0549450549451649,467.0,546.0,457.0
2024-11-10 19:12:05.530,50.1098901098901,-20.131868131868032,-0.08791208791217286,1.0549450549451649,467.0,546.0,457.0
2024-11-10 19:12:06.056,49.14285714285711,-19.692307692307622,-0.08791208791217286,1.0549450549451649,467.0,546.0,457.0
2024-11-10 19:12:06.535,48.26373626373629,-19.34065934065916,-0.08791208791217286,1.0549450549451649,467.0,546.0,458.0
2024-11-10 19:12:07.048,47.208791208791126,-18.90109890109875,-0.08791208791217286,1.0549450549451649,466.0,546.0,458.0
2024-11-10 19:12:07.544,46.15384615384596,-18.549450549450512,-0.08791208791217286,1.0549450549451649,466.0,546.0,458.0
2024-11-10 19:12:08.056,45.27472527472514,-18.109890109890102,-0.08791208791217286,1.0549450549451649,466.0,546.0,458.0
2024-11-10 19:12:08.568,44.219780219780205,-17.75824175824164,-0.08791208791217286,1.0549450549451649,466.0,546.0,458.0
2024-11-10 19:12:09.097,43.16483516483504,-17.31868131868123,-0.08791208791217286,1.0549450549451649,466.0,546.0,458.0
2024-11-10 19:12:09.592,42.19780219780205,-16.967032967032992,-0.08791208791217286,0.967032967032992,466.0,546.0,458.0
2024-11-10 19:12:10.105,41.05494505494494,-16.527472527472355,-0.08791208791217286,0.967032967032992,466.0,546.0,459.0
2024-11-10 19:12:10.601,40.087912087911945,-16.087912087911945,0.0,0.967032967032992,466.0,546.0,459.0
2024-11-10 19:12:11.113,39.12087912087895,-15.736263736263709,0.0,0.967032967032992,465.0,546.0,459.0
2024-11-10 19:12:11.624,38.32967032967031,-15.2967032967033,-0.08791208791217286,0.967032967032992,465.0,546.0,459.0
2024-11-10 19:12:12.170,37.098901098901024,-14.945054945054835,-0.08791208791217286,0.967032967032992,465.0,546.0,459.0
2024-11-10 19:12:12.617,36.13186813186803,-14.505494505494426,-0.08791208791217286,0.967032967032992,465.0,546.0,460.0
2024-11-10 19:12:13.145,35.16483516483504,-14.241758241758134,-0.08791208791217286,0.967032967032992,465.0,546.0,460.0
2024-11-10 19:12:13.641,34.19780219780205,-13.714285714285552,-0.08791208791217286,0.967032967032992,465.0,546.0,460.0
2024-11-10 19:12:14.153,33.14285714285711,-13.362637362637315,-0.08791208791217286,0.967032967032992,464.0,546.0,460.0
2024-11-10 19:12:14.665,32.17582417582412,-12.923076923076906,-0.08791208791217286,0.8791208791208192,465.0,546.0,460.0
2024-11-10 19:12:15.161,31.208791208791126,-12.571428571428442,-0.08791208791217286,0.8791208791208192,464.0,546.0,460.0
2024-11-10 19:12:15.673,30.241758241758134,-12.131868131868032,-0.08791208791217286,0.8791208791208192,464.0,546.0,460.0
2024-11-10 19:12:16.189,29.186813186813197,-11.692307692307622,-0.08791208791217286,0.8791208791208192,464.0,546.0,460.0
2024-11-10 19:12:16.682,28.219780219780205,-11.428571428571331,-0.08791208791217286,0.8791208791208192,464.0,545.0,461.0
2024-11-10 19:12:17.209,27.16483516483504,-10.901098901098749,-0.08791208791217286,0.8791208791208192,464.0,546.0,460.0
2024-11-10 19:12:17.706,26.197802197802048,-10.549450549450512,-0.08791208791217286,0.8791208791208192,464.0,546.0,461.0
2024-11-10 19:12:18.218,25.230769230769056,-10.109890109890102,-0.08791208791217286,0.8791208791208192,464.0,545.0,461.0
2024-11-10 19:12:18.714,24.26373626373629,-9.758241758241638,-0.08791208791217286,0.8791208791208192,463.0,546.0,461.0
2024-11-10 19:12:19.210,23.120879120878953,-9.318681318681229,-0.08791208791217286,0.8791208791208192,463.0,545.0,461.0
2024-11-10 19:12:19.738,22.15384615384596,-8.967032967032992,-0.08791208791217286,0.8791208791208192,464.0,545.0,461.0
2024-11-10 19:12:20.250,21.098901098901024,-8.527472527472355,-0.08791208791217286,0.7912087912088737,464.0,546.0,461.0
2024-11-10 19:12:20.730,20.219780219780205,-8.087912087911945,-0.08791208791217286,0.7912087912088737,463.0,546.0,461.0
2024-11-10 19:12:21.242,19.16483516483504,-7.736263736263709,-0.08791208791217286,0.7912087912088737,463.0,545.0,461.0
2024-11-10 19:12:21.755,18.197802197802048,-7.296703296703299,-0.08791208791217286,0.7912087912088737,463.0,545.0,461.0
2024-11-10 19:12:22.284,17.14285714285711,-6.945054945054835,-0.08791208791217286,0.7912087912088737,463.0,545.0,462.0
2024-11-10 19:12:22.779,16.26373626373629,-6.5054945054944255,-0.08791208791217286,0.7912087912088737,463.0,546.0,461.0
2024-11-10 19:12:23.274,15.208791208791126,-6.1538461538459615,-0.08791208791217286,0.7912087912088737,463.0,545.0,462.0
2024-11-10 19:12:23.786,14.241758241758134,-5.714285714285552,-0.08791208791217286,0.7912087912088737,463.0,545.0,462.0
2024-11-10 19:12:24.298,13.098901098901024,-5.362637362637315,-0.08791208791217286,0.7912087912088737,463.0,545.0,461.0
2024-11-10 19:12:24.796,12.219780219780205,-4.923076923076906,-0.08791208791217286,0.7912087912088737,463.0,545.0,462.0
2024-11-10 19:12:25.307,11.252747252747213,-4.5714285714284415,-0.08791208791217286,0.7912087912088737,463.0,545.0,462.0
2024-11-10 19:12:25.803,10.28571428571422,-4.131868131868032,-0.08791208791217286,0.7912087912088737,463.0,545.0,462.0
2024-11-10 19:12:26.314,9.230769230769056,-3.6923076923076223,-0.08791208791217286,0.7912087912088737,463.0,545.0,462.0
2024-11-10 19:12:26.812,8.263736263736291,-3.3406593406591583,-0.08791208791217286,0.7912087912088737,463.0,545.0,462.0
2024-11-10 19:12:27.323,7.208791208791126,-2.9010989010987487,-0.08791208791217286,0.7912087912088737,463.0,545.0,462.0
2024-11-10 19:12:27.835,6.241758241758134,-2.549450549450512,-0.08791208791217286,0.7912087912088737,463.0,546.0,462.0
2024-11-10 19:12:28.364,5.098901098901024,-2.1098901098901024,-0.08791208791217286,0.7912087912088737,463.0,546.0,462.0
2024-11-10 19:12:28.843,4.219780219780205,-1.7582417582416383,-0.08791208791217286,0.7912087912088737,462.0,545.0,462.0
2024-11-10 19:12:29.372,3.16483516483504,-1.3186813186812287,-0.08791208791217286,0.7912087912088737,462.0,545.0,462.0
2024-11-10 19:12:29.868,2.197802197802048,-0.967032967032992,-0.08791208791217286,0.7912087912088737,463.0,545.0,462.0
2024-11-10 19:12:30.380,1.2307692307690559,-0.5274725274723551,-0.08791208791217286,0.7912087912088737,462.0,545.0,462.0
2024-11-10 19:12:30.892,0.08791208791194549,-0.08791208791194549,-0.08791208791217286,0.7912087912088737,463.0,545.0,462.0
2024-11-10 19:12:31.404,-0.3516483516484641,0.8791208791210465,-0.08791208791217286,0.7912087912088737,462.0,546.0,462.0
2024-11-10 19:12:31.900,-0.7912087912088737,1.8461538461540385,-0.08791208791217286,0.7912087912088737,462.0,546.0,463.0
2024-11-10 19:12:32.396,-1.1428571428573377,2.901098901098976,-0.08791208791217286,0.7912087912088737,462.0,545.0,463.0
2024-11-10 19:12:32.908,-1.5824175824177473,3.868131868131968,-0.08791208791217286,0.7912087912088737,462.0,545.0,463.0
2024-11-10 19:12:33.436,-1.934065934065984,4.83516483516496,-0.08791208791217286,0.7912087912088737,462.0,545.0,463.0
2024-11-10 19:12:33.916,-2.3736263736263936,5.890109890109898,-0.08791208791217286,0.7912087912088737,462.0,545.0,463.0
2024-11-10 19:12:34.428,-2.7252747252748577,6.85714285714289,-0.08791208791217286,0.7912087912088737,462.0,545.0,463.0
2024-11-10 19:12:34.940,-3.1648351648352673,7.9120879120880545,-0.08791208791217286,0.7912087912088737,462.0,545.0,463.0
2024-11-10 19:12:35.453,-3.516483516483504,8.879120879121047,-0.08791208791217286,0.7912087912088737,462.0,545.0,463.0
2024-11-10 19:12:35.949,-3.956043956044141,9.846153846154039,-0.08791208791217286,0.7912087912088737,461.0,545.0,463.0
2024-11-10 19:12:36.461,-4.3956043956045505,10.813186813186803,-0.08791208791217286,0.7912087912088737,461.0,545.0,463.0
2024-11-10 19:12:36.957,-4.747252747252787,11.868131868131968,-0.08791208791217286,0.7912087912088737,461.0,546.0,463.0
2024-11-10 19:12:37.469,-5.186813186813197,12.83516483516496,-0.08791208791217286,0.7912087912088737,461.0,545.0,464.0
2024-11-10 19:12:37.981,-5.538461538461661,13.890109890109898,-0.08791208791217286,0.7912087912088737,461.0,546.0,464.0
2024-11-10 19:12:38.493,-5.9780219780220705,14.85714285714289,-0.08791208791217286,0.7912087912088737,461.0,546.0,464.0
2024-11-10 19:12:38.990,-6.329670329670307,15.912087912088055,-0.08791208791217286,0.7912087912088737,460.0,545.0,464.0
2024-11-10 19:12:39.517,-6.769230769230944,16.879120879121047,-0.08791208791217286,0.7912087912088737,461.0,546.0,464.0
2024-11-10 19:12:39.998,-7.120879120879181,17.84615384615404,0.0,0.7912087912088737,460.0,546.0,464.0
2024-11-10 19:12:40.527,-7.56043956043959,18.813186813186803,-0.08791208791217286,0.7912087912088737,460.0,546.0,464.0
2024-11-10 19:12:41.054,-7.9120879120880545,19.780219780219795,-0.08791208791217286,0.7912087912088737,460.0,546.0,464.0
2024-11-10 19:12:41.517,-8.351648351648464,20.83516483516496,-0.08791208791217286,0.7912087912088737,460.0,545.0,464.0
2024-11-10 19:12:42.064,-8.791208791208874,21.890109890109898,-0.08791208791217286,0.7912087912088737,459.0,546.0,465.0
2024-11-10 19:12:42.542,-9.142857142857338,22.85714285714289,-0.08791208791217286,0.7912087912088737,460.0,546.0,465.0
2024-11-10 19:12:43.054,-9.582417582417747,23.912087912088055,-0.08791208791217286,0.7912087912088737,459.0,546.0,465.0
2024-11-10 19:12:43.550,-9.934065934065984,24.879120879121047,-0.08791208791217286,0.7912087912088737,459.0,546.0,465.0
2024-11-10 19:12:44.077,-10.373626373626394,25.84615384615404,-0.08791208791217286,0.7912087912088737,459.0,546.0,465.0
2024-11-10 19:12:44.574,-10.725274725274858,26.901098901098976,-0.08791208791217286,0.7912087912088737,459.0,546.0,465.0
2024-11-10 19:12:45.070,-11.164835164835267,27.868131868131968,-0.08791208791217286,0.7912087912088737,458.0,546.0,466.0
2024-11-10 19:12:45.582,-11.516483516483504,28.83516483516496,-0.08791208791217286,0.7912087912088737,458.0,546.0,466.0
2024-11-10 19:12:46.111,-11.956043956044141,29.890109890109898,-0.08791208791217286,0.7912087912088737,458.0,546.0,466.0
2024-11-10 19:12:46.591,-12.39560439560455,30.769230769230944,-0.08791208791217286,0.7912087912088737,458.0,546.0,466.0
2024-11-10 19:12:47.119,-12.747252747252787,31.82417582417588,-0.08791208791217286,0.7912087912088737,457.0,546.0,466.0
2024-11-10 19:12:47.614,-13.186813186813197,32.87912087912105,-0.08791208791217286,0.7912087912088737,457.0,546.0,466.0
2024-11-10 19:12:48.143,-13.538461538461661,33.84615384615404,-0.08791208791217286,0.7912087912088737,457.0,546.0,466.0
2024-11-10 19:12:48.623,-13.97802197802207,34.8131868131868,-0.08791208791217286,0.7912087912088737,456.0,546.0,467.0
2024-11-10 19:12:49.151,-14.329670329670307,35.86813186813197,-0.08791208791217286,0.7912087912088737,456.0,546.0,466.0
2024-11-10 19:12:49.631,-14.769230769230944,36.74725274725279,-0.08791208791217286,0.7912087912088737,456.0,546.0,468.0
2024-11-10 19:12:50.143,-15.12087912087918,37.8901098901099,-0.08791208791217286,0.7912087912088737,456.0,547.0,467.0
2024-11-10 19:12:50.654,-15.56043956043959,38.85714285714289,-0.08791208791217286,0.7912087912088737,456.0,547.0,467.0
2024-11-10 19:12:51.183,-15.912087912088055,39.82417582417588,-0.08791208791217286,0.7912087912088737,455.0,547.0,467.0
2024-11-10 19:12:51.680,-16.351648351648464,40.87912087912105,-0.08791208791217286,0.7912087912088737,455.0,547.0,467.0
2024-11-10 19:12:52.175,-16.791208791208874,41.84615384615404,-0.08791208791217286,0.7912087912088737,455.0,547.0,468.0
2024-11-10 19:12:52.704,-17.142857142857338,42.901098901098976,-0.08791208791217286,0.7912087912088737,454.0,547.0,468.0
2024-11-10 19:12:53.184,-17.582417582417747,43.86813186813197,-0.08791208791217286,0.7912087912088737,454.0,547.0,468.0
2024-11-10 19:12:53.696,-17.934065934065984,44.83516483516496,-0.08791208791217286,0.7912087912088737,454.0,547.0,468.0
2024-11-10 19:12:54.208,-18.373626373626394,45.80219780219795,-0.08791208791217286,0.7912087912088737,453.0,547.0,468.0
2024-11-10 19:12:54.735,-18.725274725274858,46.85714285714289,-0.08791208791217286,0.7912087912088737,453.0,547.0,469.0
2024-11-10 19:12:55.232,-19.164835164835267,47.912087912088055,-0.08791208791217286,0.7912087912088737,453.0,547.0,469.0
2024-11-10 19:12:55.729,-19.516483516483504,48.87912087912105,-0.08791208791217286,0.7912087912088737,453.0,547.0,469.0
2024-11-10 19:12:56.224,-19.95604395604414,49.758241758241866,-0.08791208791217286,0.7912087912088737,452.0,547.0,469.0
2024-11-10 19:12:56.736,-20.39560439560455,50.901098901098976,-0.08791208791217286,0.7912087912088737,452.0,547.0,469.0
2024-11-10 19:12:57.247,-20.747252747252787,51.780219780219795,-0.08791208791217286,0.7912087912088737,452.0,547.0,469.0
2024-11-10 19:12:57.744,-21.186813186813197,52.83516483516496,-0.08791208791217286,0.7912087912088737,451.0,547.0,469.0
2024-11-10 19:12:58.255,-21.53846153846166,53.80219780219795,-0.08791208791217286,0.7912087912088737,451.0,547.0,469.0
2024-11-10 19:12:58.768,-21.97802197802207,54.85714285714289,-0.08791208791217286,0.7912087912088737,451.0,547.0,469.0
2024-11-10 19:12:59.264,-22.329670329670307,55.82417582417588,-0.08791208791217286,0.7912087912088737,450.0,547.0,469.0
2024-11-10 19:12:59.793,-22.769230769230944,56.791208791208874,-0.08791208791217286,0.7912087912088737,450.0,547.0,470.0
2024-11-10 19:13:00.288,-23.12087912087918,57.84615384615404,-0.08791208791217286,0.7912087912088737,449.0,547.0,470.0
2024-11-10 19:13:00.800,-23.56043956043959,58.901098901098976,-0.08791208791217286,0.7912087912088737,450.0,547.0,470.0
2024-11-10 19:13:01.296,-23.912087912088055,59.780219780219795,-0.08791208791217286,0.7912087912088737,449.0,548.0,471.0
2024-11-10 19:13:01.809,-24.351648351648464,60.83516483516496,-0.08791208791217286,0.7912087912088737,449.0,548.0,471.0
2024-11-10 19:13:02.337,-24.791208791208874,61.8901098901099,-0.08791208791217286,0.7912087912088737,448.0,548.0,471.0
2024-11-10 19:13:02.817,-25.142857142857338,62.85714285714289,-0.08791208791217286,0.7912087912088737,448.0,548.0,471.0
2024-11-10 19:13:03.329,-25.582417582417747,63.82417582417588,-0.08791208791217286,0.7912087912088737,448.0,548.0,471.0
2024-11-10 19:13:03.841,-25.934065934065984,64.79120879120887,-0.08791208791217286,0.7912087912088737,447.0,548.0,471.0
2024-11-10 19:13:04.337,-26.373626373626394,65.84615384615404,-0.08791208791217286,0.7912087912088737,447.0,548.0,471.0
2024-11-10 19:13:04.865,-26.725274725274858,66.8131868131868,-0.08791208791217286,0.7912087912088737,446.0,548.0,472.0
2024-11-10 19:13:05.362,-27.164835164835267,67.7802197802198,-0.08791208791217286,0.7912087912088737,446.0,548.0,472.0
2024-11-10 19:13:05.857,-27.516483516483504,68.83516483516496,-0.08791208791217286,0.7912087912088737,446.0,548.0,472.0
2024-11-10 19:13:06.370,-27.95604395604414,69.80219780219795,-0.08791208791217286,0.7912087912088737,446.0,548.0,472.0
2024-11-10 19:13:06.898,-28.39560439560455,70.76923076923094,-0.08791208791217286,0.7912087912088737,445.0,548.0,472.0
2024-11-10 19:13:07.393,-28.747252747252787,71.82417582417588,-0.08791208791217286,0.7912087912088737,444.0,548.0,472.0
2024-11-10 19:13:07.906,-29.186813186813197,72.79120879120887,-0.08791208791217286,0.7912087912088737,444.0,548.0,472.0
2024-11-10 19:13:08.417,-29.53846153846166,73.84615384615404,0.0,0.7912087912088737,444.0,549.0,472.0
2024-11-10 19:13:08.914,-29.97802197802207,74.8131868131868,-0.08791208791217286,0.7912087912088737,444.0,549.0,473.0
2024-11-10 19:13:09.409,-30.329670329670307,75.86813186813197,-0.08791208791217286,0.7912087912088737,443.0,549.0,473.0
2024-11-10 19:13:09.923,-30.769230769230944,76.74725274725279,-0.08791208791217286,0.7912087912088737,443.0,549.0,473.0
2024-11-10 19:13:10.434,-31.12087912087918,77.80219780219795,-0.08791208791217286,0.7912087912088737,443.0,549.0,473.0
2024-11-10 19:13:10.930,-31.56043956043959,78.76923076923094,-0.08791208791217286,0.7912087912088737,442.0,549.0,473.0
2024-11-10 19:13:11.442,-31.912087912088055,79.73626373626371,0.0,0.7912087912088737,442.0,549.0,473.0
2024-11-10 19:13:11.954,-32.351648351648464,80.79120879120887,-0.08791208791217286,0.7912087912088737,441.0,549.0,473.0
2024-11-10 19:13:12.482,-32.791208791208874,81.75824175824187,-0.08791208791217286,0.7912087912088737,441.0,549.0,474.0
2024-11-10 19:13:12.962,-33.14285714285734,82.8131868131868,-0.08791208791217286,0.7912087912088737,440.0,549.0,474.0
2024-11-10 19:13:13.475,-33.58241758241775,83.86813186813197,-0.08791208791217286,0.7912087912088737,440.0,549.0,474.0
2024-11-10 19:13:13.971,-33.934065934065984,84.74725274725279,-0.08791208791217286,0.7912087912088737,440.0,549.0,474.0
2024-11-10 19:13:14.483,-34.373626373626394,85.80219780219795,-0.08791208791217286,0.7912087912088737,439.0,549.0,474.0
2024-11-10 19:13:15.057,-34.72527472527486,86.68131868131877,-0.08791208791217286,0.7912087912088737,439.0,549.0,474.0
2024-11-10 19:13:15.491,-35.16483516483527,87.82417582417588,-0.08791208791217286,0.7912087912088737,439.0,549.0,475.0
2024-11-10 19:13:16.004,-35.516483516483504,88.79120879120887,0.0,0.7912087912088737,438.0,549.0,475.0
2024-11-10 19:13:16.531,-35.95604395604414,89.75824175824187,-0.08791208791217286,0.7912087912088737,438.0,549.0,475.0
2024-11-10 19:13:17.011,-36.39560439560455,90.8131868131868,-0.08791208791217286,0.7912087912088737,438.0,549.0,475.0
2024-11-10 19:13:17.523,-36.74725274725279,91.7802197802198,-0.08791208791217286,0.7912087912088737,437.0,549.0,475.0
2024-11-10 19:13:18.035,-37.1868131868132,92.74725274725279,-0.08791208791217286,0.7912087912088737,437.0,549.0,476.0
2024-11-10 19:13:18.548,-37.53846153846166,93.80219780219795,-0.08791208791217286,0.7912087912088737,436.0,549.0,475.0
2024-11-10 19:13:19.043,-37.97802197802207,94.76923076923094,-0.08791208791217286,0.7912087912088737,435.0,549.0,475.0
2024-11-10 19:13:19.556,-38.32967032967031,95.82417582417588,-0.08791208791217286,0.7912087912088737,435.0,549.0,476.0
2024-11-10 19:13:20.068,-38.769230769230944,96.79120879120887,-0.08791208791217286,0.7912087912088737,435.0,549.0,476.0
2024-11-10 19:13:20.564,-39.208791208791354,97.75824175824187,-0.08791208791217286,0.7912087912088737,434.0,549.0,476.0
2024-11-10 19:13:21.077,-39.56043956043959,98.8131868131868,-0.08791208791217286,0.7912087912088737,434.0,550.0,476.0
2024-11-10 19:13:21.589,-39.912087912088055,99.7802197802198,-0.08791208791217286,0.7912087912088737,434.0,550.0,477.0
2024-11-10 19:13:22.084,-40.351648351648464,100.74725274725279,-0.08791208791217286,0.7912087912088737,433.0,550.0,477.0
2024-11-10 19:13:22.596,-40.791208791208874,101.80219780219795,-0.08791208791217286,0.7912087912088737,433.0,550.0,477.0
2024-11-10 19:13:23.125,-41.14285714285734,102.76923076923094,0.0,0.7912087912088737,432.0,550.0,477.0
2024-11-10 19:13:23.604,-41.58241758241775,103.82417582417588,-0.08791208791217286,0.7912087912088737,432.0,549.0,477.0
2024-11-10 19:13:24.132,-41.934065934065984,104.79120879120887,-0.08791208791217286,0.7912087912088737,432.0,550.0,477.0
2024-11-10 19:13:24.644,-42.373626373626394,105.75824175824187,-0.08791208791217286,0.7912087912088737,431.0,550.0,477.0
2024-11-10 19:13:25.133,-42.72527472527486,106.8131868131868,-0.08791208791217286,0.7912087912088737,431.0,550.0,478.0
2024-11-10 19:13:25.637,-43.16483516483527,107.86813186813197,-0.08791208791217286,0.7912087912088737,430.0,550.0,477.0
2024-11-10 19:13:26.149,-43.516483516483504,108.74725274725279,-0.08791208791217286,0.7912087912088737,430.0,550.0,478.0
2024-11-10 19:13:26.645,-43.95604395604414,109.80219780219795,-0.08791208791217286,0.7912087912088737,429.0,550.0,478.0
2024-11-10 19:13:27.157,-44.39560439560455,110.68131868131877,-0.08791208791217286,0.7912087912088737,429.0,550.0,478.0
2024-11-10 19:13:27.669,-44.74725274725279,111.82417582417588,-0.08791208791217286,0.7912087912088737,428.0,550.0,478.0
2024-11-10 19:13:28.181,-45.1868131868132,112.79120879120887,-0.08791208791217286,0.7912087912088737,428.0,550.0,478.0
2024-11-10 19:13:28.693,-45.53846153846166,113.75824175824187,-0.08791208791217286,0.7912087912088737,427.0,550.0,478.0
2024-11-10 19:13:29.189,-45.97802197802207,114.8131868131868,-0.08791208791217286,0.7912087912088737,427.0,550.0,479.0
2024-11-10 19:13:29.718,-46.32967032967031,115.7802197802198,-0.08791208791217286,0.7912087912088737,426.0,550.0,479.0
2024-11-10 19:13:30.218,-46.769230769230944,116.74725274725279,-0.08791208791217286,0.7912087912088737,426.0,550.0,479.0
2024-11-10 19:13:30.726,-47.12087912087918,117.71428571428578,-0.08791208791217286,0.7912087912088737,425.0,551.0,479.0
2024-11-10 19:13:31.222,-47.56043956043959,118.68131868131877,-0.08791208791217286,0.7912087912088737,425.0,550.0,479.0
2024-11-10 19:13:31.750,-47.912087912088055,119.73626373626371,-0.08791208791217286,0.7912087912088737,424.0,551.0,479.0
2024-11-10 19:13:32.258,-48.351648351648464,120.7032967032967,-0.08791208791217286,0.7912087912088737,424.0,551.0,480.0
2024-11-10 19:13:32.742,-48.791208791208874,121.67032967032969,-0.08791208791217286,0.7912087912088737,423.0,551.0,480.0
2024-11-10 19:13:33.238,-49.14285714285734,122.72527472527486,-0.08791208791217286,0.7912087912088737,422.0,551.0,480.0
2024-11-10 19:13:33.767,-49.58241758241775,123.69230769230785,-0.08791208791217286,0.7912087912088737,422.0,551.0,480.0
2024-11-10 19:13:34.279,-49.934065934065984,124.74725274725279,-0.08791208791217286,0.7912087912088737,422.0,551.0,480.0
2024-11-10 19:13:34.758,-50.46153846153857,125.71428571428578,-0.08791208791217286,0.7912087912088737,421.0,551.0,480.0
2024-11-10 19:13:35.286,-50.72527472527486,126.76923076923094,-0.08791208791217286,0.7912087912088737,420.0,551.0,480.0
2024-11-10 19:13:35.799,-51.076923076923094,127.73626373626371,-0.08791208791217286,0.7912087912088737,420.0,551.0,480.0
2024-11-10 19:13:36.279,-51.516483516483504,128.7032967032967,-0.08791208791217286,0.7912087912088737,420.0,551.0,481.0
2024-11-10 19:13:36.791,-51.95604395604414,129.6703296703297,-0.08791208791217286,0.7912087912088737,419.0,551.0,481.0
2024-11-10 19:13:37.319,-52.39560439560455,130.72527472527486,-0.08791208791217286,0.7912087912088737,419.0,551.0,481.0
2024-11-10 19:13:37.831,-52.74725274725279,131.7802197802198,-0.08791208791217286,0.7912087912088737,418.0,551.0,481.0
2024-11-10 19:13:38.312,-53.1868131868132,132.65934065934084,-0.08791208791217286,0.7912087912088737,418.0,551.0,481.0
2024-11-10 19:13:38.839,-53.53846153846166,133.6263736263736,-0.08791208791217286,0.7912087912088737,417.0,551.0,482.0
2024-11-10 19:13:39.352,-53.97802197802207,134.68131868131877,-0.08791208791217286,0.7912087912088737,417.0,551.0,482.0
2024-11-10 19:13:39.831,-54.32967032967031,135.82417582417588,0.0,0.7912087912088737,416.0,551.0,482.0
2024-11-10 19:13:40.359,-54.769230769230944,136.79120879120887,-0.08791208791217286,0.7912087912088737,416.0,551.0,482.0
2024-11-10 19:13:40.871,-55.12087912087918,137.6703296703297,-0.08791208791217286,0.7912087912088737,416.0,551.0,482.0
2024-11-10 19:13:41.367,-55.56043956043959,138.72527472527486,-0.08791208791217286,0.7912087912088737,415.0,551.0,482.0
2024-11-10 19:13:41.863,-55.912087912088055,139.69230769230785,-0.08791208791217286,0.7912087912088737,415.0,551.0,482.0
2024-11-10 19:13:42.391,-56.351648351648464,140.65934065934084,-0.08791208791217286,0.7912087912088737,415.0,551.0,483.0
2024-11-10 19:13:42.872,-56.791208791208874,141.71428571428578,-0.08791208791217286,0.7912087912088737,414.0,551.0,483.0
2024-11-10 19:13:43.400,-57.14285714285734,142.68131868131877,-0.08791208791217286,0.7912087912088737,414.0,551.0,483.0
2024-11-10 19:13:43.896,-57.58241758241775,143.7362637362637,-0.08791208791217286,0.7912087912088737,413.0,551.0,483.0
2024-11-10 19:13:44.409,-57.84615384615404,144.61538461538476,-0.08791208791217286,0.7912087912088737,413.0,552.0,483.0
2024-11-10 19:13:44.904,-58.373626373626394,145.6703296703297,-0.08791208791217286,0.7912087912088737,412.0,552.0,483.0
2024-11-10 19:13:45.433,-58.72527472527486,146.54945054945074,-0.08791208791217286,0.7912087912088737,412.0,552.0,483.0
2024-11-10 19:13:45.913,-59.16483516483527,147.69230769230785,-0.08791208791217286,0.7912087912088737,411.0,552.0,484.0
2024-11-10 19:13:46.441,-59.516483516483504,148.57142857142867,-0.08791208791217286,0.7912087912088737,411.0,552.0,484.0
2024-11-10 19:13:46.937,-59.95604395604414,149.71428571428578,-0.08791208791217286,0.7912087912088737,411.0,552.0,484.0
2024-11-10 19:13:47.465,-59.60439560439568,148.9230769230769,-0.08791208791217286,0.7912087912088737,411.0,551.0,484.0
2024-11-10 19:13:47.944,-59.340659340659386,147.86813186813197,-0.08791208791217286,0.7912087912088737,412.0,551.0,484.0
2024-11-10 19:13:48.473,-58.901098901098976,146.90109890109898,-0.08791208791217286,0.7912087912088737,413.0,551.0,483.0
2024-11-10 19:13:48.969,-58.46153846153857,145.93406593406598,-0.08791208791217286,0.7912087912088737,414.0,551.0,483.0
2024-11-10 19:13:49.481,-58.02197802197816,144.967032967033,-0.08791208791217286,0.7912087912088737,415.0,551.0,483.0
2024-11-10 19:13:49.977,-57.67032967032969,144.0,-0.08791208791217286,0.7912087912088737,416.0,551.0,482.0
2024-11-10 19:13:50.505,-57.318681318681456,142.94505494505506,-0.08791208791217286,0.7912087912088737,417.0,551.0,482.0
2024-11-10 19:13:50.985,-56.87912087912105,141.97802197802207,-0.08791208791217286,0.7912087912088737,418.0,550.0,482.0
2024-11-10 19:13:51.497,-56.43956043956041,140.9230769230769,-0.08791208791217286,0.7912087912088737,419.0,550.0,481.0
2024-11-10 19:13:52.009,-56.175824175824346,139.95604395604414,-0.08791208791217286,0.7912087912088737,420.0,550.0,481.0
2024-11-10 19:13:52.522,-55.64835164835176,138.98901098901115,-0.08791208791217286,0.7912087912088737,421.0,550.0,481.0
2024-11-10 19:13:53.034,-55.2967032967033,138.02197802197816,-0.08791208791217286,0.7912087912088737,422.0,550.0,481.0
2024-11-10 19:13:53.545,-54.85714285714289,136.967032967033,-0.08791208791217286,0.7912087912088737,423.0,550.0,481.0
2024-11-10 19:13:54.026,-54.50549450549465,136.08791208791217,-0.08791208791217286,0.7912087912088737,423.0,550.0,481.0
2024-11-10 19:13:54.537,-54.15384615384619,134.94505494505506,-0.08791208791217286,0.7912087912088737,424.0,550.0,480.0
2024-11-10 19:13:55.050,-53.626373626373606,134.06593406593424,-0.08791208791217286,0.7912087912088737,425.0,549.0,480.0
2024-11-10 19:13:55.578,-53.36263736263754,132.9230769230769,-0.08791208791217286,0.7912087912088737,425.0,550.0,480.0
2024-11-10 19:13:56.058,-52.923076923076906,131.95604395604414,-0.08791208791217286,0.7912087912088737,426.0,549.0,480.0
2024-11-10 19:13:56.570,-52.57142857142867,131.0769230769231,-0.08791208791217286,0.7912087912088737,427.0,549.0,480.0
2024-11-10 19:13:57.082,-52.043956043956086,129.93406593406598,-0.08791208791217286,0.7912087912088737,427.0,549.0,480.0
2024-11-10 19:13:57.578,-51.60439560439568,129.05494505494516,-0.08791208791217286,0.7912087912088737,428.0,549.0,479.0
2024-11-10 19:13:58.106,-51.340659340659386,128.08791208791217,-0.08791208791217286,0.7912087912088737,429.0,549.0,479.0
2024-11-10 19:13:58.618,-50.901098901098976,127.91208791208805,-0.08791208791217286,0.7912087912088737,429.0,549.0,479.0
2024-11-10 19:13:59.115,-50.54945054945074,126.15384615384619,-0.08791208791217286,0.7912087912088737,430.0,549.0,479.0
2024-11-10 19:13:59.626,-50.02197802197816,125.01098901098908,-0.08791208791217286,0.7912087912088737,430.0,549.0,479.0
2024-11-10 19:14:00.122,-49.758241758241866,124.04395604395609,-0.08791208791217286,0.7912087912088737,431.0,548.0,478.0
2024-11-10 19:14:00.618,-49.23076923076928,122.98901098901115,-0.08791208791217286,0.7912087912088737,431.0,549.0,479.0
2024-11-10 19:14:01.147,-48.87912087912105,122.02197802197816,-0.08791208791217286,0.7912087912088737,432.0,548.0,478.0
2024-11-10 19:14:01.642,-48.52747252747258,121.05494505494516,-0.08791208791217286,0.7912087912088737,432.0,548.0,478.0
2024-11-10 19:14:02.139,-48.08791208791217,120.0,-0.08791208791217286,0.7912087912088737,433.0,548.0,478.0
2024-11-10 19:14:02.667,-47.64835164835176,119.03296703296701,-0.08791208791217286,0.7912087912088737,434.0,548.0,478.0
2024-11-10 19:14:03.164,-47.2967032967033,118.06593406593424,-0.08791208791217286,0.7912087912088737,434.0,548.0,477.0
2024-11-10 19:14:03.658,-46.85714285714289,117.01098901098908,-0.08791208791217286,0.7912087912088737,434.0,548.0,477.0
2024-11-10 19:14:04.171,-46.41758241758248,116.04395604395609,-0.08791208791217286,0.7912087912088737,435.0,548.0,477.0
2024-11-10 19:14:04.715,-46.15384615384619,115.0769230769231,-0.08791208791217286,0.7912087912088737,435.0,548.0,477.0
2024-11-10 19:14:05.195,-45.626373626373606,114.02197802197816,-0.08791208791217286,0.7912087912088737,436.0,548.0,476.0
2024-11-10 19:14:05.708,-45.36263736263754,113.05494505494516,-0.08791208791217286,0.7912087912088737,436.0,548.0,476.0
2024-11-10 19:14:06.203,-44.923076923076906,112.08791208791217,-0.08791208791217286,0.7912087912088737,437.0,548.0,476.0
2024-11-10 19:14:06.715,-44.57142857142867,111.03296703296701,-0.08791208791217286,0.7912087912088737,437.0,548.0,476.0
2024-11-10 19:14:07.228,-44.13186813186826,110.06593406593424,-0.08791208791217286,0.7912087912088737,438.0,548.0,476.0
2024-11-10 19:14:07.723,-43.69230769230785,109.01098901098908,-0.08791208791217286,0.7912087912088737,438.0,548.0,476.0
2024-11-10 19:14:08.252,-43.340659340659386,108.04395604395609,-0.08791208791217286,0.7912087912088737,438.0,548.0,476.0
2024-11-10 19:14:08.731,-42.8131868131868,107.0769230769231,-0.08791208791217286,0.7912087912088737,439.0,548.0,475.0
2024-11-10 19:14:09.244,-42.54945054945074,106.02197802197816,-0.08791208791217286,0.7912087912088737,439.0,547.0,475.0
2024-11-10 19:14:09.772,-42.1098901098901,105.14285714285711,-0.08791208791217286,0.7912087912088737,440.0,548.0,475.0
2024-11-10 19:14:10.252,-41.67032967032969,104.08791208791217,-0.08791208791217286,0.7912087912088737,440.0,548.0,475.0
2024-11-10 19:14:10.780,-41.318681318681456,103.03296703296701,-0.08791208791217286,0.7912087912088737,440.0,548.0,475.0
2024-11-10 19:14:11.276,-40.96703296703299,102.06593406593424,-0.08791208791217286,0.7912087912088737,441.0,547.0,475.0
2024-11-10 19:14:11.772,-40.43956043956041,101.01098901098908,-0.08791208791217286,0.7912087912088737,442.0,548.0,474.0
2024-11-10 19:14:12.318,-40.08791208791217,100.04395604395609,-0.08791208791217286,0.7912087912088737,442.0,547.0,474.0
2024-11-10 19:14:12.813,-39.73626373626371,99.0769230769231,-0.08791208791217286,0.7912087912088737,442.0,547.0,474.0
2024-11-10 19:14:13.293,-39.2967032967033,98.02197802197816,-0.08791208791217286,0.7912087912088737,443.0,548.0,474.0
2024-11-10 19:14:13.821,-38.85714285714289,97.05494505494516,-0.08791208791217286,0.7912087912088737,443.0,548.0,474.0
2024-11-10 19:14:14.333,-38.41758241758248,96.08791208791217,-0.08791208791217286,0.7912087912088737,444.0,547.0,473.0
2024-11-10 19:14:14.845,-38.15384615384619,95.03296703296701,-0.08791208791217286,0.7912087912088737,444.0,547.0,473.0
2024-11-10 19:14:15.325,-37.626373626373606,94.06593406593424,-0.08791208791217286,0.7912087912088737,444.0,547.0,473.0
2024-11-10 19:14:15.853,-37.27472527472537,93.01098901098908,-0.08791208791217286,0.7912087912088737,445.0,547.0,473.0
2024-11-10 19:14:16.365,-36.83516483516496,92.04395604395609,-0.08791208791217286,0.7912087912088737,445.0,547.0,473.0
2024-11-10 19:14:16.845,-36.57142857142867,91.0769230769231,-0.08791208791217286,0.7912087912088737,445.0,547.0,472.0
2024-11-10 19:14:17.389,-36.043956043956086,90.02197802197816,-0.08791208791217286,0.7912087912088737,446.0,547.0,472.0
2024-11-10 19:14:17.870,-35.69230769230785,89.05494505494516,-0.08791208791217286,0.7912087912088737,446.0,547.0,472.0
2024-11-10 19:14:18.397,-35.340659340659386,88.08791208791217,-0.08791208791217286,0.7912087912088737,446.0,547.0,472.0
2024-11-10 19:14:18.878,-34.901098901098976,87.03296703296701,-0.08791208791217286,0.7912087912088737,447.0,547.0,472.0
2024-11-10 19:14:19.390,-34.54945054945074,86.06593406593424,-0.08791208791217286,0.7912087912088737,447.0,547.0,472.0
2024-11-10 19:14:19.902,-34.1098901098901,85.01098901098908,-0.08791208791217286,0.7912087912088737,447.0,547.0,472.0
2024-11-10 19:14:20.414,-33.758241758241866,84.04395604395609,-0.08791208791217286,0.7912087912088737,448.0,547.0,471.0
2024-11-10 19:14:20.910,-33.318681318681456,83.0769230769231,-0.08791208791217286,0.7912087912088737,448.0,547.0,471.0
2024-11-10 19:14:21.406,-32.87912087912105,82.02197802197816,-0.08791208791217286,0.7912087912088737,449.0,547.0,471.0
2024-11-10 19:14:21.918,-32.43956043956041,81.05494505494516,-0.08791208791217286,0.7912087912088737,449.0,547.0,471.0
2024-11-10 19:14:22.430,-32.0,80.08791208791217,-0.08791208791217286,0.7912087912088737,449.0,547.0,470.0
2024-11-10 19:14:22.942,-31.648351648351763,79.03296703296701,-0.08791208791217286,0.7912087912088737,450.0,547.0,471.0
2024-11-10 19:14:23.439,-31.208791208791354,78.06593406593424,-0.08791208791217286,0.7912087912088737,450.0,547.0,470.0
2024-11-10 19:14:23.950,-30.85714285714289,77.01098901098908,-0.08791208791217286,0.7912087912088737,451.0,546.0,470.0
2024-11-10 19:14:24.463,-30.41758241758248,76.04395604395609,-0.08791208791217286,0.7912087912088737,451.0,547.0,470.0
2024-11-10 19:14:24.958,-30.15384615384619,75.0769230769231,-0.08791208791217286,0.7912087912088737,451.0,546.0,469.0
2024-11-10 19:14:25.471,-29.71428571428578,74.02197802197816,-0.08791208791217286,0.7912087912088737,451.0,546.0,469.0
2024-11-10 19:14:25.982,-29.27472527472537,73.05494505494516,-0.08791208791217286,0.7912087912088737,452.0,546.0,469.0
2024-11-10 19:14:26.479,-28.923076923076906,72.08791208791217,-0.08791208791217286,0.7912087912088737,452.0,547.0,469.0
2024-11-10 19:14:26.991,-28.57142857142867,71.03296703296701,-0.08791208791217286,0.7912087912088737,452.0,546.0,469.0
2024-11-10 19:14:27.503,-28.043956043956086,70.06593406593424,-0.08791208791217286,0.7912087912088737,453.0,547.0,469.0
2024-11-10 19:14:27.999,-27.604395604395677,69.01098901098908,-0.08791208791217286,0.7912087912088737,453.0,546.0,468.0
2024-11-10 19:14:28.511,-27.25274725274744,68.04395604395609,-0.08791208791217286,0.7912087912088737,453.0,546.0,468.0
2024-11-10 19:14:29.023,-26.901098901098976,67.0769230769231,-0.08791208791217286,0.7912087912088737,454.0,546.0,468.0
2024-11-10 19:14:29.519,-26.461538461538566,66.02197802197816,-0.08791208791217286,0.7912087912088737,454.0,546.0,468.0
2024-11-10 19:14:30.031,-26.021978021978157,65.05494505494516,-0.08791208791217286,0.7912087912088737,454.0,546.0,468.0
2024-11-10 19:14:30.543,-25.670329670329693,64.08791208791217,-0.08791208791217286,0.7912087912088737,455.0,546.0,467.0
2024-11-10 19:14:31.056,-25.230769230769283,63.03296703296701,-0.08791208791217286,0.7912087912088737,455.0,546.0,467.0
2024-11-10 19:14:31.567,-24.879120879121047,62.06593406593424,-0.08791208791217286,0.7912087912088737,455.0,546.0,467.0
2024-11-10 19:14:32.064,-24.527472527472582,61.01098901098908,0.0,0.7912087912088737,455.0,546.0,467.0
2024-11-10 19:14:32.576,-24.0,60.043956043956086,-0.08791208791217286,0.7912087912088737,455.0,546.0,467.0
2024-11-10 19:14:33.072,-23.73626373626371,59.076923076923094,-0.08791208791217286,0.7912087912088737,456.0,546.0,467.0
2024-11-10 19:14:33.600,-23.208791208791354,58.02197802197816,-0.08791208791217286,0.7912087912088737,456.0,546.0,467.0
2024-11-10 19:14:34.096,-22.85714285714289,57.054945054945165,-0.08791208791217286,0.7912087912088737,456.0,546.0,467.0
2024-11-10 19:14:34.608,-22.41758241758248,56.08791208791217,-0.08791208791217286,0.7912087912088737,457.0,546.0,467.0
2024-11-10 19:14:35.120,-22.065934065934243,55.03296703296701,-0.08791208791217286,0.7912087912088737,457.0,546.0,467.0
2024-11-10 19:14:35.632,-21.626373626373606,54.06593406593424,-0.08791208791217286,0.7912087912088737,457.0,546.0,466.0
2024-11-10 19:14:36.128,-21.27472527472537,53.01098901098908,0.0,0.7912087912088737,457.0,546.0,466.0
2024-11-10 19:14:36.640,-20.923076923076906,52.043956043956086,-0.08791208791217286,0.7912087912088737,458.0,546.0,466.0
2024-11-10 19:14:37.137,-20.57142857142867,51.076923076923094,-0.08791208791217286,0.7912087912088737,458.0,546.0,466.0
2024-11-10 19:14:37.632,-20.043956043956086,50.02197802197816,-0.08791208791217286,0.7912087912088737,458.0,546.0,466.0
2024-11-10 19:14:38.145,-19.69230769230785,49.054945054945165,-0.08791208791217286,0.7912087912088737,458.0,546.0,466.0
2024-11-10 19:14:38.656,-19.340659340659386,48.08791208791217,-0.08791208791217286,0.7912087912088737,458.0,545.0,466.0
2024-11-10 19:14:39.168,-18.901098901098976,47.03296703296701,-0.08791208791217286,0.7912087912088737,458.0,546.0,465.0
2024-11-10 19:14:39.665,-18.54945054945074,46.06593406593424,-0.08791208791217286,0.7912087912088737,459.0,545.0,465.0
2024-11-10 19:14:40.177,-18.021978021978157,45.01098901098908,-0.08791208791217286,0.7912087912088737,459.0,545.0,465.0
2024-11-10 19:14:40.690,-17.670329670329693,44.043956043956086,-0.08791208791217286,0.7912087912088737,459.0,545.0,465.0
2024-11-10 19:14:41.185,-17.318681318681456,43.076923076923094,-0.08791208791217286,0.7912087912088737,459.0,545.0,465.0
2024-11-10 19:14:41.697,-16.879120879121047,42.02197802197816,-0.08791208791217286,0.7912087912088737,460.0,545.0,465.0
2024-11-10 19:14:42.209,-16.43956043956041,41.054945054945165,-1887.9560439560441,0.7912087912088737,459.0,545.0,465.0
2024-11-10 19:14:42.705,-16.087912087912173,40.08791208791217,-0.08791208791217286,0.7912087912088737,460.0,546.0,465.0
2024-11-10 19:14:43.217,-15.648351648351763,39.03296703296701,-0.08791208791217286,0.7912087912088737,460.0,546.0,464.0
2024-11-10 19:14:43.746,-15.208791208791354,38.06593406593424,-0.08791208791217286,0.7912087912088737,460.0,545.0,465.0
2024-11-10 19:14:44.226,-14.85714285714289,37.01098901098908,-0.08791208791217286,0.7912087912088737,460.0,545.0,464.0
2024-11-10 19:14:44.738,-14.41758241758248,36.043956043956086,-0.08791208791217286,0.7912087912088737,460.0,545.0,464.0
2024-11-10 19:14:45.266,-14.065934065934243,35.076923076923094,-0.08791208791217286,0.7912087912088737,460.0,545.0,464.0
2024-11-10 19:14:45.778,-13.626373626373606,34.02197802197816,-0.08791208791217286,0.7912087912088737,460.0,545.0,464.0
2024-11-10 19:14:46.274,-13.27472527472537,33.054945054945165,-0.08791208791217286,0.7912087912088737,461.0,545.0,464.0
2024-11-10 19:14:46.770,-12.83516483516496,32.08791208791217,-0.08791208791217286,0.7912087912088737,461.0,545.0,464.0
2024-11-10 19:14:47.271,-12.571428571428669,31.032967032967008,-0.08791208791217286,0.7912087912088737,461.0,545.0,464.0
2024-11-10 19:14:47.794,-12.043956043956086,30.065934065934243,-0.08791208791217286,0.7912087912088737,461.0,545.0,463.0
2024-11-10 19:14:48.306,-11.69230769230785,29.01098901098908,-0.08791208791217286,0.7032967032967008,461.0,545.0,464.0
2024-11-10 19:14:48.786,-11.25274725274744,28.043956043956086,0.0,0.7912087912088737,461.0,545.0,463.0
2024-11-10 19:14:49.298,-10.901098901098976,27.076923076923094,-0.08791208791217286,0.7912087912088737,462.0,545.0,463.0
2024-11-10 19:14:49.810,-10.54945054945074,26.021978021978157,-0.08791208791217286,0.7912087912088737,462.0,545.0,463.0
2024-11-10 19:14:50.322,-10.021978021978157,25.054945054945165,-0.08791208791217286,0.7912087912088737,462.0,545.0,463.0
2024-11-10 19:14:50.835,-9.670329670329693,24.087912087912173,-0.08791208791217286,0.7912087912088737,462.0,545.0,463.0
2024-11-10 19:14:51.348,-9.318681318681456,23.032967032967008,-0.08791208791217286,0.7912087912088737,463.0,546.0,463.0
2024-11-10 19:14:51.859,-8.967032967032992,22.065934065934243,-0.08791208791217286,0.7912087912088737,462.0,545.0,463.0
2024-11-10 19:14:52.394,-8.527472527472582,21.01098901098908,-0.08791208791217286,0.7912087912088737,463.0,545.0,463.0
2024-11-10 19:14:52.850,-8.0,20.043956043956086,-0.08791208791217286,0.7912087912088737,463.0,545.0,463.0
2024-11-10 19:14:53.363,-7.648351648351763,19.076923076923094,-0.08791208791217286,0.7912087912088737,463.0,545.0,462.0
2024-11-10 19:14:53.859,-7.296703296703299,18.021978021978157,-0.08791208791217286,0.7912087912088737,463.0,545.0,462.0
2024-11-10 19:14:54.371,-6.85714285714289,17.054945054945165,-0.08791208791217286,0.7912087912088737,463.0,545.0,462.0
2024-11-10 19:14:54.884,-6.41758241758248,16.087912087912173,-0.08791208791217286,0.7912087912088737,463.0,546.0,462.0
2024-11-10 19:14:55.379,-6.065934065934243,15.032967032967008,-0.08791208791217286,0.7912087912088737,463.0,545.0,462.0
2024-11-10 19:14:55.891,-5.714285714285779,14.065934065934243,-0.08791208791217286,0.7912087912088737,464.0,545.0,462.0
2024-11-10 19:14:56.404,-5.3626373626375425,13.010989010989078,-0.08791208791217286,0.7912087912088737,463.0,545.0,462.0
2024-11-10 19:14:56.900,-4.83516483516496,12.13186813186826,-0.08791208791217286,0.7912087912088737,464.0,545.0,462.0
2024-11-10 19:14:57.411,-4.571428571428669,11.076923076923094,-0.08791208791217286,0.7912087912088737,464.0,545.0,462.0
2024-11-10 19:14:57.924,-4.131868131868259,10.021978021978157,-0.08791208791217286,0.7912087912088737,464.0,545.0,461.0
2024-11-10 19:14:58.420,-3.6923076923078497,9.054945054945165,-0.08791208791217286,0.7912087912088737,464.0,545.0,461.0
2024-11-10 19:14:58.932,-3.3406593406593856,8.087912087912173,-0.08791208791217286,0.7912087912088737,463.0,545.0,461.0
2024-11-10 19:14:59.444,-2.813186813186803,7.032967032967008,-0.08791208791217286,0.7912087912088737,464.0,545.0,461.0
2024-11-10 19:14:59.956,-2.5494505494507393,6.065934065934243,-0.08791208791217286,0.7912087912088737,464.0,545.0,461.0
2024-11-10 19:15:00.452,-2.021978021978157,5.0109890109890785,-0.08791208791217286,0.7912087912088737,464.0,545.0,461.0
2024-11-10 19:15:00.964,-1.6703296703296928,4.043956043956086,-0.08791208791217286,0.7912087912088737,464.0,545.0,461.0
2024-11-10 19:15:01.461,-1.2307692307692832,3.0769230769230944,-0.08791208791217286,0.7912087912088737,464.0,545.0,461.0
2024-11-10 19:15:01.973,-0.967032967032992,2.021978021978157,-0.08791208791217286,0.7912087912088737,464.0,545.0,461.0
2024-11-10 19:15:02.485,-0.4395604395604096,1.0549450549451649,-0.08791208791217286,0.7912087912088737,465.0,545.0,461.0
