2024-10-16 19:02:09.238,-0.0,0.0,-0.0879120879120876,-0.0,580.0,647.0,582.0
2024-10-16 19:02:09.558,-0.0,0.0,0.0,0.967032967032992,580.0,647.0,582.0
2024-10-16 19:02:09.862,-0.0,0.0,0.0,1.9340659340659272,580.0,647.0,582.0
2024-10-16 19:02:10.166,-0.0,0.0,0.0,2.9890109890109784,580.0,647.0,582.0
2024-10-16 19:02:10.470,-0.0,0.0,0.0,3.9560439560439704,580.0,647.0,582.0
2024-10-16 19:02:10.774,-0.0,0.0,0.0,4.923076923076906,580.0,647.0,582.0
2024-10-16 19:02:11.078,-0.0,0.0,0.0,5.978021978021957,580.0,647.0,582.0
2024-10-16 19:02:11.383,-0.0,0.0,0.0,6.945054945054949,580.0,647.0,582.0
2024-10-16 19:02:11.686,-0.0,0.0,0.0,7.912087912087884,581.0,648.0,582.0
2024-10-16 19:02:11.990,-0.0,0.0,0.0,8.967032967032992,581.0,648.0,582.0
2024-10-16 19:02:12.294,-0.0,0.0,0.0,9.846153846153868,581.0,648.0,583.0
2024-10-16 19:02:12.598,-0.0,0.0,0.0,10.90109890109892,581.0,648.0,582.0
2024-10-16 19:02:12.902,-0.0,0.0,0.0,11.95604395604397,581.0,648.0,583.0
2024-10-16 19:02:13.206,-0.0,0.0,0.0,12.923076923076906,581.0,649.0,583.0
2024-10-16 19:02:13.510,-0.0,0.0,0.0,13.978021978021957,581.0,649.0,583.0
2024-10-16 19:02:13.814,-0.0,0.0,0.0,14.945054945054949,581.0,649.0,583.0
2024-10-16 19:02:14.119,-0.0,0.0,0.0,15.824175824175825,582.0,650.0,583.0
2024-10-16 19:02:14.422,-0.0,0.0,0.0,16.967032967032992,582.0,650.0,584.0
2024-10-16 19:02:14.726,-0.0,0.0,0.0,17.934065934065927,582.0,651.0,584.0
2024-10-16 19:02:15.030,-0.0,0.0,0.0,18.90109890109892,582.0,651.0,584.0
2024-10-16 19:02:15.351,-0.0,0.0,0.0,19.95604395604397,583.0,652.0,585.0
2024-10-16 19:02:15.639,-0.0,0.0,0.0,20.923076923076906,583.0,653.0,585.0
2024-10-16 19:02:15.942,-0.0,0.0,0.0,21.890109890109898,583.0,653.0,586.0
2024-10-16 19:02:16.262,-0.0,0.0,-0.0879120879120876,22.94505494505495,584.0,654.0,586.0
2024-10-16 19:02:16.551,-0.0,0.0,0.0,23.912087912087884,584.0,654.0,587.0
2024-10-16 19:02:16.871,-0.0,0.0,0.0,24.967032967032992,584.0,655.0,587.0
2024-10-16 19:02:17.158,-0.0,0.0,0.0,25.846153846153868,584.0,655.0,587.0
2024-10-16 19:02:17.478,-0.0,0.0,0.0,26.90109890109892,585.0,656.0,587.0
2024-10-16 19:02:17.783,-0.0,0.0,0.0,27.868131868131854,585.0,657.0,587.0
2024-10-16 19:02:18.071,-0.0,0.0,0.0,28.923076923076906,586.0,657.0,588.0
2024-10-16 19:02:18.391,-0.0,0.0,0.0,29.890109890109898,586.0,658.0,588.0
2024-10-16 19:02:18.695,-0.0,0.0,0.0,30.94505494505495,586.0,658.0,588.0
2024-10-16 19:02:18.999,-0.0,0.0,0.0,31.824175824175825,587.0,659.0,589.0
2024-10-16 19:02:19.303,-0.0,0.0,0.0,32.96703296703299,587.0,659.0,589.0
2024-10-16 19:02:19.607,-0.0,0.0,0.0,33.93406593406593,587.0,660.0,589.0
2024-10-16 19:02:19.911,-0.0,0.0,-0.0879120879120876,34.8131868131868,587.0,660.0,590.0
2024-10-16 19:02:20.215,-0.0,0.0,0.0,35.868131868131854,587.0,661.0,590.0
2024-10-16 19:02:20.519,-0.0,0.0,0.0,36.923076923076906,588.0,662.0,591.0
2024-10-16 19:02:20.823,-0.0,0.0,0.0,37.8901098901099,588.0,662.0,591.0
2024-10-16 19:02:21.127,-0.0,0.0,0.0,38.85714285714283,588.0,662.0,591.0
2024-10-16 19:02:21.431,-0.0,0.0,0.0,39.912087912087884,589.0,663.0,591.0
2024-10-16 19:02:21.735,-0.0,0.0,0.0,40.967032967032964,589.0,664.0,592.0
2024-10-16 19:02:22.039,-0.0,0.0,0.0,41.93406593406593,589.0,664.0,592.0
2024-10-16 19:02:22.343,-0.0,0.0,-0.0879120879120876,42.90109890109889,590.0,665.0,592.0
2024-10-16 19:02:22.647,-0.0,0.0,0.0,43.868131868131854,590.0,665.0,592.0
2024-10-16 19:02:22.951,-0.0,0.0,0.0,44.835164835164846,590.0,666.0,593.0
2024-10-16 19:02:23.255,-0.0,0.0,0.0,45.8901098901099,590.0,666.0,593.0
2024-10-16 19:02:23.560,-0.0,0.0,0.0,46.94505494505495,591.0,667.0,593.0
2024-10-16 19:02:23.863,-0.0,0.0,0.0,47.824175824175825,591.0,667.0,594.0
2024-10-16 19:02:24.167,-0.0,0.0,0.0,48.879120879120876,591.0,668.0,594.0
2024-10-16 19:02:24.471,-0.0,0.0,0.0,49.93406593406593,591.0,669.0,594.0
2024-10-16 19:02:24.775,-0.0,0.0,0.0,50.90109890109889,592.0,669.0,594.0
2024-10-16 19:02:25.080,-0.0,0.0,-0.0879120879120876,51.95604395604394,592.0,670.0,595.0
2024-10-16 19:02:25.383,-0.0,0.0,0.0,52.923076923076934,592.0,670.0,595.0
2024-10-16 19:02:25.689,-0.0,0.0,-0.0879120879120876,53.978021978021985,592.0,671.0,595.0
2024-10-16 19:02:25.992,-0.0,0.0,0.0,54.94505494505495,593.0,671.0,596.0
2024-10-16 19:02:26.295,-0.0,0.0,-0.0879120879120876,55.824175824175825,593.0,672.0,596.0
2024-10-16 19:02:26.600,-0.0,0.0,-0.0879120879120876,56.879120879120876,593.0,672.0,596.0
2024-10-16 19:02:26.904,-0.0,0.0,0.0,57.84615384615384,593.0,672.0,597.0
2024-10-16 19:02:27.208,0.0879120879120876,0.0,0.0,58.90109890109889,594.0,674.0,597.0
2024-10-16 19:02:27.512,-0.0,0.0,-0.0879120879120876,59.868131868131854,594.0,674.0,597.0
2024-10-16 19:02:27.816,-0.0,0.0,0.0,60.923076923076934,594.0,675.0,597.0
2024-10-16 19:02:28.120,-0.0,0.0,0.0,61.8901098901099,595.0,675.0,598.0
2024-10-16 19:02:28.424,-0.0,0.0,0.0,62.94505494505495,595.0,676.0,598.0
2024-10-16 19:02:28.728,-0.0,0.0,-0.0879120879120876,63.824175824175825,595.0,676.0,598.0
2024-10-16 19:02:29.032,-0.0,0.0,0.0,64.87912087912088,596.0,677.0,599.0
2024-10-16 19:02:29.336,-0.0,0.0,0.0,65.84615384615384,596.0,677.0,599.0
2024-10-16 19:02:29.640,-0.0,0.0,-0.0879120879120876,66.90109890109889,596.0,678.0,599.0
2024-10-16 19:02:29.945,-0.0,0.0,-0.0879120879120876,67.95604395604394,596.0,678.0,600.0
2024-10-16 19:02:30.248,-0.0,0.0,-0.0879120879120876,68.83516483516485,596.0,679.0,600.0
2024-10-16 19:02:30.552,-0.0,0.0,-0.0879120879120876,69.97802197802199,597.0,680.0,600.0
2024-10-16 19:02:30.856,-0.0,0.0,-0.0879120879120876,70.85714285714286,597.0,680.0,601.0
2024-10-16 19:02:31.160,-0.0,0.0,0.0,71.82417582417582,597.0,681.0,601.0
2024-10-16 19:02:31.480,-0.0,0.0,-0.0879120879120876,72.87912087912088,598.0,681.0,601.0
2024-10-16 19:02:31.768,-0.0,0.0,-0.0879120879120876,73.84615384615384,598.0,682.0,601.0
2024-10-16 19:02:32.072,-0.0,0.0,0.0,74.90109890109889,598.0,683.0,602.0
2024-10-16 19:02:32.376,-0.0,0.0,-0.0879120879120876,75.86813186813185,599.0,683.0,602.0
2024-10-16 19:02:32.680,-0.0,0.0,-0.0879120879120876,76.83516483516485,599.0,684.0,602.0
2024-10-16 19:02:32.984,-0.0,0.0,-0.0879120879120876,77.8901098901099,599.0,684.0,603.0
2024-10-16 19:02:33.288,-0.0,0.0,0.0,78.85714285714286,599.0,685.0,603.0
2024-10-16 19:02:33.592,-0.0,0.0,0.0,79.82417582417582,600.0,686.0,603.0
2024-10-16 19:02:33.897,-0.0,0.0,-0.0879120879120876,80.87912087912088,600.0,686.0,603.0
2024-10-16 19:02:34.200,-0.0,0.0,-0.0879120879120876,81.84615384615384,600.0,686.0,604.0
2024-10-16 19:02:34.505,-0.0,0.0,-0.0879120879120876,82.90109890109889,601.0,687.0,604.0
2024-10-16 19:02:34.809,-0.0,0.0,0.0,83.86813186813185,601.0,688.0,604.0
2024-10-16 19:02:35.112,-0.0,0.0,0.0,84.83516483516485,601.0,688.0,605.0
2024-10-16 19:02:35.416,-0.0,0.0,0.0,85.8901098901099,602.0,689.0,605.0
2024-10-16 19:02:35.721,-0.0,0.0,0.0,86.85714285714286,602.0,689.0,605.0
2024-10-16 19:02:36.024,-0.0,0.0,-0.0879120879120876,87.82417582417582,602.0,690.0,605.0
2024-10-16 19:02:36.328,-0.0,0.0,0.0,88.87912087912088,602.0,691.0,606.0
2024-10-16 19:02:36.632,-0.0,0.0,0.0,89.84615384615384,603.0,691.0,606.0
2024-10-16 19:02:36.937,-0.0,0.0,0.0,90.90109890109889,603.0,692.0,607.0
2024-10-16 19:02:37.241,-0.0,0.0,-0.0879120879120876,91.86813186813185,603.0,693.0,607.0
2024-10-16 19:02:37.545,-0.0,0.0,-0.0879120879120876,92.74725274725276,604.0,693.0,607.0
2024-10-16 19:02:37.849,-0.0,0.0,0.0,93.8901098901099,604.0,693.0,607.0
2024-10-16 19:02:38.153,-0.0,0.0,0.0,94.85714285714286,604.0,694.0,608.0
2024-10-16 19:02:38.456,-0.0,0.0,-0.0879120879120876,95.82417582417582,604.0,695.0,608.0
2024-10-16 19:02:38.761,-0.0,0.0,0.0,96.87912087912088,604.0,696.0,608.0
2024-10-16 19:02:39.081,-0.0,0.0,-0.0879120879120876,97.84615384615384,605.0,696.0,608.0
2024-10-16 19:02:39.369,-0.0,0.0,0.0,98.8131868131868,605.0,697.0,609.0
2024-10-16 19:02:39.673,-0.0,0.0,0.0,99.78021978021977,605.0,697.0,609.0
2024-10-16 19:02:39.977,-0.0,0.0,0.0,100.74725274725276,606.0,698.0,609.0
2024-10-16 19:02:40.297,-0.0,0.0,-0.0879120879120876,101.8901098901099,606.0,699.0,610.0
2024-10-16 19:02:40.601,-0.0,0.0,0.0,102.76923076923077,606.0,699.0,610.0
2024-10-16 19:02:40.905,-0.0,0.0,-0.0879120879120876,103.73626373626374,607.0,700.0,610.0
2024-10-16 19:02:41.193,-0.0,0.0,-0.0879120879120876,104.87912087912088,607.0,700.0,611.0
2024-10-16 19:02:41.513,-0.0,0.0,0.0,105.84615384615384,607.0,702.0,611.0
2024-10-16 19:02:41.818,-0.0,0.0,0.0,106.90109890109889,608.0,702.0,611.0
2024-10-16 19:02:42.105,-0.0,0.0,-0.0879120879120876,107.78021978021977,608.0,703.0,612.0
2024-10-16 19:02:42.425,-0.0,0.0,-0.0879120879120876,108.83516483516485,608.0,704.0,612.0
2024-10-16 19:02:42.729,-0.0,0.0,-0.0879120879120876,109.80219780219781,609.0,704.0,612.0
2024-10-16 19:02:43.034,-0.0,0.0,-0.0879120879120876,110.76923076923077,609.0,705.0,613.0
2024-10-16 19:02:43.321,-0.0,0.0,0.0,111.73626373626374,609.0,706.0,614.0
2024-10-16 19:02:43.641,-0.0,0.0,-0.0879120879120876,112.79120879120879,610.0,707.0,614.0
2024-10-16 19:02:43.961,-0.0,0.0,-0.0879120879120876,113.75824175824175,610.0,708.0,614.0
2024-10-16 19:02:44.345,-0.0,0.0,-0.0879120879120876,114.90109890109889,610.0,709.0,615.0
2024-10-16 19:02:44.650,-0.0,0.0,-0.0879120879120876,115.78021978021977,611.0,709.0,615.0
2024-10-16 19:02:44.953,-0.0,0.0,-0.0879120879120876,116.74725274725276,611.0,710.0,615.0
2024-10-16 19:02:45.257,-0.0,0.0,-0.0879120879120876,117.71428571428572,611.0,710.0,615.0
2024-10-16 19:02:45.578,-0.0,0.0,-0.0879120879120876,118.76923076923077,612.0,711.0,616.0
2024-10-16 19:02:45.961,0.0879120879120876,0.0,-0.0879120879120876,119.73626373626374,612.0,712.0,616.0
2024-10-16 19:02:46.265,0.0879120879120876,0.0,-0.0879120879120876,120.79120879120879,612.0,712.0,616.0
2024-10-16 19:02:46.586,0.0879120879120876,0.0,0.0,121.67032967032966,612.0,713.0,617.0
2024-10-16 19:02:46.873,0.0879120879120876,0.0,-0.0879120879120876,122.72527472527472,613.0,713.0,617.0
2024-10-16 19:02:47.178,0.0879120879120876,0.0,-0.0879120879120876,123.69230769230768,613.0,713.0,617.0
2024-10-16 19:02:47.498,0.0879120879120876,0.0,-0.0879120879120876,124.74725274725276,613.0,714.0,617.0
2024-10-16 19:02:47.786,0.0879120879120876,0.0,-0.0879120879120876,125.80219780219781,613.0,714.0,617.0
2024-10-16 19:02:48.090,0.0879120879120876,0.0,0.0,126.76923076923077,613.0,715.0,618.0
2024-10-16 19:02:48.394,0.0879120879120876,0.0,-0.0879120879120876,127.64835164835165,613.0,716.0,618.0
2024-10-16 19:02:48.713,0.0879120879120876,0.0,-0.0879120879120876,128.7912087912088,613.0,716.0,618.0
2024-10-16 19:02:49.018,0.0879120879120876,0.0,-0.0879120879120876,129.75824175824175,614.0,717.0,619.0
2024-10-16 19:02:49.306,0.0879120879120876,0.0,-0.0879120879120876,130.72527472527472,614.0,718.0,619.0
2024-10-16 19:02:49.626,0.0879120879120876,0.0,-0.0879120879120876,131.69230769230768,614.0,718.0,619.0
2024-10-16 19:02:49.930,0.0879120879120876,0.0,0.0,132.74725274725276,615.0,719.0,620.0
2024-10-16 19:02:50.234,0.0879120879120876,0.0,-0.0879120879120876,133.8021978021978,615.0,720.0,620.0
2024-10-16 19:02:50.522,0.0879120879120876,0.0,0.0,134.6813186813187,615.0,720.0,620.0
2024-10-16 19:02:50.842,0.0879120879120876,0.0,-0.0879120879120876,135.73626373626374,616.0,721.0,621.0
2024-10-16 19:02:51.146,0.0879120879120876,0.0,-0.0879120879120876,136.7912087912088,616.0,722.0,621.0
2024-10-16 19:02:51.450,0.0879120879120876,0.0,-0.0879120879120876,137.67032967032966,616.0,723.0,621.0
2024-10-16 19:02:51.754,0.0879120879120876,0.0,0.0,138.8131868131868,616.0,723.0,622.0
2024-10-16 19:02:52.058,0.0879120879120876,0.0,-0.0879120879120876,139.69230769230768,616.0,724.0,622.0
2024-10-16 19:02:52.362,0.0879120879120876,0.0,-0.0879120879120876,140.65934065934067,617.0,725.0,622.0
2024-10-16 19:02:52.666,0.0879120879120876,0.0,-0.0879120879120876,141.71428571428572,617.0,725.0,622.0
2024-10-16 19:02:52.971,0.0879120879120876,0.0,-0.0879120879120876,142.76923076923077,617.0,725.0,623.0
2024-10-16 19:02:53.274,-0.0,0.0,-0.0879120879120876,143.73626373626374,617.0,726.0,623.0
2024-10-16 19:02:53.578,0.0879120879120876,0.0,0.0,144.7032967032967,617.0,727.0,623.0
2024-10-16 19:02:53.882,-0.0,0.0,-0.0879120879120876,145.67032967032966,617.0,727.0,623.0
2024-10-16 19:02:54.186,0.0879120879120876,0.0,-0.0879120879120876,146.72527472527472,618.0,727.0,624.0
2024-10-16 19:02:54.506,0.0879120879120876,0.0,-0.0879120879120876,147.69230769230768,617.0,728.0,624.0
2024-10-16 19:02:54.891,0.0879120879120876,0.0,0.0,148.65934065934067,618.0,729.0,624.0
2024-10-16 19:02:55.194,0.0879120879120876,0.0,-0.0879120879120876,149.71428571428572,618.0,729.0,624.0
2024-10-16 19:02:55.498,-0.0,0.0,-0.0879120879120876,148.92307692307693,618.0,728.0,624.0
2024-10-16 19:02:55.803,0.0879120879120876,0.0,0.0,147.95604395604394,617.0,727.0,623.0
2024-10-16 19:02:56.106,0.0879120879120876,0.0,-0.0879120879120876,146.98901098901098,617.0,726.0,623.0
2024-10-16 19:02:56.411,0.0879120879120876,0.0879120879120876,-0.0879120879120876,145.93406593406593,616.0,724.0,622.0
2024-10-16 19:02:56.714,0.0879120879120876,0.0,0.0,144.87912087912088,615.0,723.0,621.0
2024-10-16 19:02:57.018,0.0879120879120876,0.0,-0.0879120879120876,143.9120879120879,615.0,722.0,621.0
2024-10-16 19:02:57.322,0.0879120879120876,0.0,0.0,142.94505494505495,615.0,720.0,621.0
2024-10-16 19:02:57.626,0.0879120879120876,0.0,0.0,141.8901098901099,615.0,720.0,620.0
2024-10-16 19:02:57.931,-0.0,0.0,-0.0879120879120876,140.92307692307693,614.0,718.0,620.0
2024-10-16 19:02:58.235,0.0879120879120876,0.0,-0.0879120879120876,139.95604395604394,614.0,718.0,619.0
2024-10-16 19:02:58.538,0.0879120879120876,0.0,0.0,138.98901098901098,613.0,716.0,619.0
2024-10-16 19:02:58.843,0.0879120879120876,0.0,0.0,137.93406593406593,613.0,715.0,618.0
2024-10-16 19:02:59.147,0.0879120879120876,0.0,-0.0879120879120876,136.96703296703296,612.0,714.0,617.0
2024-10-16 19:02:59.450,0.0879120879120876,0.0,-0.0879120879120876,135.9120879120879,612.0,713.0,617.0
2024-10-16 19:02:59.755,0.0879120879120876,0.0,-0.0879120879120876,134.94505494505495,612.0,711.0,616.0
2024-10-16 19:03:00.059,0.0879120879120876,0.0,-0.0879120879120876,133.97802197802199,611.0,710.0,616.0
2024-10-16 19:03:00.363,0.0879120879120876,0.0,0.0,133.01098901098902,610.0,709.0,616.0
2024-10-16 19:03:00.667,0.0879120879120876,0.0,0.0,131.95604395604394,610.0,708.0,615.0
2024-10-16 19:03:00.971,0.0879120879120876,0.0,-0.0879120879120876,130.98901098901098,610.0,707.0,615.0
2024-10-16 19:03:01.275,0.0879120879120876,0.0,-0.0879120879120876,129.93406593406593,610.0,706.0,614.0
2024-10-16 19:03:01.579,0.0879120879120876,0.0,-0.0879120879120876,128.96703296703296,609.0,705.0,614.0
2024-10-16 19:03:01.883,0.0879120879120876,0.0,-0.0879120879120876,127.91208791208791,608.0,704.0,613.0
2024-10-16 19:03:02.187,0.0879120879120876,0.0,0.0,126.94505494505495,608.0,702.0,612.0
2024-10-16 19:03:02.491,0.0879120879120876,0.0,-0.0879120879120876,126.06593406593407,607.0,702.0,612.0
2024-10-16 19:03:02.795,0.0879120879120876,0.0879120879120876,0.0,125.01098901098902,607.0,701.0,612.0
2024-10-16 19:03:03.115,-0.0,0.0,-0.0879120879120876,124.13186813186812,607.0,700.0,611.0
2024-10-16 19:03:03.419,-0.0,0.0,0.0,123.07692307692307,606.0,699.0,611.0
2024-10-16 19:03:03.707,0.0879120879120876,0.0,0.0,122.02197802197801,606.0,697.0,610.0
2024-10-16 19:03:04.012,0.0879120879120876,0.0879120879120876,-0.0879120879120876,121.05494505494505,605.0,696.0,610.0
2024-10-16 19:03:04.316,0.0879120879120876,0.0,-0.0879120879120876,120.0,605.0,696.0,609.0
2024-10-16 19:03:04.635,0.0879120879120876,0.0,-0.0879120879120876,119.03296703296704,605.0,694.0,609.0
2024-10-16 19:03:04.923,0.0879120879120876,0.0,-0.0879120879120876,117.97802197802199,604.0,693.0,608.0
2024-10-16 19:03:05.244,0.0879120879120876,0.0,-0.0879120879120876,117.01098901098902,604.0,692.0,608.0
2024-10-16 19:03:05.547,0.0879120879120876,0.0,-0.0879120879120876,116.04395604395603,604.0,692.0,608.0
2024-10-16 19:03:05.852,0.0879120879120876,0.0,0.0,115.07692307692307,603.0,691.0,607.0
2024-10-16 19:03:06.140,0.0879120879120876,0.0,-0.0879120879120876,114.1098901098901,603.0,690.0,607.0
2024-10-16 19:03:06.460,0.0879120879120876,0.0,0.0,113.05494505494505,602.0,689.0,606.0
2024-10-16 19:03:06.764,0.0879120879120876,0.0,0.0,112.0,602.0,689.0,606.0
2024-10-16 19:03:07.068,0.0879120879120876,0.0,0.0,111.03296703296704,601.0,688.0,605.0
2024-10-16 19:03:07.355,0.0879120879120876,0.0,0.0,110.06593406593407,601.0,687.0,605.0
2024-10-16 19:03:07.675,0.0879120879120876,0.0,0.0,109.09890109890111,600.0,686.0,604.0
2024-10-16 19:03:07.979,0.0879120879120876,0.0,-0.0879120879120876,108.13186813186812,600.0,686.0,604.0
2024-10-16 19:03:08.284,0.0879120879120876,0.0,-0.0879120879120876,107.16483516483515,600.0,685.0,604.0
2024-10-16 19:03:08.588,0.0879120879120876,0.0,-0.0879120879120876,106.1098901098901,599.0,684.0,603.0
2024-10-16 19:03:08.875,0.0879120879120876,0.0,-0.0879120879120876,105.05494505494505,599.0,683.0,603.0
2024-10-16 19:03:09.196,0.0879120879120876,0.0,-0.0879120879120876,104.08791208791209,599.0,682.0,602.0
2024-10-16 19:03:09.499,0.0879120879120876,0.0,-0.0879120879120876,103.03296703296704,599.0,681.0,602.0
2024-10-16 19:03:09.804,0.0879120879120876,0.0,0.0,102.06593406593407,598.0,681.0,602.0
2024-10-16 19:03:10.108,0.0879120879120876,0.0,-0.0879120879120876,101.09890109890111,598.0,680.0,601.0
2024-10-16 19:03:10.412,0.0879120879120876,0.0,-0.0879120879120876,100.04395604395603,597.0,679.0,601.0
2024-10-16 19:03:10.716,0.0879120879120876,0.0,-0.0879120879120876,99.16483516483515,597.0,678.0,600.0
2024-10-16 19:03:11.020,0.0879120879120876,0.0,-0.0879120879120876,98.02197802197801,597.0,678.0,600.0
2024-10-16 19:03:11.324,0.0879120879120876,0.0,-0.0879120879120876,97.14285714285714,597.0,677.0,599.0
2024-10-16 19:03:11.628,0.0879120879120876,0.0,-0.0879120879120876,96.08791208791209,596.0,676.0,599.0
2024-10-16 19:03:11.932,0.0879120879120876,0.0,0.0,95.12087912087912,596.0,676.0,599.0
2024-10-16 19:03:12.236,0.0879120879120876,0.0,-0.0879120879120876,94.06593406593407,595.0,675.0,599.0
2024-10-16 19:03:12.540,0.0879120879120876,0.0,-0.0879120879120876,93.09890109890111,595.0,674.0,598.0
2024-10-16 19:03:12.844,0.0879120879120876,0.0,-0.0879120879120876,92.13186813186812,595.0,673.0,598.0
2024-10-16 19:03:13.148,0.0879120879120876,0.0,0.0,91.16483516483515,594.0,673.0,597.0
2024-10-16 19:03:13.452,0.0879120879120876,0.0,-0.0879120879120876,90.02197802197801,594.0,672.0,597.0
2024-10-16 19:03:13.756,0.0879120879120876,0.0,-0.0879120879120876,89.14285714285714,594.0,671.0,596.0
2024-10-16 19:03:14.060,0.0879120879120876,0.0,0.0,88.08791208791209,593.0,671.0,596.0
2024-10-16 19:03:14.364,0.0879120879120876,0.0,-0.0879120879120876,87.12087912087912,593.0,671.0,596.0
2024-10-16 19:03:14.668,-0.0,0.0,-0.0879120879120876,86.15384615384616,593.0,670.0,596.0
2024-10-16 19:03:14.972,-0.0,0.0,0.0,85.09890109890111,593.0,670.0,596.0
2024-10-16 19:03:15.276,0.0879120879120876,0.0,0.0,84.13186813186812,593.0,670.0,595.0
2024-10-16 19:03:15.580,0.0879120879120876,0.0,-0.0879120879120876,83.16483516483515,592.0,669.0,595.0
2024-10-16 19:03:15.884,0.0879120879120876,0.0,-0.0879120879120876,82.1098901098901,592.0,669.0,595.0
2024-10-16 19:03:16.188,0.0879120879120876,0.0,-0.0879120879120876,81.14285714285714,592.0,668.0,595.0
2024-10-16 19:03:16.492,0.0879120879120876,0.0,-0.0879120879120876,80.08791208791209,592.0,668.0,594.0
2024-10-16 19:03:16.796,0.0879120879120876,0.0,0.0,79.12087912087912,592.0,668.0,594.0
2024-10-16 19:03:17.100,0.0879120879120876,0.0,-0.0879120879120876,78.15384615384616,591.0,667.0,594.0
2024-10-16 19:03:17.404,0.0879120879120876,0.0,-0.0879120879120876,77.09890109890111,591.0,666.0,594.0
2024-10-16 19:03:17.709,0.0879120879120876,0.0,-0.0879120879120876,76.13186813186812,591.0,666.0,594.0
2024-10-16 19:03:18.013,-0.0,0.0,0.0,75.16483516483515,591.0,665.0,593.0
2024-10-16 19:03:18.317,-0.0,0.0,0.0,74.1098901098901,590.0,665.0,593.0
2024-10-16 19:03:18.621,0.0879120879120876,0.0,-0.0879120879120876,73.14285714285714,590.0,664.0,593.0
2024-10-16 19:03:18.925,0.0879120879120876,0.0,0.0,72.08791208791209,590.0,664.0,592.0
2024-10-16 19:03:19.228,0.0879120879120876,0.0,0.0,71.12087912087912,590.0,663.0,592.0
2024-10-16 19:03:19.533,0.0879120879120876,0.0,-0.0879120879120876,70.15384615384616,590.0,663.0,592.0
2024-10-16 19:03:19.836,0.0879120879120876,0.0,-0.0879120879120876,69.09890109890111,589.0,663.0,592.0
2024-10-16 19:03:20.141,0.0879120879120876,0.0,0.0,68.13186813186812,589.0,662.0,591.0
2024-10-16 19:03:20.444,0.0879120879120876,0.0,0.0,67.16483516483515,589.0,662.0,591.0
2024-10-16 19:03:20.749,0.0879120879120876,0.0,0.0,66.1098901098901,588.0,661.0,591.0
2024-10-16 19:03:21.052,0.0879120879120876,0.0,-0.0879120879120876,65.14285714285714,588.0,661.0,591.0
2024-10-16 19:03:21.357,0.0879120879120876,0.0,-0.0879120879120876,64.08791208791209,588.0,660.0,590.0
2024-10-16 19:03:21.661,0.0879120879120876,0.0,0.0,63.120879120879124,588.0,660.0,590.0
2024-10-16 19:03:21.965,0.0879120879120876,0.0,0.0,62.15384615384616,587.0,659.0,590.0
2024-10-16 19:03:22.269,-0.0,0.0,0.0,61.09890109890111,587.0,658.0,590.0
2024-10-16 19:03:22.573,0.0879120879120876,0.0,-0.0879120879120876,60.13186813186812,587.0,658.0,590.0
2024-10-16 19:03:22.877,0.0879120879120876,0.0,0.0,59.164835164835154,587.0,658.0,589.0
2024-10-16 19:03:23.181,0.0879120879120876,0.0,-0.0879120879120876,58.021978021978015,587.0,658.0,589.0
2024-10-16 19:03:23.485,0.0879120879120876,0.0,-0.0879120879120876,57.14285714285714,586.0,657.0,589.0
2024-10-16 19:03:23.789,0.0879120879120876,0.0,0.0,56.08791208791209,586.0,657.0,589.0
2024-10-16 19:03:24.093,0.0879120879120876,0.0,-0.0879120879120876,55.120879120879124,586.0,657.0,589.0
2024-10-16 19:03:24.397,0.0879120879120876,0.0,0.0,54.15384615384616,585.0,656.0,588.0
2024-10-16 19:03:24.701,0.0879120879120876,0.0,-0.0879120879120876,53.09890109890111,585.0,656.0,588.0
2024-10-16 19:03:25.021,0.0879120879120876,0.0879120879120876,-0.0879120879120876,52.13186813186812,585.0,655.0,588.0
2024-10-16 19:03:25.310,0.0879120879120876,0.0,-0.0879120879120876,51.164835164835154,585.0,655.0,588.0
2024-10-16 19:03:25.614,0.0879120879120876,0.0,-0.0879120879120876,50.1098901098901,585.0,654.0,587.0
2024-10-16 19:03:25.917,0.0879120879120876,0.0,-0.0879120879120876,49.14285714285714,585.0,654.0,587.0
2024-10-16 19:03:26.221,0.0879120879120876,0.0,-0.0879120879120876,48.08791208791209,584.0,654.0,587.0
2024-10-16 19:03:26.525,0.0879120879120876,0.0,-0.0879120879120876,47.120879120879124,584.0,653.0,586.0
2024-10-16 19:03:26.829,0.0879120879120876,0.0,-0.0879120879120876,46.24175824175825,584.0,652.0,586.0
2024-10-16 19:03:27.150,0.0879120879120876,0.0,-0.0879120879120876,45.09890109890111,583.0,652.0,586.0
2024-10-16 19:03:27.453,0.0879120879120876,0.0,-0.0879120879120876,44.13186813186812,584.0,652.0,586.0
2024-10-16 19:03:27.742,-0.0,0.0,0.0,43.164835164835154,583.0,651.0,586.0
2024-10-16 19:03:28.045,0.0879120879120876,0.0,-0.0879120879120876,42.1098901098901,583.0,651.0,586.0
2024-10-16 19:03:28.349,0.0879120879120876,0.0,0.0,41.14285714285714,583.0,651.0,585.0
2024-10-16 19:03:28.669,0.0879120879120876,0.0,-0.0879120879120876,40.08791208791206,583.0,650.0,585.0
2024-10-16 19:03:28.958,0.0879120879120876,0.0,0.0,39.120879120879124,582.0,650.0,585.0
2024-10-16 19:03:29.278,0.0879120879120876,0.0,-0.0879120879120876,38.15384615384613,582.0,650.0,585.0
2024-10-16 19:03:29.582,0.0879120879120876,0.0,-0.0879120879120876,37.09890109890108,582.0,650.0,584.0
2024-10-16 19:03:29.885,0.0879120879120876,0.0,-0.0879120879120876,36.131868131868146,582.0,649.0,585.0
2024-10-16 19:03:30.174,0.0879120879120876,0.0,0.0,35.164835164835154,582.0,649.0,584.0
2024-10-16 19:03:30.494,0.0879120879120876,0.0,-0.0879120879120876,34.1098901098901,582.0,649.0,584.0
2024-10-16 19:03:30.798,0.0879120879120876,0.0,-0.0879120879120876,33.14285714285717,582.0,649.0,584.0
2024-10-16 19:03:31.102,0.0879120879120876,0.0,0.0,32.08791208791206,582.0,649.0,583.0
2024-10-16 19:03:31.406,0.0879120879120876,0.0,-0.0879120879120876,31.120879120879124,581.0,648.0,583.0
2024-10-16 19:03:31.710,0.0879120879120876,0.0,-0.0879120879120876,30.153846153846132,581.0,648.0,583.0
2024-10-16 19:03:32.014,0.0879120879120876,0.0,-0.0879120879120876,29.09890109890108,581.0,648.0,583.0
2024-10-16 19:03:32.318,0.0879120879120876,0.0,0.0,28.131868131868146,581.0,648.0,583.0
2024-10-16 19:03:32.622,0.0879120879120876,0.0,0.0,27.164835164835154,581.0,648.0,583.0
2024-10-16 19:03:32.926,0.0879120879120876,0.0,0.0,26.109890109890102,581.0,647.0,583.0
2024-10-16 19:03:33.230,0.0879120879120876,0.0,-0.0879120879120876,25.142857142857167,581.0,648.0,583.0
2024-10-16 19:03:33.534,0.0879120879120876,0.0,0.0,24.08791208791206,581.0,647.0,583.0
2024-10-16 19:03:33.839,0.0879120879120876,0.0,0.0,23.120879120879124,581.0,647.0,583.0
2024-10-16 19:03:34.142,0.0879120879120876,0.0,-0.0879120879120876,22.153846153846132,581.0,647.0,583.0
2024-10-16 19:03:34.447,0.0879120879120876,0.0,-0.0879120879120876,21.09890109890108,581.0,647.0,582.0
2024-10-16 19:03:34.752,0.0879120879120876,0.0,-0.0879120879120876,20.04395604395603,580.0,647.0,582.0
2024-10-16 19:03:35.054,0.0879120879120876,0.0,-0.0879120879120876,19.164835164835154,581.0,647.0,582.0
2024-10-16 19:03:35.358,0.0879120879120876,0.0,-0.0879120879120876,18.109890109890102,580.0,647.0,582.0
2024-10-16 19:03:35.662,0.0879120879120876,0.0,-0.0879120879120876,17.142857142857167,580.0,647.0,582.0
2024-10-16 19:03:35.966,-0.0,0.0,0.0,16.08791208791206,580.0,646.0,582.0
2024-10-16 19:03:36.270,0.0879120879120876,0.0,0.0,15.120879120879124,581.0,646.0,582.0
2024-10-16 19:03:36.574,0.0879120879120876,0.0,-0.0879120879120876,14.153846153846132,580.0,647.0,582.0
2024-10-16 19:03:36.878,0.0879120879120876,0.0,-0.0879120879120876,13.09890109890108,580.0,646.0,582.0
2024-10-16 19:03:37.183,0.0879120879120876,0.0,-0.0879120879120876,12.131868131868146,580.0,646.0,582.0
2024-10-16 19:03:37.486,0.0879120879120876,0.0,-0.0879120879120876,11.164835164835154,580.0,647.0,583.0
2024-10-16 19:03:37.790,0.0879120879120876,0.0,-0.0879120879120876,10.109890109890102,580.0,646.0,582.0
2024-10-16 19:03:38.094,0.0879120879120876,0.0,-0.0879120879120876,9.142857142857167,580.0,646.0,582.0
2024-10-16 19:03:38.398,0.0879120879120876,0.0,-0.0879120879120876,8.08791208791206,580.0,647.0,582.0
2024-10-16 19:03:38.702,0.0879120879120876,0.0,0.0,7.120879120879124,580.0,647.0,582.0
2024-10-16 19:03:39.007,0.0879120879120876,0.0,-0.0879120879120876,6.153846153846132,580.0,647.0,582.0
2024-10-16 19:03:39.311,0.0879120879120876,0.0,-0.0879120879120876,5.098901098901081,580.0,647.0,582.0
2024-10-16 19:03:39.631,0.0879120879120876,0.0,0.0,4.131868131868146,580.0,647.0,582.0
2024-10-16 19:03:40.015,0.0879120879120876,0.0,-0.0879120879120876,3.1648351648351536,580.0,647.0,582.0
2024-10-16 19:03:40.319,0.0879120879120876,0.0,0.0,2.1098901098901024,580.0,647.0,582.0
2024-10-16 19:03:40.623,0.0879120879120876,0.0,-0.0879120879120876,1.1428571428571672,580.0,647.0,582.0
2024-10-16 19:03:41.055,0.0879120879120876,0.0,-0.0879120879120876,1.1428571428571672,580.0,647.0,582.0
2024-10-16 19:03:41.567,0.9670329670329636,-0.3516483516483504,-0.0879120879120876,1.1428571428571672,580.0,646.0,582.0
2024-10-16 19:03:42.079,1.9340659340659272,-0.7912087912087884,-0.0879120879120876,1.1428571428571672,580.0,647.0,582.0
2024-10-16 19:03:42.575,2.901098901098891,-1.1428571428571388,0.0,1.1428571428571672,580.0,647.0,582.0
2024-10-16 19:03:43.087,3.8681318681318686,-1.5824175824176052,0.0,1.1428571428571672,581.0,647.0,582.0
2024-10-16 19:03:43.599,4.92307692307692,-1.9340659340659556,-0.0879120879120876,1.1428571428571672,581.0,647.0,582.0
2024-10-16 19:03:44.111,5.890109890109883,-2.373626373626365,-0.0879120879120876,1.1428571428571672,581.0,647.0,582.0
2024-10-16 19:03:44.607,6.857142857142847,-2.7252747252747156,-0.0879120879120876,1.1428571428571672,581.0,647.0,582.0
2024-10-16 19:03:45.119,7.912087912087912,-3.164835164835182,0.0,1.1428571428571672,581.0,647.0,582.0
2024-10-16 19:03:45.631,8.791208791208788,-3.5164835164835324,-0.0879120879120876,1.1428571428571672,581.0,648.0,582.0
2024-10-16 19:03:46.127,9.84615384615384,-3.9560439560439704,-0.0879120879120876,1.1428571428571672,581.0,648.0,582.0
2024-10-16 19:03:46.639,10.90109890109889,-4.395604395604408,0.0,1.1428571428571672,581.0,648.0,582.0
2024-10-16 19:03:47.151,11.868131868131869,-4.747252747252759,0.0,1.1428571428571672,582.0,648.0,582.0
2024-10-16 19:03:47.647,12.835164835164832,-5.186813186813197,0.0,1.1428571428571672,582.0,648.0,582.0
2024-10-16 19:03:48.159,13.890109890109883,-5.538461538461547,-0.0879120879120876,1.1428571428571672,582.0,649.0,582.0
2024-10-16 19:03:48.672,14.857142857142847,-5.978021978021985,0.0,1.1428571428571672,582.0,649.0,582.0
2024-10-16 19:03:49.168,15.912087912087912,-6.329670329670336,0.0,1.1428571428571672,583.0,649.0,582.0
2024-10-16 19:03:49.679,16.879120879120876,-6.769230769230774,-0.0879120879120876,1.1428571428571672,583.0,649.0,582.0
2024-10-16 19:03:50.192,17.84615384615384,-7.120879120879124,0.0,1.1428571428571672,583.0,650.0,582.0
2024-10-16 19:03:50.688,18.90109890109889,-7.560439560439562,-0.0879120879120876,1.1428571428571672,583.0,650.0,582.0
2024-10-16 19:03:51.215,19.86813186813187,-7.912087912087912,0.0,1.1428571428571672,584.0,650.0,582.0
2024-10-16 19:03:51.712,20.835164835164832,-8.35164835164835,-0.0879120879120876,1.1428571428571672,583.0,650.0,581.0
2024-10-16 19:03:52.224,21.97802197802197,-8.791208791208788,-0.0879120879120876,1.1428571428571672,584.0,650.0,581.0
2024-10-16 19:03:52.720,22.857142857142847,-9.142857142857139,-0.0879120879120876,1.1428571428571672,584.0,651.0,582.0
2024-10-16 19:03:53.232,23.736263736263723,-9.582417582417605,-0.0879120879120876,1.1428571428571672,584.0,650.0,581.0
2024-10-16 19:03:53.728,24.879120879120876,-9.934065934065956,0.0,1.1428571428571672,584.0,651.0,582.0
2024-10-16 19:03:54.240,25.84615384615384,-10.373626373626365,-0.0879120879120876,1.1428571428571672,584.0,651.0,581.0
2024-10-16 19:03:54.752,26.90109890109889,-10.725274725274716,0.0,1.1428571428571672,584.0,651.0,581.0
2024-10-16 19:03:55.248,27.86813186813187,-11.164835164835182,0.0,1.1428571428571672,585.0,651.0,581.0
2024-10-16 19:03:55.760,28.835164835164832,-11.516483516483532,-0.0879120879120876,1.1428571428571672,585.0,652.0,581.0
2024-10-16 19:03:56.272,29.890109890109883,-11.95604395604397,0.0,1.1428571428571672,585.0,652.0,581.0
2024-10-16 19:03:56.784,30.857142857142847,-12.395604395604408,-0.0879120879120876,1.1428571428571672,585.0,652.0,582.0
2024-10-16 19:03:57.280,31.82417582417581,-12.747252747252759,0.0,1.1428571428571672,585.0,652.0,581.0
2024-10-16 19:03:57.792,32.79120879120879,-13.186813186813197,-0.0879120879120876,1.1428571428571672,585.0,653.0,581.0
2024-10-16 19:03:58.304,33.75824175824175,-13.538461538461547,0.0,1.1428571428571672,586.0,653.0,581.0
2024-10-16 19:03:58.800,34.8131868131868,-13.978021978021985,0.0,1.1428571428571672,586.0,653.0,581.0
2024-10-16 19:03:59.313,35.86813186813187,-14.329670329670336,-0.0879120879120876,1.1428571428571672,586.0,653.0,581.0
2024-10-16 19:03:59.825,36.83516483516483,-14.769230769230774,-0.0879120879120876,1.1428571428571672,586.0,653.0,581.0
2024-10-16 19:04:00.321,37.802197802197796,-15.120879120879124,-0.0879120879120876,1.1428571428571672,586.0,654.0,581.0
2024-10-16 19:04:00.832,38.76923076923076,-15.560439560439562,0.0,1.1428571428571672,586.0,654.0,582.0
2024-10-16 19:04:01.345,39.82417582417581,-15.912087912087912,-0.0879120879120876,1.1428571428571672,586.0,654.0,581.0
2024-10-16 19:04:01.874,40.79120879120879,-16.35164835164835,-0.0879120879120876,1.1428571428571672,587.0,654.0,581.0
2024-10-16 19:04:02.354,41.75824175824175,-16.79120879120879,0.0,1.1428571428571672,587.0,655.0,581.0
2024-10-16 19:04:02.865,42.8131868131868,-17.14285714285714,-0.0879120879120876,1.1428571428571672,587.0,654.0,581.0
2024-10-16 19:04:03.377,43.78021978021977,-17.582417582417577,-0.0879120879120876,1.1428571428571672,587.0,654.0,581.0
2024-10-16 19:04:03.873,44.83516483516483,-17.934065934065956,-0.0879120879120876,1.1428571428571672,587.0,655.0,582.0
2024-10-16 19:04:04.385,45.802197802197796,-18.373626373626365,-0.0879120879120876,1.1428571428571672,587.0,655.0,581.0
2024-10-16 19:04:04.913,46.76923076923076,-18.725274725274716,-0.0879120879120876,1.1428571428571672,587.0,655.0,581.0
2024-10-16 19:04:05.393,47.73626373626372,-19.164835164835182,-0.0879120879120876,1.1428571428571672,588.0,655.0,581.0
2024-10-16 19:04:05.905,48.79120879120879,-19.516483516483532,0.0,1.1428571428571672,588.0,655.0,581.0
2024-10-16 19:04:06.417,49.84615384615384,-19.95604395604397,0.0,1.1428571428571672,588.0,655.0,581.0
2024-10-16 19:04:06.929,50.8131868131868,-20.39560439560441,-0.0879120879120876,1.1428571428571672,588.0,656.0,581.0
2024-10-16 19:04:07.425,51.69230769230768,-20.74725274725276,-0.0879120879120876,1.1428571428571672,588.0,656.0,581.0
2024-10-16 19:04:07.938,52.83516483516482,-21.186813186813197,-0.0879120879120876,1.1428571428571672,588.0,656.0,581.0
2024-10-16 19:04:08.433,53.802197802197796,-21.538461538461547,0.0,1.1428571428571672,588.0,656.0,581.0
2024-10-16 19:04:08.946,54.85714285714286,-21.978021978021985,-0.0879120879120876,1.1428571428571672,589.0,656.0,581.0
2024-10-16 19:04:09.458,55.91208791208791,-22.329670329670336,0.0,1.1428571428571672,589.0,657.0,581.0
2024-10-16 19:04:09.954,56.879120879120876,-22.769230769230774,0.0,1.1428571428571672,589.0,657.0,581.0
2024-10-16 19:04:10.466,57.84615384615384,-23.120879120879124,0.0,1.1428571428571672,589.0,657.0,581.0
2024-10-16 19:04:10.978,58.8131868131868,-23.560439560439562,0.0,1.1428571428571672,589.0,657.0,581.0
2024-10-16 19:04:11.490,59.868131868131854,-23.912087912087912,-0.0879120879120876,1.1428571428571672,590.0,658.0,581.0
2024-10-16 19:04:12.002,60.83516483516482,-24.35164835164835,-0.0879120879120876,1.1428571428571672,590.0,658.0,581.0
2024-10-16 19:04:12.498,61.802197802197796,-24.79120879120879,0.0,1.1428571428571672,590.0,658.0,581.0
2024-10-16 19:04:13.009,62.85714285714286,-25.14285714285714,-0.0879120879120876,1.1428571428571672,590.0,658.0,581.0
2024-10-16 19:04:13.506,63.824175824175825,-25.582417582417577,-0.0879120879120876,1.1428571428571672,590.0,658.0,581.0
2024-10-16 19:04:14.018,64.87912087912088,-25.934065934065956,-0.0879120879120876,1.1428571428571672,590.0,659.0,581.0
2024-10-16 19:04:14.530,65.75824175824175,-26.373626373626365,-0.0879120879120876,1.1428571428571672,590.0,658.0,581.0
2024-10-16 19:04:15.026,66.8131868131868,-26.725274725274716,-0.0879120879120876,1.1428571428571672,590.0,659.0,581.0
2024-10-16 19:04:15.538,67.78021978021977,-27.164835164835182,-0.0879120879120876,1.1428571428571672,591.0,659.0,581.0
2024-10-16 19:04:16.050,68.74725274725273,-27.516483516483532,-0.0879120879120876,1.1428571428571672,591.0,659.0,581.0
2024-10-16 19:04:16.562,69.80219780219781,-27.95604395604397,-0.0879120879120876,1.1428571428571672,591.0,659.0,581.0
2024-10-16 19:04:17.058,70.85714285714286,-28.39560439560441,0.0,1.1428571428571672,591.0,659.0,581.0
2024-10-16 19:04:17.586,72.0,-28.74725274725276,0.0,1.1428571428571672,591.0,660.0,581.0
2024-10-16 19:04:18.082,72.87912087912088,-29.186813186813197,0.0,1.1428571428571672,591.0,660.0,581.0
2024-10-16 19:04:18.578,73.84615384615384,-29.538461538461547,-0.0879120879120876,1.1428571428571672,591.0,660.0,581.0
2024-10-16 19:04:19.090,74.8131868131868,-29.978021978021985,0.0,1.1428571428571672,592.0,660.0,581.0
2024-10-16 19:04:19.602,75.78021978021977,-30.329670329670336,0.0,1.1428571428571672,592.0,661.0,581.0
2024-10-16 19:04:20.098,76.74725274725273,-30.769230769230774,0.0,1.1428571428571672,592.0,660.0,581.0
2024-10-16 19:04:20.611,77.80219780219781,-31.120879120879124,-0.0879120879120876,1.1428571428571672,592.0,661.0,581.0
2024-10-16 19:04:21.123,78.85714285714286,-31.560439560439562,-0.0879120879120876,1.1428571428571672,592.0,661.0,581.0
2024-10-16 19:04:21.619,79.82417582417582,-31.912087912087912,-0.0879120879120876,1.1428571428571672,592.0,661.0,581.0
2024-10-16 19:04:22.131,80.87912087912088,-32.35164835164835,-0.0879120879120876,1.1428571428571672,592.0,661.0,581.0
2024-10-16 19:04:22.643,81.84615384615384,-32.79120879120879,-0.0879120879120876,1.1428571428571672,592.0,661.0,581.0
2024-10-16 19:04:23.139,82.8131868131868,-33.14285714285714,-0.0879120879120876,1.1428571428571672,593.0,662.0,581.0
2024-10-16 19:04:23.651,83.69230769230768,-33.58241758241758,-0.0879120879120876,1.1428571428571672,593.0,662.0,581.0
2024-10-16 19:04:24.163,84.74725274725273,-33.93406593406593,-0.0879120879120876,1.1428571428571672,593.0,662.0,581.0
2024-10-16 19:04:24.675,85.7142857142857,-34.373626373626365,-0.0879120879120876,1.1428571428571672,593.0,662.0,581.0
2024-10-16 19:04:25.171,86.85714285714286,-34.725274725274744,-0.0879120879120876,1.1428571428571672,593.0,663.0,581.0
2024-10-16 19:04:25.683,87.91208791208791,-35.16483516483518,0.0,1.1428571428571672,593.0,663.0,581.0
2024-10-16 19:04:26.195,88.87912087912088,-35.51648351648353,-0.0879120879120876,1.1428571428571672,594.0,664.0,581.0
2024-10-16 19:04:26.691,89.67032967032966,-35.95604395604397,0.0,1.1428571428571672,594.0,664.0,581.0
2024-10-16 19:04:27.203,90.8131868131868,-36.30769230769232,-0.0879120879120876,1.1428571428571672,594.0,664.0,581.0
2024-10-16 19:04:27.716,91.78021978021977,-36.74725274725276,-0.0879120879120876,1.1428571428571672,594.0,664.0,581.0
2024-10-16 19:04:28.228,92.74725274725273,-37.1868131868132,-0.0879120879120876,1.1428571428571672,594.0,664.0,581.0
2024-10-16 19:04:28.724,93.80219780219781,-37.53846153846155,0.0,1.1428571428571672,594.0,665.0,581.0
2024-10-16 19:04:29.236,94.76923076923077,-37.978021978021985,-0.0879120879120876,1.1428571428571672,595.0,665.0,581.0
2024-10-16 19:04:29.732,95.91208791208791,-38.329670329670336,-0.0879120879120876,1.1428571428571672,594.0,665.0,581.0
2024-10-16 19:04:30.244,96.87912087912088,-38.769230769230774,-0.0879120879120876,1.1428571428571672,594.0,665.0,581.0
2024-10-16 19:04:30.756,97.75824175824175,-39.120879120879124,-0.0879120879120876,1.1428571428571672,595.0,665.0,581.0
2024-10-16 19:04:31.268,98.72527472527472,-39.56043956043956,-0.0879120879120876,1.1428571428571672,595.0,666.0,581.0
2024-10-16 19:04:31.764,99.60439560439559,-39.91208791208791,-0.0879120879120876,1.1428571428571672,595.0,666.0,581.0
2024-10-16 19:04:32.276,100.65934065934064,-40.35164835164835,0.0,1.1428571428571672,595.0,666.0,581.0
2024-10-16 19:04:32.772,101.80219780219781,-40.79120879120879,-0.0879120879120876,1.1428571428571672,595.0,666.0,581.0
2024-10-16 19:04:33.284,102.76923076923077,-41.14285714285714,-0.0879120879120876,1.1428571428571672,595.0,667.0,581.0
2024-10-16 19:04:33.796,103.91208791208791,-41.58241758241758,0.0,1.1428571428571672,596.0,667.0,581.0
2024-10-16 19:04:34.308,104.79120879120879,-41.93406593406593,-0.0879120879120876,1.1428571428571672,596.0,667.0,582.0
2024-10-16 19:04:34.804,105.67032967032966,-42.373626373626365,-0.0879120879120876,1.1428571428571672,596.0,668.0,581.0
2024-10-16 19:04:35.317,106.63736263736263,-42.725274725274744,0.0,1.1428571428571672,596.0,668.0,581.0
2024-10-16 19:04:35.828,107.69230769230768,-43.16483516483518,0.0,1.1428571428571672,596.0,668.0,581.0
2024-10-16 19:04:36.325,108.74725274725273,-43.51648351648353,0.0,1.1428571428571672,597.0,668.0,581.0
2024-10-16 19:04:36.836,109.6263736263736,-43.95604395604397,-0.0879120879120876,1.1428571428571672,597.0,669.0,581.0
2024-10-16 19:04:37.348,110.68131868131869,-44.39560439560441,0.0,1.1428571428571672,597.0,669.0,582.0
2024-10-16 19:04:37.845,111.82417582417582,-44.74725274725276,0.0,1.1428571428571672,597.0,669.0,582.0
2024-10-16 19:04:38.367,112.79120879120879,-45.1868131868132,-0.0879120879120876,1.1428571428571672,597.0,670.0,581.0
2024-10-16 19:04:38.869,113.49450549450549,-45.53846153846155,0.0,1.1428571428571672,597.0,670.0,582.0
2024-10-16 19:04:39.365,114.54945054945054,-45.978021978021985,-0.0879120879120876,1.1428571428571672,598.0,670.0,582.0
2024-10-16 19:04:39.877,115.5164835164835,-46.24175824175825,0.0,1.1428571428571672,597.0,671.0,582.0
2024-10-16 19:04:40.405,116.39560439560438,-46.681318681318686,-0.0879120879120876,1.1428571428571672,598.0,671.0,582.0
2024-10-16 19:04:40.884,117.36263736263734,-47.032967032967036,0.0,1.1428571428571672,598.0,672.0,582.0
2024-10-16 19:04:41.396,118.41758241758242,-47.472527472527474,0.0,1.1428571428571672,598.0,671.0,582.0
2024-10-16 19:04:41.908,119.56043956043956,-47.824175824175825,-0.0879120879120876,1.1428571428571672,598.0,672.0,582.0
2024-10-16 19:04:42.421,120.52747252747253,-48.26373626373626,-0.0879120879120876,1.1428571428571672,598.0,672.0,582.0
2024-10-16 19:04:42.917,121.49450549450549,-48.7032967032967,-0.0879120879120876,1.1428571428571672,598.0,672.0,582.0
2024-10-16 19:04:43.445,122.54945054945054,-49.05494505494505,-0.0879120879120876,1.1428571428571672,599.0,673.0,582.0
2024-10-16 19:04:43.941,123.5164835164835,-49.49450549450549,-0.0879120879120876,1.1428571428571672,599.0,673.0,582.0
2024-10-16 19:04:44.437,124.57142857142856,-49.84615384615384,0.0,1.1428571428571672,599.0,673.0,582.0
2024-10-16 19:04:44.949,125.45054945054943,-50.285714285714306,-0.0879120879120876,1.1428571428571672,599.0,673.0,582.0
2024-10-16 19:04:45.477,126.50549450549451,-50.637362637362656,-0.0879120879120876,1.1428571428571672,599.0,674.0,582.0
2024-10-16 19:04:45.957,127.56043956043956,-51.076923076923094,-0.0879120879120876,1.1428571428571672,600.0,674.0,582.0
2024-10-16 19:04:46.469,128.52747252747253,-51.428571428571445,-0.0879120879120876,1.1428571428571672,600.0,674.0,582.0
2024-10-16 19:04:46.981,129.4945054945055,-51.86813186813188,-0.0879120879120876,1.1428571428571672,600.0,675.0,582.0
2024-10-16 19:04:47.510,130.46153846153845,-52.30769230769232,-0.0879120879120876,1.1428571428571672,600.0,675.0,582.0
2024-10-16 19:04:47.990,131.42857142857142,-52.65934065934067,0.0,1.1428571428571672,600.0,675.0,582.0
2024-10-16 19:04:48.502,132.39560439560438,-53.09890109890111,0.0,1.1428571428571672,600.0,676.0,583.0
2024-10-16 19:04:48.998,133.45054945054946,-53.45054945054946,-0.0879120879120876,1.1428571428571672,601.0,676.0,582.0
2024-10-16 19:04:49.509,134.5054945054945,-53.8901098901099,0.0,1.1428571428571672,601.0,676.0,582.0
2024-10-16 19:04:50.022,135.56043956043956,-54.24175824175825,-0.0879120879120876,1.1428571428571672,601.0,676.0,583.0
2024-10-16 19:04:50.518,136.43956043956044,-54.681318681318686,-0.0879120879120876,1.1428571428571672,601.0,677.0,583.0
2024-10-16 19:04:51.030,137.4945054945055,-55.032967032967036,-0.0879120879120876,1.1428571428571672,601.0,677.0,583.0
2024-10-16 19:04:51.542,138.46153846153845,-55.472527472527474,0.0,1.1428571428571672,601.0,677.0,582.0
2024-10-16 19:04:52.054,139.34065934065933,-55.824175824175825,0.0,1.1428571428571672,601.0,678.0,583.0
2024-10-16 19:04:52.550,140.3076923076923,-56.26373626373626,0.0,1.1428571428571672,601.0,678.0,583.0
2024-10-16 19:04:53.062,141.45054945054946,-56.7032967032967,-0.0879120879120876,1.1428571428571672,601.0,678.0,583.0
2024-10-16 19:04:53.574,142.5054945054945,-57.05494505494505,-0.0879120879120876,1.1428571428571672,602.0,679.0,583.0
2024-10-16 19:04:54.070,143.56043956043956,-57.49450549450549,-0.0879120879120876,1.1428571428571672,602.0,679.0,583.0
2024-10-16 19:04:54.582,144.6153846153846,-57.84615384615384,-0.0879120879120876,1.1428571428571672,602.0,679.0,583.0
2024-10-16 19:04:55.111,145.4945054945055,-58.285714285714306,-0.0879120879120876,1.1428571428571672,602.0,680.0,583.0
2024-10-16 19:04:55.591,146.46153846153845,-58.637362637362656,-0.0879120879120876,1.1428571428571672,602.0,679.0,583.0
2024-10-16 19:04:56.103,147.34065934065933,-59.076923076923094,0.0,1.1428571428571672,602.0,680.0,583.0
2024-10-16 19:04:56.615,148.39560439560438,-59.428571428571445,-0.0879120879120876,1.1428571428571672,602.0,680.0,583.0
2024-10-16 19:04:57.127,149.45054945054946,-59.86813186813188,-0.0879120879120876,1.1428571428571672,603.0,680.0,583.0
2024-10-16 19:04:57.623,148.92307692307693,-59.60439560439562,-0.0879120879120876,1.1428571428571672,602.0,680.0,583.0
2024-10-16 19:04:58.135,147.95604395604394,-59.25274725274727,-0.0879120879120876,1.1428571428571672,602.0,679.0,583.0
2024-10-16 19:04:58.647,147.07692307692307,-58.81318681318683,-0.0879120879120876,1.1428571428571672,602.0,678.0,582.0
2024-10-16 19:04:59.143,146.02197802197801,-58.46153846153848,-0.0879120879120876,1.1428571428571672,601.0,678.0,582.0
2024-10-16 19:04:59.655,144.96703296703296,-58.021978021978015,0.0,1.1428571428571672,601.0,677.0,582.0
2024-10-16 19:05:00.167,144.0879120879121,-57.670329670329664,-0.0879120879120876,1.1428571428571672,601.0,676.0,582.0
2024-10-16 19:05:00.663,143.03296703296704,-57.230769230769226,0.0,1.1428571428571672,600.0,675.0,581.0
2024-10-16 19:05:01.175,142.06593406593404,-56.879120879120876,0.0,1.1428571428571672,600.0,675.0,581.0
2024-10-16 19:05:01.687,141.010989010989,-56.43956043956044,-0.0879120879120876,1.1428571428571672,600.0,674.0,581.0
2024-10-16 19:05:02.183,140.04395604395603,-56.0,-0.0879120879120876,1.1428571428571672,599.0,674.0,581.0
2024-10-16 19:05:02.695,138.98901098901098,-55.64835164835165,-0.0879120879120876,1.1428571428571672,599.0,673.0,581.0
2024-10-16 19:05:03.208,138.02197802197801,-55.20879120879121,0.0,1.1428571428571672,599.0,672.0,581.0
2024-10-16 19:05:03.719,137.05494505494505,-54.769230769230774,0.0,1.1428571428571672,599.0,671.0,581.0
2024-10-16 19:05:04.215,136.0879120879121,-54.41758241758242,0.0,1.1428571428571672,598.0,671.0,581.0
2024-10-16 19:05:04.728,135.03296703296704,-54.06593406593407,-0.0879120879120876,1.1428571428571672,598.0,671.0,581.0
2024-10-16 19:05:05.239,134.06593406593404,-53.626373626373635,0.0,1.1428571428571672,598.0,670.0,580.0
2024-10-16 19:05:05.736,133.010989010989,-53.274725274725284,-0.0879120879120876,1.1428571428571672,598.0,669.0,580.0
2024-10-16 19:05:06.248,132.04395604395603,-52.835164835164846,0.0,1.1428571428571672,597.0,669.0,580.0
2024-10-16 19:05:06.759,130.98901098901098,-52.483516483516496,-0.0879120879120876,1.1428571428571672,597.0,668.0,580.0
2024-10-16 19:05:07.255,130.1098901098901,-52.04395604395606,-0.0879120879120876,1.1428571428571672,597.0,668.0,580.0
2024-10-16 19:05:07.768,129.05494505494505,-51.60439560439562,0.0,1.1428571428571672,596.0,668.0,580.0
2024-10-16 19:05:08.280,128.0879120879121,-51.34065934065936,-0.0879120879120876,1.1428571428571672,597.0,667.0,580.0
2024-10-16 19:05:08.776,127.03296703296704,-50.81318681318683,-0.0879120879120876,1.1428571428571672,596.0,667.0,580.0
2024-10-16 19:05:09.288,126.06593406593404,-50.46153846153848,-0.0879120879120876,1.1428571428571672,596.0,666.0,580.0
2024-10-16 19:05:09.800,125.010989010989,-50.021978021978015,-0.0879120879120876,1.1428571428571672,596.0,666.0,579.0
2024-10-16 19:05:10.312,123.95604395604394,-49.670329670329664,-0.0879120879120876,1.1428571428571672,596.0,665.0,580.0
2024-10-16 19:05:10.824,123.07692307692307,-49.230769230769226,-0.0879120879120876,1.1428571428571672,595.0,665.0,579.0
2024-10-16 19:05:11.320,122.02197802197801,-48.879120879120876,-0.0879120879120876,1.1428571428571672,595.0,665.0,579.0
2024-10-16 19:05:11.817,121.05494505494505,-48.43956043956044,-0.0879120879120876,1.1428571428571672,595.0,665.0,579.0
2024-10-16 19:05:12.328,120.08791208791209,-48.0,0.0,1.1428571428571672,595.0,665.0,579.0
2024-10-16 19:05:12.841,119.03296703296704,-47.64835164835165,0.0,1.1428571428571672,595.0,664.0,579.0
2024-10-16 19:05:13.336,118.06593406593407,-47.20879120879121,-0.0879120879120876,1.1428571428571672,595.0,664.0,579.0
2024-10-16 19:05:13.849,117.010989010989,-46.85714285714286,0.0,1.1428571428571672,594.0,663.0,579.0
2024-10-16 19:05:14.361,116.04395604395603,-46.41758241758242,0.0,1.1428571428571672,594.0,663.0,579.0
2024-10-16 19:05:14.888,115.07692307692307,-46.15384615384616,0.0,1.1428571428571672,594.0,662.0,579.0
2024-10-16 19:05:15.369,114.02197802197801,-45.71428571428572,-0.0879120879120876,1.1428571428571672,594.0,662.0,579.0
2024-10-16 19:05:15.881,113.14285714285714,-45.45054945054946,-0.0879120879120876,1.1428571428571672,594.0,662.0,579.0
2024-10-16 19:05:16.393,112.26373626373626,-44.923076923076934,-0.0879120879120876,1.1428571428571672,593.0,662.0,578.0
2024-10-16 19:05:16.889,111.20879120879121,-44.571428571428584,-0.0879120879120876,1.1428571428571672,593.0,661.0,579.0
2024-10-16 19:05:17.401,110.24175824175825,-44.21978021978023,-0.0879120879120876,1.1428571428571672,593.0,661.0,579.0
2024-10-16 19:05:17.913,109.18681318681317,-43.69230769230771,-0.0879120879120876,1.1428571428571672,593.0,660.0,578.0
2024-10-16 19:05:18.408,108.2197802197802,-43.34065934065936,0.0,1.1428571428571672,593.0,660.0,578.0
2024-10-16 19:05:18.921,107.16483516483515,-42.90109890109892,-0.0879120879120876,1.1428571428571672,593.0,660.0,578.0
2024-10-16 19:05:19.433,106.19780219780219,-42.54945054945057,-0.0879120879120876,1.1428571428571672,593.0,660.0,578.0
2024-10-16 19:05:19.945,105.31868131868131,-42.1098901098901,0.0,1.1428571428571672,592.0,659.0,578.0
2024-10-16 19:05:20.442,104.35164835164835,-41.75824175824175,-0.0879120879120876,1.1428571428571672,592.0,659.0,579.0
2024-10-16 19:05:20.953,103.2967032967033,-41.318681318681314,-0.0879120879120876,1.1428571428571672,592.0,658.0,578.0
2024-10-16 19:05:21.449,102.32967032967034,-40.967032967032964,0.0,1.1428571428571672,592.0,658.0,578.0
2024-10-16 19:05:21.962,101.18681318681317,-40.61538461538461,-0.0879120879120876,1.1428571428571672,592.0,658.0,578.0
2024-10-16 19:05:22.474,100.13186813186812,-40.08791208791209,0.0,1.1428571428571672,591.0,658.0,578.0
2024-10-16 19:05:22.986,99.16483516483515,-39.73626373626374,-0.0879120879120876,1.1428571428571672,591.0,657.0,578.0
2024-10-16 19:05:23.481,98.19780219780219,-39.38461538461539,0.0,1.1428571428571672,591.0,657.0,578.0
2024-10-16 19:05:23.993,97.23076923076923,-38.94505494505495,-0.0879120879120876,1.1428571428571672,591.0,657.0,578.0
2024-10-16 19:05:24.506,96.35164835164835,-38.50549450549451,-0.0879120879120876,1.1428571428571672,590.0,657.0,578.0
2024-10-16 19:05:25.018,95.2967032967033,-38.15384615384616,0.0,1.1428571428571672,590.0,656.0,578.0
2024-10-16 19:05:25.514,94.32967032967034,-37.71428571428572,0.0,1.1428571428571672,590.0,656.0,578.0
2024-10-16 19:05:26.026,93.18681318681317,-37.36263736263737,-0.0879120879120876,1.1428571428571672,590.0,656.0,578.0
2024-10-16 19:05:26.522,92.13186813186812,-36.923076923076934,-0.0879120879120876,1.1428571428571672,590.0,656.0,578.0
2024-10-16 19:05:27.034,91.16483516483515,-36.571428571428584,0.0,1.1428571428571672,590.0,655.0,578.0
2024-10-16 19:05:27.546,90.19780219780219,-36.131868131868146,-0.0879120879120876,1.1428571428571672,590.0,655.0,578.0
2024-10-16 19:05:28.058,89.31868131868131,-35.69230769230771,-0.0879120879120876,1.1428571428571672,589.0,655.0,578.0
2024-10-16 19:05:28.554,88.35164835164835,-35.34065934065936,-0.0879120879120876,1.1428571428571672,589.0,655.0,578.0
2024-10-16 19:05:29.066,87.2967032967033,-34.90109890109892,-0.0879120879120876,1.1428571428571672,589.0,654.0,578.0
2024-10-16 19:05:29.578,86.32967032967034,-34.54945054945054,0.0,1.1428571428571672,589.0,654.0,578.0
2024-10-16 19:05:30.074,85.18681318681317,-34.10989010989013,0.0,1.1428571428571672,588.0,654.0,578.0
2024-10-16 19:05:30.603,84.2197802197802,-33.670329670329664,-0.0879120879120876,1.1428571428571672,588.0,654.0,578.0
2024-10-16 19:05:31.098,83.16483516483515,-33.318681318681314,-0.0879120879120876,1.1428571428571672,588.0,654.0,578.0
2024-10-16 19:05:31.595,82.1098901098901,-32.967032967032964,-0.0879120879120876,1.1428571428571672,588.0,653.0,578.0
2024-10-16 19:05:32.106,81.23076923076923,-32.527472527472526,-0.0879120879120876,1.1428571428571672,588.0,653.0,578.0
2024-10-16 19:05:32.619,80.35164835164835,-32.08791208791209,-0.0879120879120876,1.1428571428571672,587.0,653.0,578.0
2024-10-16 19:05:33.115,79.38461538461539,-31.736263736263737,-0.0879120879120876,1.1428571428571672,587.0,653.0,578.0
2024-10-16 19:05:33.627,78.32967032967034,-31.2967032967033,-0.0879120879120876,1.1428571428571672,587.0,652.0,578.0
2024-10-16 19:05:34.139,77.27472527472528,-30.94505494505495,-0.0879120879120876,1.1428571428571672,587.0,651.0,578.0
2024-10-16 19:05:34.635,76.2197802197802,-30.50549450549451,0.0,1.1428571428571672,586.0,651.0,578.0
2024-10-16 19:05:35.147,75.16483516483515,-30.15384615384616,-0.0879120879120876,1.1428571428571672,586.0,651.0,577.0
2024-10-16 19:05:35.659,74.19780219780219,-29.714285714285722,-0.0879120879120876,1.1428571428571672,586.0,650.0,578.0
2024-10-16 19:05:36.155,73.14285714285714,-29.362637362637372,-0.0879120879120876,1.1428571428571672,586.0,650.0,578.0
2024-10-16 19:05:36.667,72.35164835164835,-28.923076923076934,-0.0879120879120876,1.1428571428571672,586.0,650.0,578.0
2024-10-16 19:05:37.179,71.38461538461539,-28.571428571428584,0.0,1.1428571428571672,585.0,650.0,577.0
2024-10-16 19:05:37.691,70.32967032967034,-28.131868131868146,-0.0879120879120876,1.1428571428571672,585.0,650.0,577.0
2024-10-16 19:05:38.187,69.27472527472528,-27.692307692307708,0.0,1.1428571428571672,585.0,650.0,578.0
2024-10-16 19:05:38.699,68.2197802197802,-27.428571428571445,-0.0879120879120876,1.1428571428571672,585.0,649.0,578.0
2024-10-16 19:05:39.211,67.25274725274724,-26.90109890109892,-0.0879120879120876,1.1428571428571672,585.0,649.0,578.0
2024-10-16 19:05:39.707,66.19780219780219,-26.54945054945054,-0.0879120879120876,1.1428571428571672,585.0,649.0,578.0
2024-10-16 19:05:40.222,65.14285714285714,-26.10989010989013,-0.0879120879120876,1.1428571428571672,585.0,649.0,578.0
2024-10-16 19:05:40.731,64.26373626373626,-25.758241758241752,-0.0879120879120876,1.1428571428571672,584.0,649.0,578.0
2024-10-16 19:05:41.228,63.2967032967033,-25.318681318681314,0.0,1.1428571428571672,584.0,649.0,578.0
2024-10-16 19:05:41.740,62.329670329670336,-24.967032967032964,-0.0879120879120876,1.1428571428571672,584.0,648.0,578.0
2024-10-16 19:05:42.252,61.18681318681318,-24.527472527472526,0.0,1.1428571428571672,584.0,648.0,578.0
2024-10-16 19:05:42.763,60.219780219780205,-24.087912087912088,-0.0879120879120876,1.1428571428571672,584.0,648.0,577.0
2024-10-16 19:05:43.260,59.25274725274724,-23.736263736263737,-0.0879120879120876,1.1428571428571672,583.0,648.0,578.0
2024-10-16 19:05:43.773,58.19780219780219,-23.2967032967033,-0.0879120879120876,1.1428571428571672,583.0,648.0,578.0
2024-10-16 19:05:44.268,57.230769230769226,-22.94505494505495,-0.0879120879120876,1.1428571428571672,583.0,648.0,578.0
2024-10-16 19:05:44.780,56.43956043956044,-22.50549450549451,-0.0879120879120876,1.1428571428571672,583.0,648.0,578.0
2024-10-16 19:05:45.308,55.2967032967033,-22.15384615384616,0.0,1.1428571428571672,583.0,647.0,578.0
2024-10-16 19:05:45.804,54.241758241758234,-21.714285714285722,-0.0879120879120876,1.1428571428571672,583.0,647.0,578.0
2024-10-16 19:05:46.300,53.18681318681318,-21.362637362637372,-0.0879120879120876,1.1428571428571672,582.0,647.0,578.0
2024-10-16 19:05:46.812,52.219780219780205,-20.923076923076934,-0.0879120879120876,1.1428571428571672,582.0,647.0,578.0
2024-10-16 19:05:47.324,51.25274725274724,-20.571428571428584,0.0,1.1428571428571672,582.0,647.0,578.0
2024-10-16 19:05:47.820,50.19780219780219,-20.131868131868146,0.0,1.1428571428571672,582.0,646.0,578.0
2024-10-16 19:05:48.332,49.4065934065934,-19.692307692307708,-0.0879120879120876,1.1428571428571672,582.0,646.0,578.0
2024-10-16 19:05:48.844,48.175824175824175,-19.340659340659357,-0.0879120879120876,1.1428571428571672,581.0,646.0,578.0
2024-10-16 19:05:49.340,47.2087912087912,-18.90109890109892,0.0,1.1428571428571672,581.0,646.0,578.0
2024-10-16 19:05:49.853,46.241758241758234,-18.54945054945054,-0.0879120879120876,1.1428571428571672,581.0,646.0,578.0
2024-10-16 19:05:50.365,45.18681318681318,-18.10989010989013,0.0,1.1428571428571672,581.0,646.0,578.0
2024-10-16 19:05:50.877,44.21978021978022,-17.84615384615384,-0.0879120879120876,1.1428571428571672,581.0,646.0,578.0
2024-10-16 19:05:51.372,43.164835164835154,-17.318681318681314,0.0,1.1428571428571672,581.0,645.0,578.0
2024-10-16 19:05:51.885,42.19780219780219,-16.967032967032964,0.0,1.1428571428571672,581.0,645.0,578.0
2024-10-16 19:05:52.397,41.318681318681314,-16.527472527472526,0.0,1.1428571428571672,581.0,645.0,579.0
2024-10-16 19:05:52.909,40.175824175824175,-16.087912087912088,-0.0879120879120876,1.1428571428571672,580.0,645.0,579.0
2024-10-16 19:05:53.405,39.2087912087912,-15.736263736263737,-0.0879120879120876,1.1428571428571672,580.0,645.0,579.0
2024-10-16 19:05:53.917,38.241758241758234,-15.2967032967033,-0.0879120879120876,1.1428571428571672,580.0,645.0,579.0
2024-10-16 19:05:54.413,37.27472527472527,-14.945054945054949,-0.0879120879120876,1.1428571428571672,580.0,645.0,579.0
2024-10-16 19:05:54.925,36.21978021978022,-14.50549450549451,0.0,1.1428571428571672,580.0,644.0,579.0
2024-10-16 19:05:55.437,35.34065934065933,-14.15384615384616,0.0,1.1428571428571672,580.0,644.0,579.0
2024-10-16 19:05:55.933,34.19780219780219,-13.714285714285722,0.0,1.1428571428571672,580.0,644.0,579.0
2024-10-16 19:05:56.445,33.318681318681314,-13.362637362637372,-0.0879120879120876,1.1428571428571672,580.0,645.0,579.0
2024-10-16 19:05:56.957,32.26373626373626,-12.923076923076934,0.0,1.1428571428571672,580.0,644.0,579.0
2024-10-16 19:05:57.453,31.296703296703285,-12.571428571428584,-0.0879120879120876,1.1428571428571672,579.0,644.0,579.0
2024-10-16 19:05:57.965,30.32967032967032,-12.131868131868146,-0.0879120879120876,1.1428571428571672,579.0,644.0,579.0
2024-10-16 19:05:58.477,29.27472527472527,-11.692307692307708,0.0,1.1428571428571672,579.0,644.0,579.0
2024-10-16 19:05:58.974,28.307692307692307,-11.340659340659357,0.0,1.1428571428571672,579.0,644.0,579.0
2024-10-16 19:05:59.485,27.34065934065933,-10.90109890109889,-0.0879120879120876,1.1428571428571672,579.0,644.0,579.0
2024-10-16 19:05:59.997,26.285714285714278,-10.54945054945054,-0.0879120879120876,1.1428571428571672,579.0,644.0,579.0
2024-10-16 19:06:00.509,25.318681318681314,-10.10989010989013,-0.0879120879120876,1.1428571428571672,579.0,644.0,579.0
2024-10-16 19:06:01.005,24.263736263736263,-9.75824175824178,0.0,1.1428571428571672,579.0,644.0,579.0
2024-10-16 19:06:01.518,23.208791208791197,-9.318681318681314,0.0,1.1428571428571672,579.0,644.0,579.0
2024-10-16 19:06:02.030,22.32967032967032,-8.967032967032964,0.0,1.1428571428571672,579.0,644.0,580.0
2024-10-16 19:06:02.526,21.186813186813183,-8.527472527472526,-0.0879120879120876,1.0549450549450512,578.0,644.0,580.0
2024-10-16 19:06:03.038,20.21978021978022,-8.087912087912088,-0.0879120879120876,0.967032967032992,578.0,643.0,580.0
2024-10-16 19:06:03.550,19.25274725274724,-7.736263736263737,-0.0879120879120876,1.0549450549450512,578.0,644.0,580.0
2024-10-16 19:06:04.046,18.19780219780219,-7.296703296703299,0.0,1.0549450549450512,578.0,644.0,580.0
2024-10-16 19:06:04.558,17.318681318681314,-6.945054945054949,-0.0879120879120876,1.0549450549450512,578.0,644.0,580.0
2024-10-16 19:06:05.070,16.263736263736263,-6.505494505494511,0.0,1.0549450549450512,578.0,643.0,580.0
2024-10-16 19:06:05.566,15.208791208791197,-6.15384615384616,-0.0879120879120876,1.0549450549450512,578.0,644.0,580.0
2024-10-16 19:06:06.078,14.329670329670321,-5.714285714285722,0.0,1.0549450549450512,578.0,644.0,580.0
2024-10-16 19:06:06.590,13.186813186813183,-5.362637362637372,0.0,1.0549450549450512,578.0,644.0,580.0
2024-10-16 19:06:07.086,12.219780219780219,-4.923076923076934,-0.0879120879120876,1.0549450549450512,578.0,644.0,580.0
2024-10-16 19:06:07.598,11.340659340659329,-4.571428571428584,-0.0879120879120876,1.0549450549450512,578.0,644.0,580.0
2024-10-16 19:06:08.110,10.109890109890102,-4.131868131868146,-0.0879120879120876,0.967032967032992,578.0,644.0,580.0
2024-10-16 19:06:08.622,9.318681318681314,-3.6923076923077076,0.0,0.967032967032992,578.0,644.0,580.0
2024-10-16 19:06:09.119,8.263736263736263,-3.340659340659357,0.0,0.967032967032992,578.0,644.0,580.0
2024-10-16 19:06:09.630,7.296703296703285,-2.901098901098891,0.0,0.967032967032992,578.0,644.0,580.0
2024-10-16 19:06:10.142,6.153846153846146,-2.5494505494505404,-0.0879120879120876,0.967032967032992,578.0,644.0,580.0
2024-10-16 19:06:10.638,5.27472527472527,-2.109890109890131,0.0,0.967032967032992,578.0,644.0,580.0
2024-10-16 19:06:11.150,4.395604395604394,-1.7582417582417804,-0.0879120879120876,0.967032967032992,577.0,643.0,580.0
2024-10-16 19:06:11.662,3.340659340659329,-1.318681318681314,-0.0879120879120876,0.967032967032992,577.0,644.0,581.0
2024-10-16 19:06:12.159,2.373626373626365,-0.9670329670329636,-0.0879120879120876,0.967032967032992,577.0,644.0,581.0
2024-10-16 19:06:12.670,1.4065934065934016,-0.5274725274725256,-0.0879120879120876,0.967032967032992,577.0,644.0,580.0
2024-10-16 19:06:13.182,0.0879120879120876,-0.0879120879120876,-0.0879120879120876,0.967032967032992,577.0,644.0,581.0
2024-10-16 19:06:13.679,-0.263736263736277,0.7912087912087884,-0.0879120879120876,0.967032967032992,577.0,644.0,581.0
2024-10-16 19:06:14.191,-0.703296703296715,1.8461538461538396,-0.0879120879120876,0.967032967032992,577.0,644.0,581.0
2024-10-16 19:06:14.703,-1.0549450549450654,2.901098901098891,-0.0879120879120876,0.967032967032992,577.0,644.0,581.0
2024-10-16 19:06:15.199,-1.4945054945055034,3.780219780219767,-0.0879120879120876,0.967032967032992,577.0,644.0,581.0
2024-10-16 19:06:15.711,-1.8461538461538538,4.835164835164818,0.0,0.967032967032992,577.0,644.0,581.0
2024-10-16 19:06:16.223,-2.285714285714292,5.890109890109883,-0.0879120879120876,0.967032967032992,577.0,645.0,582.0
2024-10-16 19:06:16.719,-2.637362637362642,6.857142857142861,-0.0879120879120876,0.967032967032992,577.0,645.0,582.0
2024-10-16 19:06:17.231,-3.07692307692308,7.824175824175825,-0.0879120879120876,0.967032967032992,577.0,645.0,582.0
2024-10-16 19:06:17.743,-3.4285714285714306,8.879120879120876,0.0,0.967032967032992,577.0,645.0,582.0
2024-10-16 19:06:18.255,-3.8681318681318686,9.84615384615384,0.0,0.967032967032992,577.0,645.0,582.0
2024-10-16 19:06:18.751,-4.307692307692321,10.90109890109889,-0.0879120879120876,0.967032967032992,577.0,645.0,582.0
2024-10-16 19:06:19.264,-4.659340659340671,11.780219780219767,-0.0879120879120876,0.967032967032992,577.0,645.0,583.0
2024-10-16 19:06:19.775,-5.098901098901109,12.835164835164832,-0.0879120879120876,0.967032967032992,577.0,646.0,583.0
2024-10-16 19:06:20.272,-5.45054945054946,13.890109890109883,-0.0879120879120876,0.967032967032992,577.0,646.0,583.0
2024-10-16 19:06:20.784,-5.890109890109898,14.857142857142861,-0.0879120879120876,0.967032967032992,577.0,646.0,583.0
2024-10-16 19:06:21.295,-6.241758241758248,15.912087912087912,0.0,0.967032967032992,577.0,646.0,583.0
2024-10-16 19:06:21.792,-6.681318681318686,16.879120879120876,-0.0879120879120876,0.967032967032992,577.0,646.0,583.0
2024-10-16 19:06:22.303,-7.032967032967036,17.84615384615384,-0.0879120879120876,0.967032967032992,577.0,647.0,584.0
2024-10-16 19:06:22.816,-7.472527472527474,18.90109890109889,-0.0879120879120876,0.967032967032992,577.0,647.0,584.0
2024-10-16 19:06:23.312,-7.912087912087912,19.86813186813187,-0.0879120879120876,0.967032967032992,577.0,647.0,584.0
2024-10-16 19:06:23.824,-8.263736263736277,20.747252747252745,0.0,0.967032967032992,577.0,647.0,584.0
2024-10-16 19:06:24.336,-8.703296703296715,21.890109890109883,0.0,0.967032967032992,577.0,648.0,584.0
2024-10-16 19:06:24.832,-9.054945054945065,22.857142857142847,-0.0879120879120876,0.967032967032992,577.0,648.0,585.0
2024-10-16 19:06:25.344,-9.494505494505503,23.824175824175825,0.0,0.967032967032992,577.0,648.0,585.0
2024-10-16 19:06:25.856,-9.846153846153854,24.879120879120876,-0.0879120879120876,0.967032967032992,577.0,648.0,585.0
2024-10-16 19:06:26.368,-10.285714285714292,25.84615384615384,-0.0879120879120876,0.967032967032992,577.0,649.0,585.0
2024-10-16 19:06:26.864,-10.637362637362642,26.90109890109889,-0.0879120879120876,0.967032967032992,577.0,649.0,586.0
2024-10-16 19:06:27.377,-11.07692307692308,27.86813186813187,-0.0879120879120876,0.967032967032992,577.0,649.0,585.0
2024-10-16 19:06:27.888,-11.42857142857143,28.747252747252745,-0.0879120879120876,0.967032967032992,577.0,650.0,586.0
2024-10-16 19:06:28.384,-11.868131868131869,29.802197802197796,0.0,0.967032967032992,577.0,650.0,586.0
2024-10-16 19:06:28.896,-12.30769230769232,30.76923076923076,-0.0879120879120876,0.967032967032992,577.0,650.0,586.0
2024-10-16 19:06:29.408,-12.659340659340671,31.912087912087912,0.0,0.967032967032992,577.0,651.0,587.0
2024-10-16 19:06:29.904,-13.09890109890111,32.879120879120876,-0.0879120879120876,0.967032967032992,577.0,651.0,587.0
2024-10-16 19:06:30.416,-13.45054945054946,33.84615384615384,-0.0879120879120876,0.967032967032992,577.0,651.0,587.0
2024-10-16 19:06:30.928,-13.890109890109898,34.8131868131868,0.0,0.967032967032992,577.0,651.0,587.0
2024-10-16 19:06:31.424,-14.241758241758248,35.78021978021978,-0.0879120879120876,0.967032967032992,578.0,652.0,587.0
2024-10-16 19:06:31.936,-14.681318681318686,36.747252747252745,-0.0879120879120876,0.967032967032992,577.0,652.0,587.0
2024-10-16 19:06:32.449,-15.032967032967036,37.802197802197796,0.0,0.967032967032992,577.0,652.0,588.0
2024-10-16 19:06:32.960,-15.472527472527474,38.76923076923076,-0.0879120879120876,0.967032967032992,578.0,652.0,588.0
2024-10-16 19:06:33.457,-15.912087912087912,39.91208791208791,-0.0879120879120876,0.967032967032992,578.0,653.0,588.0
2024-10-16 19:06:33.969,-16.263736263736263,40.7032967032967,-0.0879120879120876,0.967032967032992,577.0,653.0,588.0
2024-10-16 19:06:34.464,-16.7032967032967,41.75824175824175,-0.0879120879120876,0.967032967032992,578.0,653.0,588.0
2024-10-16 19:06:34.978,-17.05494505494505,42.90109890109889,-0.0879120879120876,0.967032967032992,578.0,653.0,589.0
2024-10-16 19:06:35.489,-17.49450549450549,43.78021978021978,0.0,0.967032967032992,578.0,654.0,589.0
2024-10-16 19:06:36.002,-17.84615384615384,44.747252747252745,-0.0879120879120876,0.967032967032992,578.0,654.0,589.0
2024-10-16 19:06:36.529,-18.373626373626394,45.89010989010988,-0.0879120879120876,0.967032967032992,578.0,654.0,589.0
2024-10-16 19:06:37.009,-18.637362637362656,46.76923076923076,-0.0879120879120876,0.967032967032992,577.0,654.0,589.0
2024-10-16 19:06:37.521,-19.076923076923094,47.824175824175825,0.0,0.967032967032992,578.0,654.0,589.0
2024-10-16 19:06:38.017,-19.428571428571445,48.79120879120879,0.0,0.967032967032992,578.0,654.0,590.0
2024-10-16 19:06:38.530,-19.868131868131883,49.84615384615384,0.0,0.967032967032992,578.0,655.0,590.0
2024-10-16 19:06:39.042,-20.30769230769232,50.8131868131868,-0.0879120879120876,0.967032967032992,578.0,655.0,590.0
2024-10-16 19:06:39.537,-20.65934065934067,51.78021978021978,-0.0879120879120876,0.967032967032992,578.0,656.0,590.0
2024-10-16 19:06:40.049,-21.09890109890111,52.747252747252745,0.0,0.967032967032992,578.0,655.0,590.0
2024-10-16 19:06:40.561,-21.45054945054946,53.802197802197796,-0.0879120879120876,0.967032967032992,578.0,655.0,590.0
2024-10-16 19:06:41.073,-21.890109890109898,54.76923076923076,-0.0879120879120876,0.967032967032992,578.0,656.0,591.0
2024-10-16 19:06:41.570,-22.241758241758248,55.91208791208791,0.0,0.967032967032992,578.0,656.0,591.0
2024-10-16 19:06:42.081,-22.5934065934066,56.79120879120879,-0.0879120879120876,0.967032967032992,578.0,656.0,591.0
2024-10-16 19:06:42.594,-23.032967032967036,57.75824175824175,-0.0879120879120876,0.967032967032992,578.0,656.0,591.0
2024-10-16 19:06:43.090,-23.472527472527474,58.8131868131868,-0.0879120879120876,0.967032967032992,578.0,657.0,591.0
2024-10-16 19:06:43.602,-23.912087912087912,59.78021978021978,-0.0879120879120876,0.967032967032992,578.0,657.0,591.0
2024-10-16 19:06:44.114,-24.263736263736263,60.747252747252745,-0.0879120879120876,0.967032967032992,578.0,657.0,591.0
2024-10-16 19:06:44.610,-24.7032967032967,61.802197802197796,-0.0879120879120876,0.967032967032992,578.0,657.0,592.0
2024-10-16 19:06:45.122,-25.05494505494505,62.76923076923076,-0.0879120879120876,0.967032967032992,578.0,657.0,592.0
2024-10-16 19:06:45.650,-25.49450549450549,63.824175824175825,0.0,0.967032967032992,578.0,657.0,592.0
2024-10-16 19:06:46.131,-25.84615384615384,64.79120879120879,0.0,0.967032967032992,578.0,658.0,592.0
2024-10-16 19:06:46.642,-26.285714285714306,65.84615384615384,-0.0879120879120876,0.967032967032992,578.0,658.0,592.0
2024-10-16 19:06:47.154,-26.637362637362656,66.8131868131868,0.0,0.967032967032992,578.0,658.0,592.0
2024-10-16 19:06:47.650,-27.076923076923094,67.78021978021978,-0.0879120879120876,0.967032967032992,578.0,658.0,592.0
2024-10-16 19:06:48.162,-27.428571428571445,68.74725274725274,-0.0879120879120876,0.967032967032992,578.0,658.0,592.0
2024-10-16 19:06:48.674,-27.868131868131883,69.8021978021978,0.0,0.967032967032992,578.0,658.0,592.0
2024-10-16 19:06:49.170,-28.30769230769232,70.76923076923076,0.0,0.967032967032992,578.0,658.0,592.0
2024-10-16 19:06:49.682,-28.65934065934067,71.82417582417582,-0.0879120879120876,0.967032967032992,578.0,658.0,592.0
2024-10-16 19:06:50.194,-29.09890109890111,72.7032967032967,-0.0879120879120876,1.0549450549450512,578.0,658.0,592.0
2024-10-16 19:06:50.706,-29.45054945054946,73.75824175824175,0.0,0.967032967032992,578.0,658.0,592.0
2024-10-16 19:06:51.203,-29.890109890109898,74.8131868131868,0.0,0.967032967032992,578.0,658.0,592.0
2024-10-16 19:06:51.715,-30.241758241758248,75.78021978021978,0.0,0.967032967032992,578.0,658.0,592.0
2024-10-16 19:06:52.227,-30.681318681318686,76.74725274725274,-0.0879120879120876,0.967032967032992,578.0,659.0,592.0
2024-10-16 19:06:52.722,-31.032967032967036,77.8021978021978,0.0,0.967032967032992,578.0,659.0,593.0
2024-10-16 19:06:53.235,-31.472527472527474,78.76923076923076,-0.0879120879120876,0.967032967032992,578.0,659.0,593.0
2024-10-16 19:06:53.747,-31.912087912087912,79.82417582417582,0.0,0.967032967032992,578.0,659.0,593.0
2024-10-16 19:06:54.243,-32.26373626373626,80.79120879120879,-0.0879120879120876,0.967032967032992,577.0,659.0,593.0
2024-10-16 19:06:54.755,-32.7032967032967,81.75824175824175,-0.0879120879120876,0.967032967032992,578.0,659.0,593.0
2024-10-16 19:06:55.267,-33.05494505494505,82.8131868131868,-0.0879120879120876,0.967032967032992,578.0,660.0,593.0
2024-10-16 19:06:55.763,-33.49450549450549,83.78021978021977,-0.0879120879120876,0.967032967032992,578.0,660.0,593.0
2024-10-16 19:06:56.275,-33.84615384615384,84.74725274725273,0.0,0.967032967032992,578.0,660.0,594.0
2024-10-16 19:06:56.787,-34.285714285714306,85.80219780219781,-0.0879120879120876,0.967032967032992,577.0,660.0,594.0
2024-10-16 19:06:57.299,-34.637362637362656,86.76923076923077,0.0,0.967032967032992,578.0,660.0,594.0
2024-10-16 19:06:57.796,-35.076923076923094,87.82417582417582,-0.0879120879120876,0.967032967032992,578.0,660.0,594.0
2024-10-16 19:06:58.307,-35.428571428571445,88.79120879120879,0.0,0.967032967032992,578.0,660.0,594.0
2024-10-16 19:06:58.819,-35.86813186813188,89.75824175824175,-0.0879120879120876,0.967032967032992,578.0,661.0,594.0
2024-10-16 19:06:59.315,-36.30769230769232,90.8131868131868,-0.0879120879120876,0.967032967032992,578.0,661.0,594.0
2024-10-16 19:06:59.827,-36.65934065934067,91.69230769230768,-0.0879120879120876,0.967032967032992,578.0,662.0,595.0
2024-10-16 19:07:00.339,-37.09890109890111,92.74725274725273,-0.0879120879120876,0.967032967032992,578.0,661.0,595.0
2024-10-16 19:07:00.835,-37.45054945054946,93.80219780219781,-0.0879120879120876,0.967032967032992,578.0,662.0,595.0
2024-10-16 19:07:01.348,-37.8901098901099,94.76923076923077,-0.0879120879120876,0.967032967032992,578.0,662.0,595.0
2024-10-16 19:07:01.860,-38.24175824175825,95.82417582417582,0.0,0.967032967032992,578.0,663.0,595.0
2024-10-16 19:07:02.356,-38.681318681318686,96.79120879120879,-0.0879120879120876,0.967032967032992,578.0,663.0,595.0
2024-10-16 19:07:02.868,-39.032967032967036,97.75824175824175,-0.0879120879120876,0.967032967032992,578.0,663.0,596.0
2024-10-16 19:07:03.380,-39.472527472527474,98.8131868131868,0.0,0.967032967032992,578.0,664.0,596.0
2024-10-16 19:07:03.892,-39.91208791208791,99.69230769230768,0.0,0.967032967032992,578.0,664.0,596.0
2024-10-16 19:07:04.388,-40.26373626373626,100.74725274725273,-0.0879120879120876,0.967032967032992,578.0,664.0,596.0
2024-10-16 19:07:04.900,-40.7032967032967,101.80219780219781,0.0,0.967032967032992,578.0,664.0,596.0
2024-10-16 19:07:05.412,-41.05494505494505,102.68131868131869,-0.0879120879120876,0.967032967032992,578.0,664.0,596.0
2024-10-16 19:07:05.908,-41.49450549450549,103.82417582417582,0.0,0.967032967032992,578.0,665.0,596.0
2024-10-16 19:07:06.420,-41.84615384615384,104.79120879120879,0.0,0.967032967032992,578.0,665.0,596.0
2024-10-16 19:07:06.932,-42.285714285714306,105.75824175824175,0.0,0.967032967032992,578.0,665.0,596.0
2024-10-16 19:07:07.428,-42.637362637362656,106.8131868131868,-0.0879120879120876,0.967032967032992,578.0,665.0,597.0
2024-10-16 19:07:07.940,-43.076923076923094,107.69230769230768,-0.0879120879120876,0.967032967032992,578.0,665.0,597.0
2024-10-16 19:07:08.453,-43.428571428571445,108.74725274725273,-0.0879120879120876,0.967032967032992,578.0,666.0,597.0
2024-10-16 19:07:08.948,-43.86813186813188,109.71428571428572,-0.0879120879120876,0.967032967032992,578.0,666.0,597.0
2024-10-16 19:07:09.460,-44.30769230769232,110.76923076923077,-0.0879120879120876,0.967032967032992,579.0,666.0,597.0
2024-10-16 19:07:09.973,-44.65934065934067,111.73626373626374,-0.0879120879120876,0.967032967032992,578.0,666.0,598.0
2024-10-16 19:07:10.468,-45.09890109890111,112.7032967032967,-0.0879120879120876,0.967032967032992,579.0,667.0,597.0
2024-10-16 19:07:10.981,-45.45054945054946,113.75824175824175,-0.0879120879120876,0.967032967032992,578.0,667.0,598.0
2024-10-16 19:07:11.492,-45.8901098901099,114.8131868131868,-0.0879120879120876,0.967032967032992,578.0,667.0,598.0
2024-10-16 19:07:11.989,-46.24175824175825,115.78021978021977,0.0,0.967032967032992,578.0,667.0,598.0
2024-10-16 19:07:12.501,-46.681318681318686,116.65934065934064,-0.0879120879120876,0.967032967032992,578.0,668.0,598.0
2024-10-16 19:07:13.013,-47.032967032967036,117.71428571428572,0.0,0.967032967032992,578.0,668.0,598.0
2024-10-16 19:07:13.525,-47.472527472527474,118.5934065934066,-0.0879120879120876,0.967032967032992,578.0,668.0,598.0
2024-10-16 19:07:14.021,-47.91208791208791,119.73626373626374,0.0,0.967032967032992,579.0,669.0,598.0
2024-10-16 19:07:14.533,-48.26373626373626,120.7032967032967,0.0,0.967032967032992,579.0,669.0,599.0
2024-10-16 19:07:15.045,-48.7032967032967,121.75824175824175,-0.0879120879120876,0.967032967032992,579.0,669.0,599.0
2024-10-16 19:07:15.541,-49.05494505494505,122.72527472527472,0.0,0.967032967032992,579.0,670.0,599.0
2024-10-16 19:07:16.053,-49.49450549450549,123.69230769230768,-0.0879120879120876,0.967032967032992,579.0,670.0,600.0
2024-10-16 19:07:16.565,-49.84615384615384,124.65934065934064,-0.0879120879120876,0.967032967032992,579.0,670.0,600.0
2024-10-16 19:07:17.064,-50.285714285714306,125.71428571428572,-0.0879120879120876,0.967032967032992,579.0,670.0,600.0
2024-10-16 19:07:17.574,-50.637362637362656,126.68131868131869,-0.0879120879120876,0.967032967032992,579.0,671.0,600.0
2024-10-16 19:07:18.085,-51.076923076923094,127.73626373626374,-0.0879120879120876,0.967032967032992,579.0,671.0,600.0
2024-10-16 19:07:18.597,-51.428571428571445,128.7032967032967,0.0,0.967032967032992,579.0,671.0,600.0
2024-10-16 19:07:19.094,-51.86813186813188,129.67032967032966,-0.0879120879120876,0.967032967032992,579.0,671.0,600.0
2024-10-16 19:07:19.605,-52.30769230769232,130.72527472527472,-0.0879120879120876,0.967032967032992,579.0,672.0,601.0
2024-10-16 19:07:20.102,-52.65934065934067,131.78021978021977,-0.0879120879120876,0.967032967032992,579.0,672.0,601.0
2024-10-16 19:07:20.614,-53.09890109890111,132.65934065934064,0.0,0.967032967032992,579.0,672.0,601.0
2024-10-16 19:07:21.126,-53.45054945054946,133.6263736263736,-0.0879120879120876,0.967032967032992,579.0,672.0,601.0
2024-10-16 19:07:21.638,-53.8901098901099,134.6813186813187,-0.0879120879120876,1.0549450549450512,579.0,673.0,601.0
2024-10-16 19:07:22.134,-54.24175824175825,135.73626373626374,0.0,0.967032967032992,579.0,673.0,601.0
2024-10-16 19:07:22.646,-54.681318681318686,136.7032967032967,-0.0879120879120876,0.967032967032992,579.0,673.0,601.0
2024-10-16 19:07:23.158,-55.032967032967036,137.67032967032966,-0.0879120879120876,0.967032967032992,579.0,674.0,601.0
2024-10-16 19:07:23.654,-55.472527472527474,138.63736263736263,0.0,1.0549450549450512,579.0,674.0,602.0
2024-10-16 19:07:24.166,-55.91208791208791,139.6043956043956,-0.0879120879120876,0.967032967032992,579.0,674.0,602.0
2024-10-16 19:07:24.678,-56.26373626373626,140.57142857142856,0.0,0.967032967032992,579.0,674.0,602.0
2024-10-16 19:07:25.174,-56.61538461538461,141.71428571428572,0.0,0.967032967032992,579.0,675.0,602.0
2024-10-16 19:07:25.686,-57.05494505494505,142.6813186813187,0.0,0.967032967032992,579.0,675.0,602.0
2024-10-16 19:07:26.198,-57.49450549450549,143.73626373626374,0.0,0.967032967032992,580.0,675.0,602.0
2024-10-16 19:07:26.694,-57.84615384615384,144.7032967032967,-0.0879120879120876,0.967032967032992,579.0,675.0,602.0
2024-10-16 19:07:27.207,-58.285714285714306,145.67032967032966,-0.0879120879120876,0.967032967032992,579.0,676.0,603.0
2024-10-16 19:07:27.718,-58.637362637362656,146.63736263736263,-0.0879120879120876,0.967032967032992,579.0,676.0,603.0
2024-10-16 19:07:28.214,-59.076923076923094,147.69230769230768,-0.0879120879120876,0.967032967032992,579.0,676.0,603.0
2024-10-16 19:07:28.726,-59.428571428571445,148.57142857142856,-0.0879120879120876,0.967032967032992,579.0,676.0,603.0
2024-10-16 19:07:29.238,-59.86813186813188,149.6263736263736,0.0,0.967032967032992,579.0,676.0,603.0
2024-10-16 19:07:29.734,-59.60439560439562,148.9230769230769,-0.0879120879120876,0.967032967032992,579.0,676.0,603.0
2024-10-16 19:07:30.246,-59.25274725274727,147.95604395604394,-0.0879120879120876,1.0549450549450512,579.0,675.0,603.0
2024-10-16 19:07:30.758,-58.725274725274744,146.98901098901098,-0.0879120879120876,0.967032967032992,579.0,674.0,602.0
2024-10-16 19:07:31.271,-58.46153846153848,145.93406593406593,-0.0879120879120876,0.967032967032992,579.0,674.0,601.0
2024-10-16 19:07:31.766,-58.021978021978015,145.05494505494505,-0.0879120879120876,0.967032967032992,579.0,673.0,602.0
2024-10-16 19:07:32.279,-57.58241758241758,144.0,-0.0879120879120876,0.967032967032992,578.0,673.0,601.0
2024-10-16 19:07:32.790,-57.14285714285714,143.03296703296704,-0.0879120879120876,0.967032967032992,578.0,672.0,601.0
2024-10-16 19:07:33.286,-56.879120879120876,141.97802197802199,-0.0879120879120876,0.967032967032992,578.0,672.0,601.0
2024-10-16 19:07:33.799,-56.43956043956044,140.9230769230769,0.0,0.967032967032992,578.0,671.0,600.0
2024-10-16 19:07:34.311,-56.08791208791209,139.95604395604394,-0.0879120879120876,0.967032967032992,578.0,670.0,600.0
2024-10-16 19:07:34.807,-55.64835164835165,138.98901098901098,0.0,0.967032967032992,578.0,670.0,600.0
2024-10-16 19:07:35.319,-55.20879120879121,138.02197802197801,-0.0879120879120876,0.967032967032992,577.0,669.0,600.0
2024-10-16 19:07:35.831,-54.85714285714286,137.05494505494505,-0.0879120879120876,0.967032967032992,577.0,668.0,599.0
2024-10-16 19:07:36.343,-54.41758241758242,136.0,-0.0879120879120876,0.967032967032992,577.0,668.0,599.0
2024-10-16 19:07:36.839,-54.06593406593407,135.03296703296704,0.0,0.967032967032992,577.0,667.0,599.0
2024-10-16 19:07:37.351,-53.626373626373635,133.97802197802199,-0.0879120879120876,0.967032967032992,577.0,667.0,599.0
2024-10-16 19:07:37.863,-53.274725274725284,133.010989010989,-0.0879120879120876,0.967032967032992,577.0,666.0,598.0
2024-10-16 19:07:38.359,-52.835164835164846,131.95604395604394,0.0,0.967032967032992,577.0,666.0,598.0
2024-10-16 19:07:38.872,-52.39560439560441,131.07692307692307,0.0,0.967032967032992,577.0,666.0,598.0
2024-10-16 19:07:39.383,-51.95604395604397,130.02197802197801,-0.0879120879120876,0.967032967032992,576.0,665.0,598.0
2024-10-16 19:07:39.879,-51.60439560439562,128.96703296703296,0.0,0.967032967032992,577.0,665.0,598.0
2024-10-16 19:07:40.391,-51.25274725274727,128.0879120879121,-0.0879120879120876,0.967032967032992,576.0,665.0,597.0
2024-10-16 19:07:40.904,-50.81318681318683,127.03296703296704,-0.0879120879120876,0.967032967032992,576.0,664.0,597.0
2024-10-16 19:07:41.400,-50.46153846153848,126.06593406593407,-0.0879120879120876,0.967032967032992,576.0,664.0,597.0
2024-10-16 19:07:41.912,-49.93406593406593,125.010989010989,0.0,0.967032967032992,576.0,663.0,597.0
2024-10-16 19:07:42.423,-49.670329670329664,124.04395604395603,-0.0879120879120876,0.967032967032992,576.0,663.0,597.0
2024-10-16 19:07:42.920,-49.230769230769226,123.07692307692307,0.0,0.967032967032992,576.0,663.0,596.0
2024-10-16 19:07:43.432,-48.879120879120876,122.02197802197801,-0.0879120879120876,0.967032967032992,576.0,662.0,596.0
2024-10-16 19:07:43.943,-48.35164835164835,121.05494505494505,0.0,0.967032967032992,576.0,662.0,596.0
2024-10-16 19:07:44.456,-48.08791208791209,120.0,-0.0879120879120876,0.967032967032992,576.0,662.0,596.0
2024-10-16 19:07:44.952,-47.56043956043956,119.03296703296704,-0.0879120879120876,0.967032967032992,576.0,661.0,596.0
2024-10-16 19:07:45.464,-47.20879120879121,118.06593406593407,0.0,0.967032967032992,576.0,661.0,595.0
2024-10-16 19:07:45.976,-46.85714285714286,117.010989010989,0.0,0.967032967032992,576.0,660.0,595.0
2024-10-16 19:07:46.472,-46.41758241758242,116.04395604395603,-0.0879120879120876,0.967032967032992,576.0,660.0,595.0
2024-10-16 19:07:46.984,-46.06593406593407,115.07692307692307,-0.0879120879120876,0.967032967032992,576.0,660.0,595.0
2024-10-16 19:07:47.496,-45.53846153846155,114.1098901098901,-0.0879120879120876,0.967032967032992,576.0,659.0,595.0
2024-10-16 19:07:47.992,-45.274725274725284,113.05494505494505,-0.0879120879120876,0.967032967032992,575.0,660.0,595.0
2024-10-16 19:07:48.504,-44.835164835164846,112.08791208791209,-0.0879120879120876,0.967032967032992,575.0,659.0,595.0
2024-10-16 19:07:49.016,-44.483516483516496,111.03296703296704,0.0,0.967032967032992,575.0,659.0,595.0
2024-10-16 19:07:49.513,-44.04395604395606,110.06593406593407,-0.0879120879120876,0.967032967032992,575.0,659.0,594.0
2024-10-16 19:07:50.041,-43.60439560439562,109.010989010989,-0.0879120879120876,0.967032967032992,575.0,658.0,594.0
2024-10-16 19:07:50.553,-43.25274725274727,108.04395604395603,0.0,0.967032967032992,576.0,658.0,594.0
2024-10-16 19:07:51.033,-42.81318681318683,107.07692307692307,-0.0879120879120876,0.967032967032992,576.0,658.0,594.0
2024-10-16 19:07:51.545,-42.46153846153848,106.02197802197801,-0.0879120879120876,0.967032967032992,575.0,658.0,594.0
2024-10-16 19:07:52.057,-42.021978021978015,105.05494505494505,-0.0879120879120876,0.967032967032992,575.0,657.0,593.0
2024-10-16 19:07:52.553,-41.670329670329664,104.08791208791209,0.0,0.967032967032992,575.0,657.0,593.0
2024-10-16 19:07:53.065,-41.230769230769226,103.03296703296704,-0.0879120879120876,0.967032967032992,575.0,657.0,593.0
2024-10-16 19:07:53.577,-40.79120879120879,102.06593406593407,-0.0879120879120876,0.967032967032992,575.0,657.0,593.0
2024-10-16 19:07:54.089,-40.43956043956044,101.010989010989,-0.0879120879120876,0.967032967032992,575.0,656.0,593.0
2024-10-16 19:07:54.585,-40.08791208791209,100.04395604395603,-0.0879120879120876,0.967032967032992,575.0,656.0,593.0
2024-10-16 19:07:55.098,-39.64835164835165,99.07692307692307,0.0,0.967032967032992,575.0,656.0,592.0
2024-10-16 19:07:55.609,-39.20879120879121,98.02197802197801,-0.0879120879120876,0.967032967032992,575.0,656.0,592.0
2024-10-16 19:07:56.105,-38.769230769230774,97.05494505494505,-0.0879120879120876,0.967032967032992,575.0,655.0,592.0
2024-10-16 19:07:56.617,-38.41758241758242,96.08791208791209,0.0,0.967032967032992,575.0,655.0,592.0
2024-10-16 19:07:57.129,-37.978021978021985,95.03296703296704,0.0,0.967032967032992,575.0,655.0,591.0
2024-10-16 19:07:57.625,-37.626373626373635,94.06593406593407,-0.0879120879120876,0.967032967032992,575.0,654.0,591.0
2024-10-16 19:07:58.138,-37.1868131868132,93.09890109890108,-0.0879120879120876,0.967032967032992,575.0,655.0,591.0
2024-10-16 19:07:58.649,-36.74725274725276,92.04395604395603,-0.0879120879120876,0.967032967032992,576.0,654.0,591.0
2024-10-16 19:07:59.162,-36.483516483516496,91.07692307692307,-0.0879120879120876,0.967032967032992,575.0,654.0,591.0
2024-10-16 19:07:59.658,-36.04395604395606,90.02197802197801,-0.0879120879120876,0.967032967032992,575.0,654.0,591.0
2024-10-16 19:08:00.170,-35.51648351648353,89.05494505494505,-0.0879120879120876,0.967032967032992,575.0,654.0,590.0
2024-10-16 19:08:00.666,-35.25274725274727,88.08791208791209,-0.0879120879120876,0.967032967032992,575.0,653.0,590.0
2024-10-16 19:08:01.178,-34.81318681318683,87.03296703296704,0.0,0.967032967032992,575.0,653.0,590.0
2024-10-16 19:08:01.690,-34.46153846153848,86.06593406593407,-0.0879120879120876,0.967032967032992,575.0,653.0,590.0
2024-10-16 19:08:02.202,-34.021978021978015,85.010989010989,0.0,0.967032967032992,575.0,653.0,590.0
2024-10-16 19:08:02.698,-33.670329670329664,84.04395604395603,-0.0879120879120876,0.967032967032992,575.0,653.0,590.0
2024-10-16 19:08:03.210,-33.14285714285714,83.07692307692307,-0.0879120879120876,0.967032967032992,575.0,652.0,590.0
2024-10-16 19:08:03.722,-32.79120879120879,82.02197802197801,-0.0879120879120876,0.967032967032992,575.0,652.0,589.0
2024-10-16 19:08:04.234,-32.35164835164835,81.05494505494505,0.0,0.967032967032992,575.0,652.0,589.0
2024-10-16 19:08:04.730,-32.0,80.08791208791209,-0.0879120879120876,0.967032967032992,575.0,652.0,589.0
2024-10-16 19:08:05.243,-31.560439560439562,79.03296703296702,0.0,0.967032967032992,575.0,652.0,589.0
2024-10-16 19:08:05.738,-31.20879120879121,78.06593406593406,-0.0879120879120876,0.967032967032992,575.0,652.0,589.0
2024-10-16 19:08:06.250,-30.85714285714286,77.01098901098901,-0.0879120879120876,0.967032967032992,575.0,651.0,588.0
2024-10-16 19:08:06.762,-30.329670329670336,76.04395604395604,-0.0879120879120876,0.967032967032992,575.0,651.0,588.0
2024-10-16 19:08:07.274,-29.978021978021985,75.07692307692307,0.0,0.967032967032992,575.0,651.0,588.0
2024-10-16 19:08:07.771,-29.626373626373635,74.02197802197801,0.0,0.967032967032992,575.0,651.0,588.0
2024-10-16 19:08:08.282,-29.274725274725284,73.05494505494505,-0.0879120879120876,0.967032967032992,575.0,650.0,588.0
2024-10-16 19:08:08.795,-28.74725274725276,72.08791208791209,0.0,0.967032967032992,575.0,650.0,588.0
2024-10-16 19:08:09.291,-28.39560439560441,71.03296703296702,-0.0879120879120876,0.967032967032992,575.0,650.0,587.0
2024-10-16 19:08:09.803,-27.95604395604397,70.06593406593406,-0.0879120879120876,0.967032967032992,575.0,650.0,587.0
2024-10-16 19:08:10.298,-27.516483516483532,69.01098901098901,-0.0879120879120876,0.967032967032992,575.0,650.0,587.0
2024-10-16 19:08:10.811,-27.25274725274727,68.04395604395604,-0.0879120879120876,0.967032967032992,575.0,650.0,587.0
2024-10-16 19:08:11.323,-26.81318681318683,67.07692307692307,0.0,0.967032967032992,575.0,649.0,587.0
2024-10-16 19:08:11.835,-26.373626373626394,66.02197802197801,-0.0879120879120876,0.967032967032992,575.0,649.0,587.0
2024-10-16 19:08:12.331,-25.934065934065927,65.05494505494505,0.0,0.967032967032992,576.0,649.0,586.0
2024-10-16 19:08:12.843,-25.582417582417577,64.08791208791209,-0.0879120879120876,0.967032967032992,575.0,649.0,586.0
2024-10-16 19:08:13.354,-25.14285714285714,63.03296703296702,0.0,0.967032967032992,576.0,648.0,586.0
2024-10-16 19:08:13.851,-24.879120879120876,62.06593406593406,-0.0879120879120876,0.967032967032992,576.0,649.0,586.0
2024-10-16 19:08:14.363,-24.439560439560438,61.01098901098901,0.0,0.967032967032992,576.0,648.0,586.0
2024-10-16 19:08:14.875,-24.0,60.043956043956044,-0.0879120879120876,0.967032967032992,575.0,648.0,586.0
2024-10-16 19:08:15.371,-23.560439560439562,59.076923076923066,-0.0879120879120876,0.967032967032992,575.0,648.0,585.0
2024-10-16 19:08:15.883,-23.20879120879121,58.021978021978015,-0.0879120879120876,0.967032967032992,576.0,648.0,585.0
2024-10-16 19:08:16.396,-22.769230769230774,57.05494505494505,-0.0879120879120876,0.967032967032992,576.0,648.0,585.0
2024-10-16 19:08:16.907,-22.417582417582423,56.08791208791209,-0.0879120879120876,0.967032967032992,576.0,647.0,585.0
2024-10-16 19:08:17.403,-21.978021978021985,55.03296703296702,-0.0879120879120876,0.967032967032992,576.0,647.0,585.0
2024-10-16 19:08:17.915,-21.538461538461547,54.06593406593406,-0.0879120879120876,0.967032967032992,576.0,647.0,584.0
2024-10-16 19:08:18.427,-21.186813186813197,53.01098901098901,-0.0879120879120876,0.967032967032992,576.0,647.0,584.0
2024-10-16 19:08:18.923,-20.835164835164846,52.043956043956044,-0.0879120879120876,0.967032967032992,576.0,647.0,584.0
2024-10-16 19:08:19.435,-20.483516483516496,51.076923076923066,-0.0879120879120876,0.967032967032992,575.0,647.0,584.0
2024-10-16 19:08:19.948,-20.043956043956058,50.021978021978015,-0.0879120879120876,0.967032967032992,576.0,647.0,584.0
2024-10-16 19:08:20.443,-19.516483516483532,49.05494505494505,-0.0879120879120876,0.967032967032992,576.0,646.0,584.0
2024-10-16 19:08:20.955,-19.164835164835182,48.08791208791209,-0.0879120879120876,0.967032967032992,576.0,646.0,584.0
2024-10-16 19:08:21.468,-18.725274725274744,47.03296703296702,0.0,0.967032967032992,576.0,646.0,583.0
2024-10-16 19:08:21.964,-18.373626373626394,46.06593406593406,0.0,0.967032967032992,576.0,646.0,583.0
2024-10-16 19:08:22.476,-18.021978021978015,45.01098901098901,0.0,0.967032967032992,576.0,646.0,583.0
2024-10-16 19:08:23.004,-17.670329670329664,44.043956043956044,0.0,0.967032967032992,576.0,646.0,583.0
2024-10-16 19:08:23.484,-17.230769230769226,43.076923076923066,-0.0879120879120876,0.967032967032992,576.0,646.0,583.0
2024-10-16 19:08:23.996,-16.79120879120879,42.021978021978015,-0.0879120879120876,0.967032967032992,576.0,645.0,582.0
2024-10-16 19:08:24.508,-16.35164835164835,41.05494505494505,0.0,0.967032967032992,576.0,645.0,582.0
2024-10-16 19:08:25.020,-16.0,40.08791208791209,-0.0879120879120876,0.967032967032992,576.0,645.0,582.0
2024-10-16 19:08:25.516,-15.560439560439562,39.03296703296702,-0.0879120879120876,0.967032967032992,576.0,645.0,582.0
2024-10-16 19:08:26.028,-15.208791208791212,38.06593406593406,-0.0879120879120876,0.967032967032992,576.0,645.0,582.0
2024-10-16 19:08:26.541,-14.857142857142861,37.01098901098901,-0.0879120879120876,0.967032967032992,576.0,645.0,582.0
2024-10-16 19:08:27.068,-14.329670329670336,36.043956043956044,-0.0879120879120876,0.967032967032992,576.0,645.0,582.0
2024-10-16 19:08:27.549,-13.978021978021985,35.076923076923066,-0.0879120879120876,0.967032967032992,576.0,645.0,582.0
2024-10-16 19:08:28.060,-13.538461538461547,34.021978021978015,-0.0879120879120876,0.967032967032992,576.0,644.0,582.0
2024-10-16 19:08:28.557,-13.186813186813197,33.05494505494505,-0.0879120879120876,0.967032967032992,576.0,644.0,582.0
2024-10-16 19:08:29.068,-12.923076923076934,32.08791208791209,-0.0879120879120876,0.967032967032992,576.0,644.0,582.0
2024-10-16 19:08:29.581,-12.483516483516496,31.032967032967022,-0.0879120879120876,0.967032967032992,576.0,644.0,581.0
2024-10-16 19:08:30.093,-11.956043956043956,30.06593406593406,-0.0879120879120876,0.967032967032992,576.0,644.0,581.0
2024-10-16 19:08:30.589,-11.604395604395606,29.010989010989007,-0.0879120879120876,0.967032967032992,576.0,644.0,581.0
2024-10-16 19:08:31.101,-11.252747252747255,28.043956043956044,0.0,0.879120879120876,576.0,644.0,581.0
2024-10-16 19:08:31.613,-10.72527472527473,27.076923076923066,-0.0879120879120876,0.879120879120876,576.0,644.0,581.0
2024-10-16 19:08:32.109,-10.461538461538467,26.021978021978015,-0.0879120879120876,0.879120879120876,576.0,644.0,581.0
2024-10-16 19:08:32.621,-9.934065934065941,25.05494505494505,-0.0879120879120876,0.967032967032992,576.0,644.0,581.0
2024-10-16 19:08:33.133,-9.582417582417591,24.175824175824175,0.0,0.879120879120876,576.0,644.0,581.0
2024-10-16 19:08:33.632,-9.23076923076924,23.12087912087911,-0.0879120879120876,0.879120879120876,577.0,644.0,580.0
2024-10-16 19:08:34.141,-8.791208791208803,22.06593406593406,-0.0879120879120876,0.879120879120876,577.0,644.0,580.0
2024-10-16 19:08:34.653,-8.351648351648365,21.010989010989007,-0.0879120879120876,0.879120879120876,576.0,643.0,580.0
2024-10-16 19:08:35.149,-8.0,20.043956043956044,0.0,0.879120879120876,577.0,643.0,580.0
2024-10-16 19:08:35.661,-7.560439560439562,19.076923076923066,-0.0879120879120876,0.879120879120876,577.0,643.0,580.0
2024-10-16 19:08:36.173,-7.120879120879124,18.021978021978015,-0.0879120879120876,0.879120879120876,577.0,643.0,580.0
2024-10-16 19:08:36.670,-6.857142857142861,17.05494505494505,-0.0879120879120876,0.879120879120876,577.0,643.0,580.0
2024-10-16 19:08:37.182,-6.417582417582423,16.087912087912088,0.0,0.879120879120876,577.0,643.0,580.0
2024-10-16 19:08:37.693,-5.978021978021985,15.032967032967036,-0.0879120879120876,0.879120879120876,577.0,643.0,580.0
2024-10-16 19:08:38.190,-5.538461538461547,14.065934065934059,0.0,0.879120879120876,577.0,643.0,580.0
2024-10-16 19:08:38.702,-5.274725274725284,13.010989010989007,-0.0879120879120876,0.879120879120876,577.0,643.0,580.0
2024-10-16 19:08:39.214,-4.747252747252759,12.04395604395603,-0.0879120879120876,0.879120879120876,577.0,643.0,580.0
2024-10-16 19:08:39.726,-4.483516483516496,11.076923076923066,0.0,0.879120879120876,577.0,643.0,579.0
2024-10-16 19:08:40.222,-3.956043956043956,10.021978021978015,-0.0879120879120876,0.879120879120876,577.0,643.0,580.0
2024-10-16 19:08:40.734,-3.604395604395606,9.054945054945051,-0.0879120879120876,0.879120879120876,577.0,643.0,580.0
2024-10-16 19:08:41.246,-3.164835164835168,8.087912087912088,0.0,0.879120879120876,577.0,643.0,579.0
2024-10-16 19:08:41.743,-2.72527472527473,7.032967032967036,0.0,0.879120879120876,577.0,643.0,579.0
2024-10-16 19:08:42.254,-2.461538461538467,6.065934065934059,0.0,0.879120879120876,577.0,643.0,579.0
2024-10-16 19:08:42.766,-1.9340659340659414,5.010989010988993,-0.0879120879120876,0.879120879120876,577.0,643.0,579.0
2024-10-16 19:08:43.262,-1.582417582417591,4.04395604395603,0.0,0.879120879120876,577.0,643.0,579.0
2024-10-16 19:08:43.774,-1.2307692307692406,3.076923076923066,-0.0879120879120876,0.879120879120876,577.0,643.0,579.0
2024-10-16 19:08:44.302,-0.7912087912088026,2.021978021978015,-0.0879120879120876,0.879120879120876,577.0,643.0,579.0
2024-10-16 19:08:44.798,-0.3516483516483646,1.0549450549450512,-0.0879120879120876,0.879120879120876,577.0,643.0,579.0
